{"type":"FeatureCollection","schemaVersion":1,"source":{"publisher":"Valmyndigheten","dataset":"Valdistrikt i val 2022 — kartor, dissolved to municipality boundaries","sourceUrl":"https://www.val.se/valresultat-och-statistik/statistik-och-data/radata-fran-val-2002-2022","retrievedAt":"2026-08-21","geometryDate":"2022-09-10","sourceCoordinateReferenceSystem":"EPSG:3006 (SWEREF 99 TM)","normalizedCoordinateReferenceSystem":"EPSG:4326 (WGS 84)","attribution":"Valmyndigheten; source geometry supplied by the county administrative boards","classification":"OFFICIAL","transformation":"mapshaper@0.6.113: clean, dissolve by municipality code, retain 5% of removable vertices, reproject to WGS 84"},"features":[{"type":"Feature","properties":{"code":"0114","name":"Upplands Väsby"},"geometry":{"type":"Polygon","coordinates":[[[17.8073,59.5756],[17.8086,59.5682],[17.8109,59.5341],[17.8357,59.5271],[17.832,59.5221],[17.7992,59.5089],[17.8104,59.5086],[17.8218,59.5017],[17.828,59.4947],[17.8411,59.4896],[17.8355,59.4775],[17.8327,59.4757],[17.864,59.4805],[17.8672,59.4833],[17.8674,59.4921],[17.8801,59.4903],[17.8872,59.4913],[17.9079,59.4832],[17.9204,59.4962],[17.9233,59.4969],[17.9262,59.4961],[17.9333,59.4926],[17.9433,59.4886],[17.9488,59.4864],[17.9588,59.477],[17.9808,59.4687],[17.9795,59.4654],[17.9896,59.4638],[17.9961,59.4573],[17.9976,59.4699],[18.0005,59.4783],[17.9981,59.4803],[17.9868,59.4857],[17.9867,59.4917],[17.9817,59.4977],[17.9914,59.4996],[18.0005,59.5068],[18.0092,59.5079],[18.0145,59.5234],[18.0008,59.5204],[18.0007,59.5279],[17.9915,59.5341],[17.9833,59.5356],[17.9786,59.5431],[17.9679,59.5451],[17.9708,59.5485],[17.9677,59.553],[17.9695,59.5593],[17.956,59.5584],[17.9465,59.5559],[17.9199,59.5641],[17.9105,59.5575],[17.896,59.554],[17.8816,59.5546],[17.8729,59.552],[17.8502,59.5585],[17.8537,59.5659],[17.8476,59.5696],[17.831,59.5701],[17.8254,59.5725],[17.8073,59.5756]]]}},{"type":"Feature","properties":{"code":"0115","name":"Vallentuna"},"geometry":{"type":"Polygon","coordinates":[[[18.0134,59.5708],[18.0067,59.5676],[17.9964,59.5657],[17.9846,59.5661],[17.976,59.5621],[17.9708,59.5485],[17.9679,59.5451],[17.9786,59.5431],[17.9833,59.5356],[17.9915,59.5341],[18.0007,59.5279],[18.0008,59.5204],[18.0145,59.5234],[18.0092,59.5079],[18.0154,59.507],[18.02,59.5112],[18.0383,59.5087],[18.0559,59.5058],[18.0658,59.5048],[18.078,59.5052],[18.0781,59.5052],[18.0964,59.5034],[18.1132,59.5018],[18.1158,59.4956],[18.1244,59.4934],[18.1387,59.4924],[18.1386,59.4888],[18.1469,59.4857],[18.1416,59.4923],[18.1488,59.4975],[18.1672,59.503],[18.1717,59.5032],[18.197,59.498],[18.2019,59.4923],[18.2049,59.4935],[18.2114,59.4965],[18.2195,59.5042],[18.2317,59.5058],[18.2463,59.5054],[18.258,59.507],[18.2575,59.5108],[18.2631,59.5148],[18.2603,59.524],[18.2879,59.5279],[18.2992,59.5309],[18.3184,59.5331],[18.3283,59.5441],[18.3521,59.5461],[18.3783,59.5444],[18.3807,59.5532],[18.3743,59.5575],[18.4026,59.5628],[18.4167,59.558],[18.4209,59.5622],[18.4372,59.5664],[18.4275,59.5919],[18.4146,59.5985],[18.3873,59.6027],[18.3933,59.6134],[18.392,59.6202],[18.3804,59.6275],[18.375,59.6288],[18.3774,59.6342],[18.3835,59.6397],[18.3895,59.6514],[18.3797,59.6552],[18.3652,59.6555],[18.3532,59.6617],[18.3346,59.6736],[18.3208,59.6891],[18.3163,59.6854],[18.3046,59.6807],[18.2991,59.6767],[18.2932,59.6793],[18.2908,59.6853],[18.2859,59.6863],[18.2751,59.6832],[18.2523,59.6736],[18.2252,59.668],[18.213,59.6702],[18.2079,59.668],[18.1953,59.6702],[18.1809,59.6677],[18.172,59.6695],[18.1588,59.6683],[18.1533,59.6836],[18.1281,59.6772],[18.1301,59.6704],[18.1181,59.6682],[18.1068,59.6628],[18.0919,59.6587],[18.0888,59.6563],[18.0937,59.6503],[18.0923,59.6435],[18.0959,59.6367],[18.0661,59.6371],[18.049,59.6358],[18.0296,59.6357],[18.0154,59.6378],[18.0205,59.626],[18.0132,59.6238],[18.015,59.6164],[18.0133,59.61],[18.0168,59.5931],[18.0068,59.5736],[18.0134,59.5708]]]}},{"type":"Feature","properties":{"code":"0117","name":"Österåker"},"geometry":{"type":"Polygon","coordinates":[[[18.3746,59.44],[18.3942,59.4422],[18.4118,59.4437],[18.4329,59.4504],[18.4357,59.4583],[18.4478,59.4596],[18.467,59.457],[18.4751,59.4633],[18.493,59.4671],[18.5125,59.4467],[18.5328,59.4201],[18.565,59.4205],[18.5735,59.4128],[18.5928,59.4004],[18.6117,59.4045],[18.6225,59.4053],[18.6199,59.4102],[18.6244,59.4163],[18.622,59.4267],[18.6272,59.4298],[18.6308,59.4375],[18.6382,59.445],[18.6359,59.4543],[18.6725,59.4622],[18.6873,59.4706],[18.7121,59.4633],[18.7262,59.4651],[18.7317,59.4643],[18.7435,59.4554],[18.7509,59.4555],[18.7673,59.4508],[18.7933,59.4551],[18.8285,59.4644],[18.8395,59.4713],[18.8676,59.4736],[18.8736,59.4596],[18.8873,59.4588],[18.9132,59.4653],[18.9372,59.4826],[18.9734,59.4969],[19.002,59.5157],[18.9669,59.5391],[18.9273,59.5378],[18.9158,59.5454],[18.8612,59.5457],[18.8467,59.5479],[18.8378,59.5573],[18.8112,59.5546],[18.7845,59.5502],[18.7677,59.5516],[18.7374,59.5496],[18.7319,59.5516],[18.7368,59.5686],[18.7341,59.5766],[18.726,59.5823],[18.7,59.579],[18.6855,59.5784],[18.679,59.5746],[18.6712,59.5736],[18.6431,59.5898],[18.6344,59.5818],[18.6133,59.5821],[18.608,59.587],[18.5964,59.5829],[18.5866,59.5912],[18.5821,59.5995],[18.5694,59.5956],[18.557,59.5873],[18.5493,59.5946],[18.5376,59.595],[18.4999,59.5901],[18.4931,59.5973],[18.4798,59.5861],[18.479,59.5736],[18.4662,59.5643],[18.4453,59.5595],[18.4372,59.5664],[18.4209,59.5622],[18.4167,59.558],[18.4026,59.5628],[18.3743,59.5575],[18.3807,59.5532],[18.3783,59.5444],[18.3521,59.5461],[18.3283,59.5441],[18.3184,59.5331],[18.2992,59.5309],[18.2879,59.5279],[18.2603,59.524],[18.2631,59.5148],[18.2575,59.5108],[18.258,59.507],[18.2463,59.5054],[18.2317,59.5058],[18.2195,59.5042],[18.2114,59.4965],[18.2049,59.4935],[18.2019,59.4923],[18.197,59.498],[18.1717,59.5032],[18.1672,59.503],[18.1488,59.4975],[18.1416,59.4923],[18.1469,59.4857],[18.141,59.4813],[18.1421,59.4777],[18.1488,59.4739],[18.1537,59.4678],[18.1424,59.4583],[18.1385,59.4533],[18.1399,59.4405],[18.1461,59.4373],[18.144,59.4335],[18.1222,59.413],[18.1215,59.4124],[18.1212,59.4121],[18.1686,59.4346],[18.1875,59.4307],[18.1911,59.4211],[18.2097,59.4141],[18.2238,59.4243],[18.222,59.4319],[18.2301,59.4334],[18.2476,59.432],[18.2656,59.4321],[18.2937,59.4296],[18.298,59.4373],[18.3144,59.4435],[18.3189,59.4505],[18.3467,59.4447],[18.3608,59.4371],[18.3746,59.44]]]}},{"type":"Feature","properties":{"code":"0120","name":"Värmdö"},"geometry":{"type":"Polygon","coordinates":[[[18.3366,59.3665],[18.3384,59.3616],[18.3463,59.3591],[18.3515,59.3466],[18.3685,59.3406],[18.3666,59.3363],[18.3413,59.329],[18.3331,59.3282],[18.3192,59.3196],[18.3256,59.3125],[18.3237,59.3097],[18.3218,59.3068],[18.3237,59.29],[18.3206,59.2859],[18.3256,59.279],[18.3345,59.2776],[18.3485,59.2729],[18.3745,59.2661],[18.3889,59.2635],[18.406,59.2551],[18.4182,59.2414],[18.4334,59.2357],[18.4684,59.2195],[18.4944,59.2072],[18.5185,59.2013],[18.5862,59.1934],[18.5733,59.1676],[18.5677,59.1442],[18.5478,59.141],[18.5908,59.1031],[18.5613,59.0805],[18.5471,59.0806],[18.5772,59.0592],[18.5913,59.0582],[18.6737,59.0011],[18.6765,58.9996],[18.9412,58.8571],[19.0703,58.9216],[19.0947,58.9347],[19.4555,59.1578],[19.5931,59.2072],[19.3715,59.3715],[19.2857,59.3932],[19.3182,59.4454],[19.3513,59.4614],[19.3572,59.48],[19.3587,59.4846],[19.2898,59.5035],[19.2652,59.5029],[19.2431,59.496],[19.2056,59.4695],[19.0671,59.4962],[19.0273,59.5141],[19.002,59.5157],[18.9734,59.4969],[18.9372,59.4826],[18.9132,59.4653],[18.8873,59.4588],[18.8736,59.4596],[18.8676,59.4736],[18.8395,59.4713],[18.8285,59.4644],[18.7933,59.4551],[18.7673,59.4508],[18.7509,59.4555],[18.7435,59.4554],[18.7317,59.4643],[18.7262,59.4651],[18.7121,59.4633],[18.6873,59.4706],[18.6725,59.4622],[18.6359,59.4543],[18.6382,59.445],[18.6308,59.4375],[18.6272,59.4298],[18.622,59.4267],[18.6244,59.4163],[18.6199,59.4102],[18.6225,59.4053],[18.6117,59.4045],[18.5928,59.4004],[18.5735,59.4128],[18.565,59.4205],[18.5328,59.4201],[18.5125,59.4467],[18.493,59.4671],[18.4751,59.4633],[18.467,59.457],[18.4478,59.4596],[18.4357,59.4583],[18.4329,59.4504],[18.4118,59.4437],[18.3942,59.4422],[18.3746,59.44],[18.3895,59.4267],[18.3975,59.4238],[18.3967,59.4209],[18.4158,59.4128],[18.4482,59.394],[18.4389,59.3864],[18.4504,59.3689],[18.4406,59.3521],[18.4068,59.362],[18.3768,59.3648],[18.3715,59.3616],[18.3593,59.3633],[18.3555,59.3664],[18.3366,59.3665]]]}},{"type":"Feature","properties":{"code":"0123","name":"Järfälla"},"geometry":{"type":"Polygon","coordinates":[[[17.7992,59.5089],[17.7991,59.5071],[17.7936,59.4929],[17.7958,59.4871],[17.7919,59.4722],[17.7971,59.4676],[17.7932,59.4641],[17.7881,59.4602],[17.7734,59.4486],[17.7687,59.444],[17.7644,59.4398],[17.7599,59.4296],[17.7569,59.4286],[17.7321,59.4206],[17.7463,59.4119],[17.7493,59.4077],[17.7559,59.3984],[17.7607,59.3918],[17.7795,59.3984],[17.792,59.3933],[17.8016,59.3917],[17.8172,59.3992],[17.8234,59.3942],[17.8272,59.3915],[17.8257,59.3852],[17.8251,59.3824],[17.8284,59.3813],[17.8397,59.3813],[17.847,59.3859],[17.8536,59.3885],[17.863,59.3911],[17.8694,59.3964],[17.8775,59.3985],[17.8721,59.4021],[17.8889,59.4065],[17.896,59.4116],[17.8989,59.4157],[17.8956,59.4199],[17.8912,59.4254],[17.878,59.4283],[17.8797,59.4326],[17.8749,59.4375],[17.876,59.448],[17.8673,59.4539],[17.8442,59.4543],[17.8457,59.4617],[17.8337,59.4681],[17.825,59.4707],[17.8327,59.4757],[17.8355,59.4775],[17.8411,59.4896],[17.828,59.4947],[17.8218,59.5017],[17.8104,59.5086],[17.7992,59.5089]]]}},{"type":"Feature","properties":{"code":"0125","name":"Ekerö"},"geometry":{"type":"Polygon","coordinates":[[[17.7749,59.2602],[17.785,59.2603],[17.792,59.2633],[17.8057,59.2626],[17.8215,59.2617],[17.8249,59.2617],[17.8351,59.2624],[17.8453,59.2661],[17.8558,59.2673],[17.8635,59.2745],[17.868,59.2796],[17.8653,59.2862],[17.8862,59.2871],[17.8932,59.2931],[17.9051,59.296],[17.9123,59.3],[17.9288,59.3031],[17.9364,59.3036],[17.9502,59.3076],[17.953,59.3088],[17.9548,59.3107],[17.9396,59.3182],[17.9287,59.3214],[17.9099,59.327],[17.8935,59.3339],[17.8888,59.3343],[17.8701,59.3393],[17.864,59.3424],[17.856,59.3461],[17.8394,59.3525],[17.8299,59.3509],[17.8172,59.3578],[17.7963,59.3551],[17.7874,59.3671],[17.7875,59.3714],[17.7831,59.3754],[17.7732,59.3846],[17.7622,59.3888],[17.7607,59.3918],[17.7559,59.3984],[17.7493,59.4077],[17.7463,59.4119],[17.7321,59.4206],[17.7255,59.4185],[17.7137,59.4221],[17.7047,59.4306],[17.6821,59.4328],[17.6764,59.4402],[17.6368,59.4516],[17.631,59.4474],[17.6254,59.4367],[17.6135,59.4355],[17.6067,59.4282],[17.597,59.4304],[17.5832,59.4303],[17.5716,59.4341],[17.5643,59.4421],[17.5548,59.4387],[17.5436,59.4418],[17.5315,59.4402],[17.5043,59.4405],[17.4891,59.4408],[17.4797,59.4437],[17.4531,59.4465],[17.4357,59.4417],[17.4262,59.4279],[17.4295,59.4195],[17.427,59.4151],[17.433,59.3958],[17.4151,59.3835],[17.4109,59.3662],[17.4256,59.3513],[17.4379,59.3395],[17.4633,59.3383],[17.4731,59.3239],[17.468,59.3077],[17.4757,59.3047],[17.4981,59.3051],[17.5159,59.2952],[17.5601,59.2928],[17.5683,59.2918],[17.5976,59.2981],[17.6257,59.2861],[17.6407,59.2822],[17.668,59.2736],[17.6993,59.2712],[17.7219,59.265],[17.7312,59.2662],[17.7384,59.2685],[17.7637,59.2666],[17.7749,59.2602]]]}},{"type":"Feature","properties":{"code":"0126","name":"Huddinge"},"geometry":{"type":"Polygon","coordinates":[[[17.9988,59.2598],[17.9985,59.2599],[17.9861,59.2623],[17.9803,59.2626],[17.9684,59.267],[17.9676,59.2674],[17.9672,59.2676],[17.9553,59.2743],[17.9568,59.28],[17.9562,59.2819],[17.9562,59.282],[17.95,59.2861],[17.9481,59.2876],[17.9473,59.2876],[17.9348,59.2846],[17.9284,59.2831],[17.9193,59.2795],[17.9192,59.2794],[17.9153,59.279],[17.9128,59.2751],[17.9085,59.2694],[17.8969,59.2675],[17.8924,59.2689],[17.8899,59.2689],[17.8877,59.269],[17.8816,59.2702],[17.8635,59.2745],[17.8558,59.2673],[17.8644,59.2623],[17.8725,59.2603],[17.8714,59.2547],[17.8741,59.2492],[17.873,59.2461],[17.874,59.2431],[17.8739,59.2428],[17.8736,59.2367],[17.8794,59.233],[17.8767,59.2295],[17.8835,59.2239],[17.894,59.2266],[17.9051,59.2276],[17.9151,59.2273],[17.9242,59.2246],[17.9284,59.2225],[17.9274,59.2117],[17.9273,59.2113],[17.9277,59.2056],[17.935,59.1933],[17.9382,59.1914],[17.9469,59.191],[17.9644,59.1879],[17.9704,59.1776],[17.9716,59.1679],[17.9848,59.1567],[17.994,59.1554],[18.0249,59.1412],[18.0477,59.1462],[18.0682,59.1503],[18.0873,59.1495],[18.0941,59.1519],[18.0891,59.1561],[18.1081,59.167],[18.1034,59.1786],[18.0992,59.1843],[18.1091,59.1838],[18.1171,59.1866],[18.1203,59.1904],[18.1326,59.196],[18.1519,59.1981],[18.1623,59.2039],[18.1831,59.2108],[18.1745,59.2198],[18.1772,59.2324],[18.1625,59.2362],[18.1468,59.2386],[18.1337,59.2424],[18.1219,59.2382],[18.1235,59.2342],[18.12,59.2335],[18.1201,59.2332],[18.1081,59.2296],[18.108,59.2273],[18.0979,59.2289],[18.0737,59.2339],[18.0619,59.2414],[18.0618,59.2414],[18.0522,59.2467],[18.05,59.2449],[18.0327,59.2488],[18.0311,59.2492],[18.0187,59.2541],[18.0181,59.2554],[18.014,59.2561],[18.0139,59.2561],[18.0048,59.2587],[17.9988,59.2598]]]}},{"type":"Feature","properties":{"code":"0127","name":"Botkyrka"},"geometry":{"type":"MultiPolygon","coordinates":[[[[17.9273,59.2113],[17.9274,59.2117],[17.9284,59.2225],[17.9242,59.2246],[17.9151,59.2273],[17.9051,59.2276],[17.894,59.2266],[17.8835,59.2239],[17.8767,59.2295],[17.8794,59.233],[17.8736,59.2367],[17.8739,59.2428],[17.874,59.2431],[17.873,59.2461],[17.8741,59.2492],[17.8714,59.2547],[17.8725,59.2603],[17.8644,59.2623],[17.8558,59.2673],[17.8453,59.2661],[17.8351,59.2624],[17.8249,59.2617],[17.8215,59.2617],[17.8057,59.2626],[17.792,59.2633],[17.785,59.2603],[17.7749,59.2602],[17.7637,59.2666],[17.7384,59.2685],[17.7312,59.2662],[17.7357,59.25],[17.7466,59.2473],[17.749,59.2438],[17.7571,59.2407],[17.7726,59.2393],[17.7736,59.2354],[17.7695,59.2266],[17.7833,59.2209],[17.7915,59.2055],[17.795,59.1969],[17.7955,59.1967],[17.7985,59.1947],[17.7932,59.1917],[17.78,59.1903],[17.7689,59.187],[17.7605,59.1845],[17.7507,59.1841],[17.746,59.1818],[17.7379,59.1815],[17.7363,59.1756],[17.7426,59.1716],[17.7306,59.1672],[17.7405,59.166],[17.7368,59.1567],[17.7287,59.1553],[17.7267,59.1469],[17.7085,59.1442],[17.6989,59.1371],[17.6822,59.1326],[17.6855,59.1274],[17.6886,59.1144],[17.6952,59.1016],[17.6741,59.0988],[17.663,59.0876],[17.669,59.0819],[17.683,59.0687],[17.6752,59.0659],[17.6997,59.0443],[17.7144,59.0445],[17.7184,59.0508],[17.7357,59.0572],[17.7456,59.0633],[17.7426,59.0811],[17.7398,59.083],[17.752,59.0923],[17.7607,59.0974],[17.7767,59.0952],[17.7885,59.0898],[17.8218,59.0943],[17.8304,59.0888],[17.857,59.0841],[17.8702,59.0849],[17.8884,59.0935],[17.9135,59.1033],[17.9162,59.1071],[17.9118,59.1182],[17.9216,59.1202],[17.9142,59.1284],[17.9318,59.1425],[17.9433,59.1435],[17.9663,59.152],[17.9848,59.1567],[17.9716,59.1679],[17.9704,59.1776],[17.9644,59.1879],[17.9469,59.191],[17.9382,59.1914],[17.935,59.1933],[17.9277,59.2056],[17.9273,59.2113]]],[[[18.2801,59.2629],[18.2732,59.26],[18.2799,59.2628],[18.2882,59.2588],[18.297,59.2546],[18.3089,59.2512],[18.3154,59.2508],[18.332,59.2499],[18.3555,59.2417],[18.385,59.2316],[18.3312,59.2502],[18.3087,59.2518],[18.2971,59.2548],[18.2801,59.2629]]]]}},{"type":"Feature","properties":{"code":"0128","name":"Salem"},"geometry":{"type":"Polygon","coordinates":[[[17.7915,59.2055],[17.7833,59.2209],[17.7695,59.2266],[17.7736,59.2354],[17.7726,59.2393],[17.7571,59.2407],[17.749,59.2438],[17.7466,59.2473],[17.7357,59.25],[17.7312,59.2662],[17.7219,59.265],[17.6993,59.2712],[17.668,59.2736],[17.6407,59.2822],[17.6257,59.2861],[17.5976,59.2981],[17.5683,59.2918],[17.5688,59.2811],[17.5622,59.2696],[17.5677,59.266],[17.5899,59.2548],[17.6045,59.2489],[17.6139,59.2505],[17.6177,59.2557],[17.6306,59.2567],[17.6457,59.2533],[17.6609,59.2537],[17.6654,59.2513],[17.6625,59.2443],[17.6806,59.2394],[17.6716,59.2336],[17.6597,59.2375],[17.6388,59.2394],[17.6359,59.2337],[17.637,59.2271],[17.6526,59.2211],[17.6623,59.2156],[17.6755,59.2213],[17.6835,59.221],[17.7002,59.2065],[17.7092,59.1938],[17.7082,59.1868],[17.7089,59.1801],[17.7173,59.1789],[17.7379,59.1815],[17.746,59.1818],[17.7507,59.1841],[17.7605,59.1845],[17.7689,59.187],[17.78,59.1903],[17.7932,59.1917],[17.7985,59.1947],[17.7955,59.1967],[17.795,59.1969],[17.7915,59.2055]]]}},{"type":"Feature","properties":{"code":"0136","name":"Haninge"},"geometry":{"type":"Polygon","coordinates":[[[18.1081,59.167],[18.0891,59.1561],[18.0941,59.1519],[18.0873,59.1495],[18.0682,59.1503],[18.0477,59.1462],[18.0249,59.1412],[17.994,59.1554],[17.9848,59.1567],[17.9663,59.152],[17.9433,59.1435],[17.9318,59.1425],[17.9142,59.1284],[17.9216,59.1202],[17.9293,59.1161],[17.9396,59.1167],[17.9438,59.1213],[17.9627,59.1172],[17.9707,59.1064],[17.9778,59.1023],[17.9874,59.0967],[17.9716,59.0854],[17.9606,59.0843],[17.9494,59.0611],[17.9567,59.0601],[17.9548,59.0506],[17.9645,59.0509],[17.9764,59.0525],[17.9781,59.0471],[17.9969,59.0478],[18.0031,59.0432],[18.0043,59.0357],[18.0128,59.0242],[18.0334,59.0099],[18.0356,59.0043],[18.0422,59.0033],[18.0544,58.9958],[18.0476,58.986],[18.0497,58.9851],[18.0545,58.9806],[18.054,58.975],[18.0476,58.9688],[18.0424,58.9537],[18.0612,58.9461],[18.0743,58.9468],[18.0769,58.9434],[18.075,58.9319],[18.0775,58.9232],[18.0275,58.8822],[18.0014,58.8643],[17.9933,58.8437],[18.0955,58.7796],[18.1402,58.8043],[18.5541,58.9335],[18.6792,58.998],[18.6765,58.9996],[18.6737,59.0011],[18.5913,59.0582],[18.5772,59.0592],[18.5471,59.0806],[18.5613,59.0805],[18.5908,59.1031],[18.5478,59.141],[18.5677,59.1442],[18.5733,59.1676],[18.5862,59.1934],[18.5185,59.2013],[18.4944,59.2072],[18.4684,59.2195],[18.4372,59.2138],[18.4367,59.2104],[18.4234,59.2028],[18.4259,59.185],[18.4163,59.1799],[18.4095,59.1794],[18.4043,59.1728],[18.4057,59.1691],[18.3729,59.1651],[18.3337,59.1584],[18.3177,59.1657],[18.3201,59.1658],[18.305,59.1831],[18.2869,59.1922],[18.2839,59.196],[18.269,59.1999],[18.2505,59.2095],[18.2432,59.2177],[18.2231,59.2144],[18.2085,59.2111],[18.2016,59.2086],[18.1922,59.2104],[18.1831,59.2108],[18.1623,59.2039],[18.1519,59.1981],[18.1326,59.196],[18.1203,59.1904],[18.1171,59.1866],[18.1091,59.1838],[18.0992,59.1843],[18.1034,59.1786],[18.1081,59.167]]]}},{"type":"Feature","properties":{"code":"0138","name":"Tyresö"},"geometry":{"type":"Polygon","coordinates":[[[18.3555,59.2417],[18.332,59.2499],[18.3154,59.2508],[18.3089,59.2512],[18.297,59.2546],[18.2882,59.2588],[18.2799,59.2628],[18.2732,59.26],[18.2576,59.2536],[18.2489,59.2547],[18.2366,59.2525],[18.2235,59.2525],[18.2196,59.2494],[18.216,59.2486],[18.2058,59.2515],[18.2001,59.2475],[18.1961,59.2415],[18.1946,59.2323],[18.1856,59.2307],[18.1772,59.2324],[18.1745,59.2198],[18.1831,59.2108],[18.1922,59.2104],[18.2016,59.2086],[18.2085,59.2111],[18.2231,59.2144],[18.2432,59.2177],[18.2505,59.2095],[18.269,59.1999],[18.2839,59.196],[18.2869,59.1922],[18.305,59.1831],[18.3201,59.1658],[18.3177,59.1657],[18.3337,59.1584],[18.3729,59.1651],[18.4057,59.1691],[18.4043,59.1728],[18.4095,59.1794],[18.4163,59.1799],[18.4259,59.185],[18.4234,59.2028],[18.4367,59.2104],[18.4372,59.2138],[18.4684,59.2195],[18.4334,59.2357],[18.4182,59.2414],[18.406,59.2551],[18.3889,59.2635],[18.385,59.2316],[18.3555,59.2417]]]}},{"type":"Feature","properties":{"code":"0139","name":"Upplands-Bro"},"geometry":{"type":"Polygon","coordinates":[[[17.7729,59.5918],[17.7724,59.5919],[17.7564,59.5964],[17.7318,59.6002],[17.7222,59.6049],[17.7065,59.6065],[17.6919,59.6136],[17.6705,59.6156],[17.6606,59.6224],[17.6481,59.6286],[17.6414,59.6342],[17.6289,59.6342],[17.6138,59.6408],[17.6061,59.6403],[17.5999,59.6427],[17.5905,59.6498],[17.578,59.6402],[17.5716,59.6378],[17.5604,59.6377],[17.5453,59.6347],[17.5396,59.6353],[17.5271,59.6278],[17.5161,59.6236],[17.5136,59.6116],[17.5203,59.6086],[17.5198,59.6014],[17.528,59.5891],[17.5435,59.58],[17.5514,59.5726],[17.5784,59.5593],[17.5811,59.5497],[17.57,59.5422],[17.5644,59.5416],[17.5452,59.5443],[17.5412,59.5374],[17.5269,59.5315],[17.5164,59.518],[17.5097,59.5156],[17.4881,59.5131],[17.4648,59.5074],[17.4652,59.507],[17.5021,59.4598],[17.5043,59.4405],[17.5315,59.4402],[17.5436,59.4418],[17.5548,59.4387],[17.5643,59.4421],[17.5716,59.4341],[17.5832,59.4303],[17.597,59.4304],[17.6067,59.4282],[17.6135,59.4355],[17.6254,59.4367],[17.631,59.4474],[17.6368,59.4516],[17.6764,59.4402],[17.6821,59.4328],[17.7047,59.4306],[17.7137,59.4221],[17.7255,59.4185],[17.7321,59.4206],[17.7569,59.4286],[17.7599,59.4296],[17.7644,59.4398],[17.7687,59.444],[17.7734,59.4486],[17.7881,59.4602],[17.7932,59.4641],[17.7971,59.4676],[17.7919,59.4722],[17.7958,59.4871],[17.7936,59.4929],[17.7991,59.5071],[17.7992,59.5089],[17.832,59.5221],[17.8357,59.5271],[17.8109,59.5341],[17.8086,59.5682],[17.8073,59.5756],[17.7975,59.5842],[17.7851,59.5857],[17.7729,59.5918]]]}},{"type":"Feature","properties":{"code":"0140","name":"Nykvarn"},"geometry":{"type":"Polygon","coordinates":[[[17.41,59.243],[17.3984,59.2416],[17.3819,59.2477],[17.3718,59.2467],[17.3656,59.2494],[17.3452,59.254],[17.3533,59.2587],[17.3499,59.2683],[17.3416,59.2736],[17.3104,59.2663],[17.3039,59.2566],[17.3089,59.2521],[17.293,59.247],[17.2748,59.2456],[17.2719,59.2345],[17.2611,59.2223],[17.2465,59.2192],[17.2437,59.2146],[17.2514,59.2081],[17.248,59.1993],[17.2626,59.1967],[17.2671,59.1846],[17.2637,59.1822],[17.2588,59.1819],[17.2795,59.171],[17.277,59.1696],[17.2972,59.1643],[17.3076,59.1515],[17.3168,59.1449],[17.3226,59.1419],[17.3369,59.1413],[17.3553,59.1344],[17.4014,59.131],[17.4215,59.1246],[17.4257,59.1239],[17.4463,59.1241],[17.4595,59.1227],[17.4631,59.1242],[17.4527,59.1346],[17.4615,59.1369],[17.4658,59.1293],[17.4632,59.1261],[17.4754,59.1247],[17.4747,59.1286],[17.4947,59.1357],[17.485,59.1392],[17.4823,59.1432],[17.4832,59.1517],[17.4983,59.159],[17.5037,59.1707],[17.5063,59.176],[17.5146,59.1758],[17.5346,59.1803],[17.5469,59.1797],[17.5491,59.1843],[17.5493,59.1948],[17.556,59.1973],[17.5596,59.2023],[17.5621,59.2057],[17.5567,59.2169],[17.551,59.2194],[17.5413,59.2194],[17.5384,59.2291],[17.5233,59.2327],[17.5042,59.2293],[17.4826,59.2239],[17.4745,59.2288],[17.4473,59.2303],[17.4269,59.2386],[17.4269,59.2429],[17.4188,59.2496],[17.4098,59.2495],[17.41,59.243]]]}},{"type":"Feature","properties":{"code":"0160","name":"Täby"},"geometry":{"type":"Polygon","coordinates":[[[18.0348,59.4381],[18.0453,59.4386],[18.0528,59.4375],[18.053,59.4325],[18.0529,59.4324],[18.0528,59.424],[18.0563,59.4236],[18.0734,59.4233],[18.0805,59.4229],[18.0826,59.4234],[18.0946,59.4154],[18.1161,59.4127],[18.1212,59.4121],[18.1215,59.4124],[18.1222,59.413],[18.144,59.4335],[18.1461,59.4373],[18.1399,59.4405],[18.1385,59.4533],[18.1424,59.4583],[18.1537,59.4678],[18.1488,59.4739],[18.1421,59.4777],[18.141,59.4813],[18.1469,59.4857],[18.1386,59.4888],[18.1387,59.4924],[18.1244,59.4934],[18.1158,59.4956],[18.1132,59.5018],[18.0964,59.5034],[18.0781,59.5052],[18.078,59.5052],[18.0658,59.5048],[18.0559,59.5058],[18.0383,59.5087],[18.02,59.5112],[18.0154,59.507],[18.0092,59.5079],[18.0005,59.5068],[17.9914,59.4996],[17.9817,59.4977],[17.9867,59.4917],[17.9868,59.4857],[17.9981,59.4803],[18.0005,59.4783],[17.9976,59.4699],[17.9961,59.4573],[18.0043,59.4475],[18.0069,59.4423],[18.007,59.4414],[18.024,59.4371],[18.0348,59.4381]]]}},{"type":"Feature","properties":{"code":"0162","name":"Danderyd"},"geometry":{"type":"Polygon","coordinates":[[[18.0338,59.3858],[18.0351,59.3854],[18.0417,59.3831],[18.056,59.3782],[18.0587,59.3755],[18.0686,59.3749],[18.078,59.3718],[18.0956,59.3697],[18.1017,59.3752],[18.0881,59.3822],[18.0925,59.3865],[18.0937,59.3878],[18.0998,59.3939],[18.1194,59.3939],[18.1216,59.4056],[18.1212,59.4121],[18.1161,59.4127],[18.0946,59.4154],[18.0826,59.4234],[18.0805,59.4229],[18.0734,59.4233],[18.0563,59.4236],[18.0528,59.424],[18.0529,59.4324],[18.053,59.4325],[18.0528,59.4375],[18.0453,59.4386],[18.0348,59.4381],[18.024,59.4371],[18.007,59.4414],[18,59.4393],[18.0035,59.4337],[18.0108,59.4273],[18.0003,59.4247],[17.9913,59.418],[17.9949,59.4127],[17.9975,59.4092],[18.0016,59.4027],[18.0062,59.3997],[18.0135,59.3982],[18.0159,59.3961],[18.0206,59.3907],[18.0265,59.3905],[18.0338,59.3858]]]}},{"type":"Feature","properties":{"code":"0163","name":"Sollentuna"},"geometry":{"type":"Polygon","coordinates":[[[17.9913,59.418],[18.0003,59.4247],[18.0108,59.4273],[18.0035,59.4337],[18,59.4393],[18.007,59.4414],[18.0069,59.4423],[18.0043,59.4475],[17.9961,59.4573],[17.9896,59.4638],[17.9795,59.4654],[17.9808,59.4687],[17.9588,59.477],[17.9488,59.4864],[17.9433,59.4886],[17.9333,59.4926],[17.9262,59.4961],[17.9233,59.4969],[17.9204,59.4962],[17.9079,59.4832],[17.8872,59.4913],[17.8801,59.4903],[17.8674,59.4921],[17.8672,59.4833],[17.864,59.4805],[17.8327,59.4757],[17.825,59.4707],[17.8337,59.4681],[17.8457,59.4617],[17.8442,59.4543],[17.8673,59.4539],[17.876,59.448],[17.8749,59.4375],[17.8797,59.4326],[17.878,59.4283],[17.8912,59.4254],[17.8884,59.4302],[17.8987,59.4401],[17.9198,59.4339],[17.9151,59.4269],[17.9206,59.423],[17.9263,59.4194],[17.9286,59.4182],[17.9398,59.4148],[17.9529,59.4104],[17.9595,59.4077],[17.972,59.4024],[17.9727,59.4004],[17.9818,59.3951],[17.9857,59.396],[17.987,59.3981],[18.0062,59.3997],[18.0016,59.4027],[17.9975,59.4092],[17.9949,59.4127],[17.9913,59.418]]]}},{"type":"Feature","properties":{"code":"0180","name":"Stockholm"},"geometry":{"type":"Polygon","coordinates":[[[18.12,59.2335],[18.1235,59.2342],[18.1219,59.2382],[18.1337,59.2424],[18.1468,59.2386],[18.1625,59.2362],[18.1772,59.2324],[18.1856,59.2307],[18.1946,59.2323],[18.1961,59.2415],[18.2001,59.2475],[18.1966,59.2475],[18.1846,59.2464],[18.1731,59.2515],[18.1704,59.2556],[18.1703,59.2627],[18.1667,59.2632],[18.1497,59.2658],[18.15,59.2698],[18.1521,59.2738],[18.1374,59.282],[18.1332,59.2839],[18.1247,59.2878],[18.1211,59.291],[18.1221,59.2952],[18.126,59.2981],[18.1284,59.3012],[18.1201,59.3012],[18.1106,59.302],[18.1133,59.3058],[18.1127,59.3081],[18.1126,59.3083],[18.113,59.309],[18.1071,59.3129],[18.1055,59.3138],[18.1093,59.3177],[18.115,59.3177],[18.1268,59.3184],[18.1374,59.3201],[18.1492,59.3187],[18.1572,59.3198],[18.1626,59.3237],[18.1639,59.3253],[18.1604,59.3282],[18.1606,59.3346],[18.1553,59.3369],[18.148,59.3401],[18.14,59.3435],[18.1275,59.3473],[18.1262,59.3477],[18.116,59.3552],[18.1099,59.3608],[18.1078,59.3622],[18.107,59.3626],[18.1049,59.3639],[18.1016,59.3659],[18.0956,59.3697],[18.078,59.3718],[18.0686,59.3749],[18.0587,59.3755],[18.0466,59.3755],[18.0364,59.3714],[18.0436,59.3655],[18.0488,59.3565],[18.0442,59.3511],[18.0429,59.3501],[18.0303,59.348],[18.0259,59.3438],[18.0255,59.3428],[18.0255,59.3415],[18.0248,59.3394],[18.0208,59.3396],[18.0156,59.3402],[18.0105,59.341],[18.0027,59.3414],[18.0013,59.3412],[17.9982,59.3408],[17.9894,59.3435],[17.9814,59.345],[17.9795,59.3468],[17.9788,59.3475],[17.9727,59.3504],[17.9658,59.3552],[17.9631,59.3583],[17.961,59.3599],[17.96,59.3613],[17.9566,59.3632],[17.9527,59.3649],[17.9511,59.3657],[17.9513,59.3661],[17.9483,59.3669],[17.9448,59.3679],[17.9392,59.3714],[17.9281,59.3745],[17.9294,59.3783],[17.9362,59.382],[17.9363,59.3821],[17.9364,59.3831],[17.9391,59.3856],[17.9478,59.3907],[17.9532,59.3967],[17.9598,59.3993],[17.9727,59.4004],[17.972,59.4024],[17.9595,59.4077],[17.9529,59.4104],[17.9398,59.4148],[17.9286,59.4182],[17.9263,59.4194],[17.9206,59.423],[17.9151,59.4269],[17.9198,59.4339],[17.8987,59.4401],[17.8884,59.4302],[17.8912,59.4254],[17.8956,59.4199],[17.8989,59.4157],[17.896,59.4116],[17.8889,59.4065],[17.8721,59.4021],[17.8775,59.3985],[17.8694,59.3964],[17.863,59.3911],[17.8536,59.3885],[17.847,59.3859],[17.8397,59.3813],[17.8284,59.3813],[17.8251,59.3824],[17.8257,59.3852],[17.8272,59.3915],[17.8234,59.3942],[17.8172,59.3992],[17.8016,59.3917],[17.792,59.3933],[17.7795,59.3984],[17.7607,59.3918],[17.7622,59.3888],[17.7732,59.3846],[17.7831,59.3754],[17.7875,59.3714],[17.7874,59.3671],[17.7963,59.3551],[17.8172,59.3578],[17.8299,59.3509],[17.8394,59.3525],[17.856,59.3461],[17.864,59.3424],[17.8701,59.3393],[17.8888,59.3343],[17.8935,59.3339],[17.9099,59.327],[17.9287,59.3214],[17.9396,59.3182],[17.9548,59.3107],[17.953,59.3088],[17.9502,59.3076],[17.9364,59.3036],[17.9288,59.3031],[17.9123,59.3],[17.9051,59.296],[17.8932,59.2931],[17.8862,59.2871],[17.8653,59.2862],[17.868,59.2796],[17.8635,59.2745],[17.8816,59.2702],[17.8877,59.269],[17.8899,59.2689],[17.8924,59.2689],[17.8969,59.2675],[17.9085,59.2694],[17.9128,59.2751],[17.9153,59.279],[17.9192,59.2794],[17.9193,59.2795],[17.9284,59.2831],[17.9348,59.2846],[17.9473,59.2876],[17.9481,59.2876],[17.95,59.2861],[17.9562,59.282],[17.9562,59.2819],[17.9568,59.28],[17.9553,59.2743],[17.9672,59.2676],[17.9676,59.2674],[17.9684,59.267],[17.9803,59.2626],[17.9861,59.2623],[17.9985,59.2599],[17.9988,59.2598],[18.0048,59.2587],[18.0139,59.2561],[18.014,59.2561],[18.0181,59.2554],[18.0187,59.2541],[18.0311,59.2492],[18.0327,59.2488],[18.05,59.2449],[18.0522,59.2467],[18.0618,59.2414],[18.0619,59.2414],[18.0737,59.2339],[18.0979,59.2289],[18.108,59.2273],[18.1081,59.2296],[18.1201,59.2332],[18.12,59.2335]]]}},{"type":"Feature","properties":{"code":"0181","name":"Södertälje"},"geometry":{"type":"Polygon","coordinates":[[[17.669,59.0819],[17.663,59.0876],[17.6741,59.0988],[17.6952,59.1016],[17.6886,59.1144],[17.6855,59.1274],[17.6822,59.1326],[17.6989,59.1371],[17.7085,59.1442],[17.7267,59.1469],[17.7287,59.1553],[17.7368,59.1567],[17.7405,59.166],[17.7306,59.1672],[17.7426,59.1716],[17.7363,59.1756],[17.7379,59.1815],[17.7173,59.1789],[17.7089,59.1801],[17.7082,59.1868],[17.7092,59.1938],[17.7002,59.2065],[17.6835,59.221],[17.6755,59.2213],[17.6623,59.2156],[17.6526,59.2211],[17.637,59.2271],[17.6359,59.2337],[17.6388,59.2394],[17.6597,59.2375],[17.6716,59.2336],[17.6806,59.2394],[17.6625,59.2443],[17.6654,59.2513],[17.6609,59.2537],[17.6457,59.2533],[17.6306,59.2567],[17.6177,59.2557],[17.6139,59.2505],[17.6045,59.2489],[17.5899,59.2548],[17.5677,59.266],[17.5622,59.2696],[17.5688,59.2811],[17.5683,59.2918],[17.5601,59.2928],[17.5159,59.2952],[17.4981,59.3051],[17.4757,59.3047],[17.468,59.3077],[17.4731,59.3239],[17.4633,59.3383],[17.4379,59.3395],[17.4256,59.3513],[17.335,59.3517],[17.3481,59.3336],[17.3462,59.3262],[17.3506,59.3199],[17.3441,59.3113],[17.3483,59.3057],[17.3486,59.2851],[17.3478,59.2791],[17.3416,59.2736],[17.3499,59.2683],[17.3533,59.2587],[17.3452,59.254],[17.3656,59.2494],[17.3718,59.2467],[17.3819,59.2477],[17.3984,59.2416],[17.41,59.243],[17.4098,59.2495],[17.4188,59.2496],[17.4269,59.2429],[17.4269,59.2386],[17.4473,59.2303],[17.4745,59.2288],[17.4826,59.2239],[17.5042,59.2293],[17.5233,59.2327],[17.5384,59.2291],[17.5413,59.2194],[17.551,59.2194],[17.5567,59.2169],[17.5621,59.2057],[17.5596,59.2023],[17.556,59.1973],[17.5493,59.1948],[17.5491,59.1843],[17.5469,59.1797],[17.5346,59.1803],[17.5146,59.1758],[17.5063,59.176],[17.5037,59.1707],[17.4983,59.159],[17.4832,59.1517],[17.4823,59.1432],[17.485,59.1392],[17.4947,59.1357],[17.4747,59.1286],[17.4754,59.1247],[17.4632,59.1261],[17.4658,59.1293],[17.4615,59.1369],[17.4527,59.1346],[17.4631,59.1242],[17.4595,59.1227],[17.4463,59.1241],[17.4257,59.1239],[17.4215,59.1246],[17.4014,59.131],[17.3553,59.1344],[17.3369,59.1413],[17.3226,59.1419],[17.3168,59.1449],[17.3219,59.1372],[17.3219,59.124],[17.3187,59.1152],[17.3184,59.0978],[17.316,59.0856],[17.3121,59.0793],[17.3207,59.0759],[17.3259,59.0702],[17.3204,59.0621],[17.3192,59.0491],[17.3283,59.0431],[17.3329,59.0388],[17.3335,59.0331],[17.3468,59.0291],[17.3433,59.0251],[17.3519,59.0174],[17.3547,59.0093],[17.3605,59.0073],[17.3648,59.001],[17.3653,58.9958],[17.3707,58.9911],[17.3752,58.9824],[17.383,58.9848],[17.394,58.9822],[17.4123,58.9832],[17.4299,58.9805],[17.4392,58.9813],[17.4467,58.9905],[17.4433,58.995],[17.4758,58.9873],[17.4806,58.9891],[17.5003,58.9856],[17.5119,58.9813],[17.5245,58.9828],[17.5315,58.9822],[17.5545,58.9827],[17.5429,58.9714],[17.5496,58.9627],[17.5578,58.9585],[17.5573,58.9536],[17.5624,58.9508],[17.5696,58.9525],[17.5782,58.9479],[17.5897,58.9444],[17.5968,58.9443],[17.611,58.9397],[17.6253,58.935],[17.6231,58.9325],[17.6282,58.9211],[17.6362,58.9083],[17.632,58.9032],[17.6399,58.8986],[17.6546,58.8934],[17.6516,58.8769],[17.6607,58.8665],[17.6521,58.86],[17.6696,58.8262],[17.7179,58.8153],[17.7271,58.8429],[17.7086,58.8843],[17.7174,58.9056],[17.7111,58.9176],[17.7253,58.9426],[17.7174,58.9604],[17.7237,58.97],[17.7271,58.9838],[17.7277,58.9913],[17.7294,59.0147],[17.7277,59.0226],[17.7195,59.0364],[17.7144,59.0445],[17.6997,59.0443],[17.6752,59.0659],[17.683,59.0687],[17.669,59.0819]]]}},{"type":"Feature","properties":{"code":"0182","name":"Nacka"},"geometry":{"type":"Polygon","coordinates":[[[18.1284,59.3012],[18.126,59.2981],[18.1221,59.2952],[18.1211,59.291],[18.1247,59.2878],[18.1332,59.2839],[18.1374,59.282],[18.1521,59.2738],[18.15,59.2698],[18.1497,59.2658],[18.1667,59.2632],[18.1703,59.2627],[18.1704,59.2556],[18.1731,59.2515],[18.1846,59.2464],[18.1966,59.2475],[18.2001,59.2475],[18.2058,59.2515],[18.216,59.2486],[18.2196,59.2494],[18.2235,59.2525],[18.2366,59.2525],[18.2489,59.2547],[18.2576,59.2536],[18.2732,59.26],[18.2801,59.2629],[18.2971,59.2548],[18.3087,59.2518],[18.3312,59.2502],[18.385,59.2316],[18.3889,59.2635],[18.3745,59.2661],[18.3485,59.2729],[18.3345,59.2776],[18.3256,59.279],[18.3206,59.2859],[18.3237,59.29],[18.3218,59.3068],[18.3237,59.3097],[18.3256,59.3125],[18.3192,59.3196],[18.3331,59.3282],[18.3413,59.329],[18.3666,59.3363],[18.3685,59.3406],[18.3515,59.3466],[18.3463,59.3591],[18.3384,59.3616],[18.3366,59.3665],[18.3245,59.369],[18.3149,59.3689],[18.2987,59.3688],[18.2957,59.3668],[18.2621,59.3607],[18.2522,59.3562],[18.2508,59.3556],[18.2447,59.3528],[18.2162,59.3399],[18.2138,59.3388],[18.205,59.336],[18.1895,59.3343],[18.1872,59.3292],[18.1731,59.3243],[18.1639,59.3253],[18.1626,59.3237],[18.1572,59.3198],[18.1492,59.3187],[18.1374,59.3201],[18.1268,59.3184],[18.115,59.3177],[18.1093,59.3177],[18.1055,59.3138],[18.1071,59.3129],[18.113,59.309],[18.1126,59.3083],[18.1127,59.3081],[18.1133,59.3058],[18.1106,59.302],[18.1201,59.3012],[18.1284,59.3012]]]}},{"type":"Feature","properties":{"code":"0183","name":"Sundbyberg"},"geometry":{"type":"Polygon","coordinates":[[[17.9566,59.3632],[17.96,59.3613],[17.961,59.3599],[17.9631,59.3583],[17.9658,59.3552],[17.9692,59.3563],[17.9711,59.3564],[17.9761,59.3587],[17.974,59.3604],[17.978,59.3641],[17.9783,59.3646],[17.9783,59.3647],[17.9815,59.3691],[17.9815,59.3708],[17.9815,59.3709],[17.9847,59.3773],[17.9848,59.3789],[17.979,59.3806],[17.9798,59.3835],[17.9801,59.3849],[17.9621,59.39],[17.9632,59.3918],[17.9818,59.3951],[17.9727,59.4004],[17.9598,59.3993],[17.9532,59.3967],[17.9478,59.3907],[17.9391,59.3856],[17.9364,59.3831],[17.9363,59.3821],[17.9362,59.382],[17.9294,59.3783],[17.9281,59.3745],[17.9392,59.3714],[17.9448,59.3679],[17.9483,59.3669],[17.9513,59.3661],[17.9511,59.3657],[17.9527,59.3649],[17.9566,59.3632]]]}},{"type":"Feature","properties":{"code":"0184","name":"Solna"},"geometry":{"type":"Polygon","coordinates":[[[18.0417,59.3831],[18.0351,59.3854],[18.0338,59.3858],[18.0265,59.3905],[18.0206,59.3907],[18.0159,59.3961],[18.0135,59.3982],[18.0062,59.3997],[17.987,59.3981],[17.9857,59.396],[17.9818,59.3951],[17.9632,59.3918],[17.9621,59.39],[17.9801,59.3849],[17.9798,59.3835],[17.979,59.3806],[17.9848,59.3789],[17.9847,59.3773],[17.9815,59.3709],[17.9815,59.3708],[17.9815,59.3691],[17.9783,59.3647],[17.9783,59.3646],[17.978,59.3641],[17.974,59.3604],[17.9761,59.3587],[17.9711,59.3564],[17.9692,59.3563],[17.9658,59.3552],[17.9727,59.3504],[17.9788,59.3475],[17.9795,59.3468],[17.9814,59.345],[17.9894,59.3435],[17.9982,59.3408],[18.0013,59.3412],[18.0027,59.3414],[18.0105,59.341],[18.0156,59.3402],[18.0208,59.3396],[18.0248,59.3394],[18.0255,59.3415],[18.0255,59.3428],[18.0259,59.3438],[18.0303,59.348],[18.0429,59.3501],[18.0442,59.3511],[18.0488,59.3565],[18.0436,59.3655],[18.0364,59.3714],[18.0466,59.3755],[18.0587,59.3755],[18.056,59.3782],[18.0417,59.3831]]]}},{"type":"Feature","properties":{"code":"0186","name":"Lidingö"},"geometry":{"type":"Polygon","coordinates":[[[18.1078,59.3622],[18.1099,59.3608],[18.116,59.3552],[18.1262,59.3477],[18.1275,59.3473],[18.14,59.3435],[18.148,59.3401],[18.1553,59.3369],[18.1606,59.3346],[18.1604,59.3282],[18.1639,59.3253],[18.1731,59.3243],[18.1872,59.3292],[18.1895,59.3343],[18.205,59.336],[18.2138,59.3388],[18.2162,59.3399],[18.2447,59.3528],[18.2508,59.3556],[18.2522,59.3562],[18.2621,59.3607],[18.2957,59.3668],[18.2987,59.3688],[18.3149,59.3689],[18.3035,59.3724],[18.2451,59.3812],[18.2077,59.3839],[18.1985,59.3852],[18.1956,59.3869],[18.1587,59.3898],[18.1551,59.3955],[18.1489,59.3966],[18.1429,59.404],[18.1216,59.4056],[18.1194,59.3939],[18.0998,59.3939],[18.0937,59.3878],[18.0925,59.3865],[18.0881,59.3822],[18.1017,59.3752],[18.0956,59.3697],[18.1016,59.3659],[18.1049,59.3639],[18.107,59.3626],[18.1078,59.3622]]]}},{"type":"Feature","properties":{"code":"0187","name":"Vaxholm"},"geometry":{"type":"Polygon","coordinates":[[[18.3895,59.4267],[18.3746,59.44],[18.3608,59.4371],[18.3467,59.4447],[18.3189,59.4505],[18.3144,59.4435],[18.298,59.4373],[18.2937,59.4296],[18.2656,59.4321],[18.2476,59.432],[18.2301,59.4334],[18.222,59.4319],[18.2238,59.4243],[18.2097,59.4141],[18.1911,59.4211],[18.1875,59.4307],[18.1686,59.4346],[18.1212,59.4121],[18.1216,59.4056],[18.1429,59.404],[18.1489,59.3966],[18.1551,59.3955],[18.1587,59.3898],[18.1956,59.3869],[18.1985,59.3852],[18.2077,59.3839],[18.2451,59.3812],[18.3035,59.3724],[18.3149,59.3689],[18.3245,59.369],[18.3366,59.3665],[18.3555,59.3664],[18.3593,59.3633],[18.3715,59.3616],[18.3768,59.3648],[18.4068,59.362],[18.4406,59.3521],[18.4504,59.3689],[18.4389,59.3864],[18.4482,59.394],[18.4158,59.4128],[18.3967,59.4209],[18.3975,59.4238],[18.3895,59.4267]]]}},{"type":"Feature","properties":{"code":"0188","name":"Norrtälje"},"geometry":{"type":"Polygon","coordinates":[[[18.726,59.5823],[18.7341,59.5766],[18.7368,59.5686],[18.7319,59.5516],[18.7374,59.5496],[18.7677,59.5516],[18.7845,59.5502],[18.8112,59.5546],[18.8378,59.5573],[18.8467,59.5479],[18.8612,59.5457],[18.9158,59.5454],[18.9273,59.5378],[18.9669,59.5391],[19.002,59.5157],[19.0273,59.5141],[19.0671,59.4962],[19.2056,59.4695],[19.2431,59.496],[19.2652,59.5029],[19.2898,59.5035],[19.3587,59.4846],[19.3572,59.48],[19.5516,59.51],[19.5928,59.5651],[19.661,59.5796],[19.6824,59.6429],[19.5296,59.6454],[19.4281,59.681],[19.4782,59.7359],[19.3669,59.7909],[19.2033,59.8206],[19.1547,59.8757],[19.0233,59.9121],[18.9763,59.931],[18.9708,59.9337],[18.9018,60.0093],[18.8821,60.0312],[18.8456,60.11],[18.8211,60.1251],[18.8305,60.1484],[18.9294,60.2169],[18.9392,60.2813],[18.9182,60.2799],[18.8768,60.2729],[18.7182,60.2473],[18.6836,60.2393],[18.6786,60.2313],[18.6932,60.2144],[18.6966,60.2069],[18.696,60.2007],[18.6727,60.1946],[18.6736,60.1884],[18.6817,60.1817],[18.693,60.1761],[18.6931,60.1657],[18.677,60.167],[18.6768,60.1551],[18.6403,60.161],[18.5932,60.1634],[18.5142,60.1607],[18.511,60.1559],[18.5121,60.1465],[18.5018,60.1427],[18.4933,60.1377],[18.4968,60.1273],[18.492,60.1039],[18.4757,60.0922],[18.4629,60.0808],[18.4508,60.0772],[18.4448,60.0586],[18.4312,60.0564],[18.4126,60.0474],[18.3885,60.0413],[18.4177,60.0253],[18.4364,60.0187],[18.4485,60.0158],[18.4489,60.012],[18.4679,60.0072],[18.4734,60.0043],[18.4712,59.9995],[18.4621,59.9937],[18.4505,59.9931],[18.4272,59.9819],[18.4293,59.965],[18.4234,59.9563],[18.4034,59.9569],[18.3903,59.9536],[18.3773,59.9364],[18.3781,59.9309],[18.3873,59.9229],[18.3938,59.9192],[18.3944,59.9129],[18.4039,59.8992],[18.4032,59.8929],[18.3927,59.8898],[18.3903,59.8837],[18.3814,59.8786],[18.3631,59.8727],[18.3647,59.8645],[18.3539,59.8625],[18.3373,59.8634],[18.3121,59.8586],[18.3141,59.8566],[18.2734,59.8506],[18.2645,59.8459],[18.2574,59.8351],[18.2479,59.8349],[18.2347,59.8325],[18.2197,59.8282],[18.2056,59.8294],[18.1977,59.8315],[18.153,59.8225],[18.1307,59.819],[18.1196,59.8048],[18.1151,59.7912],[18.1169,59.7824],[18.1107,59.7765],[18.1045,59.767],[18.1078,59.7578],[18.091,59.7501],[18.0852,59.7386],[18.0994,59.7245],[18.1107,59.7211],[18.1279,59.7221],[18.141,59.7164],[18.1375,59.712],[18.13,59.7098],[18.1207,59.6967],[18.144,59.6881],[18.1533,59.6836],[18.1588,59.6683],[18.172,59.6695],[18.1809,59.6677],[18.1953,59.6702],[18.2079,59.668],[18.213,59.6702],[18.2252,59.668],[18.2523,59.6736],[18.2751,59.6832],[18.2859,59.6863],[18.2908,59.6853],[18.2932,59.6793],[18.2991,59.6767],[18.3046,59.6807],[18.3163,59.6854],[18.3208,59.6891],[18.3346,59.6736],[18.3532,59.6617],[18.3652,59.6555],[18.3797,59.6552],[18.3895,59.6514],[18.3835,59.6397],[18.3774,59.6342],[18.375,59.6288],[18.3804,59.6275],[18.392,59.6202],[18.3933,59.6134],[18.3873,59.6027],[18.4146,59.5985],[18.4275,59.5919],[18.4372,59.5664],[18.4453,59.5595],[18.4662,59.5643],[18.479,59.5736],[18.4798,59.5861],[18.4931,59.5973],[18.4999,59.5901],[18.5376,59.595],[18.5493,59.5946],[18.557,59.5873],[18.5694,59.5956],[18.5821,59.5995],[18.5866,59.5912],[18.5964,59.5829],[18.608,59.587],[18.6133,59.5821],[18.6344,59.5818],[18.6431,59.5898],[18.6712,59.5736],[18.679,59.5746],[18.6855,59.5784],[18.7,59.579],[18.726,59.5823]]]}},{"type":"Feature","properties":{"code":"0191","name":"Sigtuna"},"geometry":{"type":"Polygon","coordinates":[[[17.7975,59.5842],[17.8073,59.5756],[17.8254,59.5725],[17.831,59.5701],[17.8476,59.5696],[17.8537,59.5659],[17.8502,59.5585],[17.8729,59.552],[17.8816,59.5546],[17.896,59.554],[17.9105,59.5575],[17.9199,59.5641],[17.9465,59.5559],[17.956,59.5584],[17.9695,59.5593],[17.9677,59.553],[17.9708,59.5485],[17.976,59.5621],[17.9846,59.5661],[17.9964,59.5657],[18.0067,59.5676],[18.0134,59.5708],[18.0068,59.5736],[18.0168,59.5931],[18.0133,59.61],[18.015,59.6164],[18.0132,59.6238],[18.0205,59.626],[18.0154,59.6378],[18.0296,59.6357],[18.049,59.6358],[18.0661,59.6371],[18.0959,59.6367],[18.0923,59.6435],[18.0937,59.6503],[18.0888,59.6563],[18.0919,59.6587],[18.1068,59.6628],[18.1181,59.6682],[18.1301,59.6704],[18.1281,59.6772],[18.1533,59.6836],[18.144,59.6881],[18.1207,59.6967],[18.13,59.7098],[18.1375,59.712],[18.141,59.7164],[18.1279,59.7221],[18.1107,59.7211],[18.0994,59.7245],[18.0852,59.7386],[18.0509,59.7436],[18.0518,59.7386],[18.0461,59.7369],[18.0214,59.7417],[18.0129,59.7426],[18.0103,59.738],[18.0005,59.7353],[18.0033,59.7319],[17.999,59.7286],[17.9916,59.7301],[17.983,59.7286],[17.9755,59.722],[17.9686,59.7228],[17.9541,59.7186],[17.9467,59.7135],[17.9382,59.7137],[17.9098,59.7097],[17.8948,59.7106],[17.894,59.7082],[17.8683,59.6997],[17.8506,59.6978],[17.8366,59.6922],[17.8327,59.6892],[17.8325,59.6821],[17.824,59.6796],[17.816,59.678],[17.7978,59.6861],[17.7783,59.6906],[17.7724,59.6863],[17.7598,59.6649],[17.7517,59.6607],[17.7413,59.666],[17.7284,59.6635],[17.7223,59.6841],[17.7045,59.6845],[17.6984,59.6883],[17.6784,59.6925],[17.6731,59.6911],[17.6594,59.694],[17.6557,59.6928],[17.6295,59.6942],[17.6314,59.6818],[17.6268,59.6749],[17.6171,59.674],[17.5993,59.6653],[17.5794,59.664],[17.5763,59.6621],[17.5769,59.6546],[17.5905,59.6498],[17.5999,59.6427],[17.6061,59.6403],[17.6138,59.6408],[17.6289,59.6342],[17.6414,59.6342],[17.6481,59.6286],[17.6606,59.6224],[17.6705,59.6156],[17.6919,59.6136],[17.7065,59.6065],[17.7222,59.6049],[17.7318,59.6002],[17.7564,59.5964],[17.7724,59.5919],[17.7729,59.5918],[17.7851,59.5857],[17.7975,59.5842]]]}},{"type":"Feature","properties":{"code":"0192","name":"Nynäshamn"},"geometry":{"type":"Polygon","coordinates":[[[17.9494,59.0611],[17.9606,59.0843],[17.9716,59.0854],[17.9874,59.0967],[17.9778,59.1023],[17.9707,59.1064],[17.9627,59.1172],[17.9438,59.1213],[17.9396,59.1167],[17.9293,59.1161],[17.9216,59.1202],[17.9118,59.1182],[17.9162,59.1071],[17.9135,59.1033],[17.8884,59.0935],[17.8702,59.0849],[17.857,59.0841],[17.8304,59.0888],[17.8218,59.0943],[17.7885,59.0898],[17.7767,59.0952],[17.7607,59.0974],[17.752,59.0923],[17.7398,59.083],[17.7426,59.0811],[17.7456,59.0633],[17.7357,59.0572],[17.7184,59.0508],[17.7144,59.0445],[17.7195,59.0364],[17.7277,59.0226],[17.7294,59.0147],[17.7277,58.9913],[17.7271,58.9838],[17.7237,58.97],[17.7174,58.9604],[17.7253,58.9426],[17.7111,58.9176],[17.7174,58.9056],[17.7086,58.8843],[17.7271,58.8429],[17.7179,58.8153],[17.7252,58.7979],[17.7867,58.7779],[17.7955,58.6712],[18.0017,58.7168],[18.0955,58.7796],[17.9933,58.8437],[18.0014,58.8643],[18.0275,58.8822],[18.0775,58.9232],[18.075,58.9319],[18.0769,58.9434],[18.0743,58.9468],[18.0612,58.9461],[18.0424,58.9537],[18.0476,58.9688],[18.054,58.975],[18.0545,58.9806],[18.0497,58.9851],[18.0476,58.986],[18.0544,58.9958],[18.0422,59.0033],[18.0356,59.0043],[18.0334,59.0099],[18.0128,59.0242],[18.0043,59.0357],[18.0031,59.0432],[17.9969,59.0478],[17.9781,59.0471],[17.9764,59.0525],[17.9645,59.0509],[17.9548,59.0506],[17.9567,59.0601],[17.9494,59.0611]]]}},{"type":"Feature","properties":{"code":"0305","name":"Håbo"},"geometry":{"type":"Polygon","coordinates":[[[17.5412,59.5374],[17.5452,59.5443],[17.5644,59.5416],[17.57,59.5422],[17.5811,59.5497],[17.5784,59.5593],[17.5514,59.5726],[17.5435,59.58],[17.528,59.5891],[17.5198,59.6014],[17.5203,59.6086],[17.5136,59.6116],[17.5161,59.6236],[17.5271,59.6278],[17.5396,59.6353],[17.5453,59.6347],[17.5604,59.6377],[17.5716,59.6378],[17.578,59.6402],[17.5905,59.6498],[17.5769,59.6546],[17.5763,59.6621],[17.5794,59.664],[17.5993,59.6653],[17.6171,59.674],[17.6268,59.6749],[17.6314,59.6818],[17.6295,59.6942],[17.6273,59.697],[17.6401,59.7155],[17.6519,59.7236],[17.6532,59.7292],[17.6411,59.731],[17.6099,59.7447],[17.5834,59.7388],[17.5652,59.7341],[17.5386,59.7333],[17.5365,59.7204],[17.542,59.7156],[17.5246,59.7095],[17.5192,59.6985],[17.508,59.6936],[17.5089,59.6837],[17.4885,59.6812],[17.4784,59.6738],[17.4741,59.6664],[17.4666,59.6643],[17.4481,59.6621],[17.4387,59.6638],[17.4303,59.663],[17.4219,59.6596],[17.4137,59.6619],[17.3822,59.6648],[17.3838,59.662],[17.3938,59.6571],[17.3983,59.649],[17.398,59.6453],[17.3915,59.6346],[17.3851,59.6308],[17.384,59.6256],[17.386,59.6224],[17.3797,59.6076],[17.3784,59.6011],[17.3778,59.5973],[17.3919,59.5802],[17.3994,59.5695],[17.4097,59.5605],[17.4337,59.5466],[17.4461,59.5309],[17.4648,59.5074],[17.4881,59.5131],[17.5097,59.5156],[17.5164,59.518],[17.5269,59.5315],[17.5412,59.5374]]]}},{"type":"Feature","properties":{"code":"0319","name":"Älvkarleby"},"geometry":{"type":"Polygon","coordinates":[[[17.7069,60.6036],[17.708,60.6306],[17.6356,60.6521],[17.5566,60.6676],[17.4964,60.6622],[17.4619,60.6473],[17.4191,60.6595],[17.3943,60.6616],[17.3781,60.663],[17.3757,60.657],[17.3693,60.6531],[17.3736,60.6505],[17.3668,60.6303],[17.3624,60.6182],[17.3489,60.5862],[17.3307,60.5533],[17.3217,60.537],[17.3027,60.5088],[17.2978,60.4648],[17.2893,60.454],[17.2878,60.4468],[17.3231,60.4475],[17.3209,60.4703],[17.3504,60.4677],[17.3528,60.4733],[17.3616,60.4716],[17.3681,60.4659],[17.3833,60.4652],[17.3951,60.4674],[17.3937,60.4621],[17.4082,60.4598],[17.4338,60.4635],[17.4776,60.49],[17.4767,60.4976],[17.4872,60.4967],[17.4924,60.5069],[17.5013,60.5111],[17.4945,60.5133],[17.5041,60.5186],[17.5131,60.5268],[17.5109,60.5335],[17.4999,60.5339],[17.4797,60.5394],[17.5154,60.5621],[17.5457,60.5641],[17.5584,60.5701],[17.5738,60.5762],[17.6597,60.5995],[17.7069,60.6036]]]}},{"type":"Feature","properties":{"code":"0330","name":"Knivsta"},"geometry":{"type":"Polygon","coordinates":[[[17.694,59.7657],[17.6861,59.771],[17.6722,59.7766],[17.6748,59.7801],[17.6757,59.7894],[17.6733,59.792],[17.6673,59.7965],[17.6649,59.7905],[17.6605,59.7862],[17.6537,59.7868],[17.6459,59.7815],[17.6221,59.7731],[17.6134,59.7613],[17.6099,59.7447],[17.6411,59.731],[17.6532,59.7292],[17.6519,59.7236],[17.6401,59.7155],[17.6273,59.697],[17.6295,59.6942],[17.6557,59.6928],[17.6594,59.694],[17.6731,59.6911],[17.6784,59.6925],[17.6984,59.6883],[17.7045,59.6845],[17.7223,59.6841],[17.7284,59.6635],[17.7413,59.666],[17.7517,59.6607],[17.7598,59.6649],[17.7724,59.6863],[17.7783,59.6906],[17.7978,59.6861],[17.816,59.678],[17.824,59.6796],[17.8325,59.6821],[17.8327,59.6892],[17.8366,59.6922],[17.8506,59.6978],[17.8683,59.6997],[17.894,59.7082],[17.8948,59.7106],[17.9098,59.7097],[17.9382,59.7137],[17.9467,59.7135],[17.9541,59.7186],[17.9686,59.7228],[17.9755,59.722],[17.983,59.7286],[17.9916,59.7301],[17.999,59.7286],[18.0033,59.7319],[18.0005,59.7353],[18.0103,59.738],[18.0129,59.7426],[18.0214,59.7417],[18.0461,59.7369],[18.0518,59.7386],[18.0509,59.7436],[18.0852,59.7386],[18.091,59.7501],[18.1078,59.7578],[18.1045,59.767],[18.1107,59.7765],[18.1169,59.7824],[18.1151,59.7912],[18.1196,59.8048],[18.1307,59.819],[18.153,59.8225],[18.1318,59.8202],[18.1232,59.818],[18.1077,59.8149],[18.097,59.8114],[18.0854,59.812],[18.0654,59.8094],[18.0576,59.8112],[18.0527,59.8199],[18.0279,59.8268],[18.0247,59.8232],[18.0066,59.8118],[18.0035,59.8112],[17.978,59.8081],[17.9763,59.8077],[17.9614,59.8072],[17.9417,59.8146],[17.935,59.8122],[17.9231,59.8163],[17.9015,59.8185],[17.8795,59.8138],[17.859,59.8167],[17.843,59.821],[17.8335,59.8209],[17.8095,59.8237],[17.8046,59.8239],[17.7935,59.8174],[17.7926,59.8146],[17.7814,59.8061],[17.771,59.8005],[17.7629,59.7868],[17.7644,59.7818],[17.7569,59.7778],[17.7352,59.7745],[17.7278,59.7695],[17.7098,59.7684],[17.694,59.7657]]]}},{"type":"Feature","properties":{"code":"0331","name":"Heby"},"geometry":{"type":"Polygon","coordinates":[[[16.8414,59.8711],[16.8585,59.8659],[16.9098,59.8684],[16.9165,59.8635],[16.9343,59.8672],[16.961,59.8624],[16.9643,59.8549],[16.9779,59.8459],[16.9876,59.8419],[17.0025,59.8285],[17.0124,59.8281],[17.0244,59.8328],[17.0426,59.8376],[17.0384,59.8415],[17.0555,59.8498],[17.0613,59.8541],[17.0775,59.8586],[17.0911,59.8705],[17.1148,59.8848],[17.1189,59.8831],[17.1184,59.8885],[17.1279,59.8879],[17.1241,59.8998],[17.1265,59.9062],[17.1292,59.9459],[17.1331,59.9541],[17.1244,59.9711],[17.1132,59.9692],[17.1067,59.9706],[17.0799,59.9722],[17.0855,59.9836],[17.0846,59.9906],[17.1079,59.9971],[17.1274,59.9999],[17.1416,60.0002],[17.1398,60.0037],[17.1349,60.0115],[17.1463,60.0089],[17.1485,60.0064],[17.1416,60.0002],[17.1474,60.0008],[17.16,60.0066],[17.1703,60.02],[17.1928,60.0335],[17.2068,60.0448],[17.2307,60.0407],[17.2522,60.0386],[17.2793,60.0437],[17.2944,60.0599],[17.3027,60.0645],[17.3077,60.0781],[17.3087,60.0861],[17.2977,60.106],[17.3085,60.1071],[17.3161,60.1131],[17.3143,60.1172],[17.3229,60.1263],[17.3218,60.1335],[17.3587,60.1936],[17.3632,60.1956],[17.3648,60.211],[17.3695,60.2108],[17.3751,60.2284],[17.3458,60.2457],[17.3286,60.2473],[17.3142,60.2538],[17.3031,60.257],[17.2846,60.2587],[17.2654,60.2759],[17.2482,60.286],[17.2095,60.3027],[17.1938,60.3008],[17.1807,60.2986],[17.1575,60.2874],[17.1305,60.2879],[17.1031,60.2808],[17.11,60.2705],[17.1129,60.2693],[17.0824,60.2592],[17.0585,60.273],[17.0417,60.2754],[17.0154,60.2732],[17.0006,60.2757],[16.9921,60.2874],[16.9805,60.2953],[16.9686,60.2953],[16.961,60.2924],[16.9618,60.2873],[16.9292,60.2872],[16.9089,60.2815],[16.9129,60.2721],[16.9118,60.2692],[16.9029,60.2663],[16.8915,60.2597],[16.8862,60.2536],[16.8882,60.2445],[16.8967,60.2447],[16.9049,60.2395],[16.8758,60.2306],[16.8645,60.2254],[16.8504,60.2244],[16.8418,60.2168],[16.8229,60.2168],[16.8026,60.2121],[16.7975,60.2038],[16.7967,60.1977],[16.7858,60.1958],[16.779,60.1899],[16.7501,60.1886],[16.7339,60.1951],[16.712,60.1961],[16.7048,60.1951],[16.711,60.1873],[16.7165,60.1849],[16.7336,60.1656],[16.7351,60.1563],[16.739,60.1526],[16.7384,60.1476],[16.7473,60.1359],[16.7275,60.1209],[16.7352,60.1177],[16.7286,60.111],[16.7052,60.109],[16.7142,60.0894],[16.692,60.0833],[16.7074,60.0717],[16.7174,60.0575],[16.7117,60.0562],[16.7274,60.0434],[16.7268,60.0322],[16.7239,60.0242],[16.7237,60.0236],[16.7227,60.0201],[16.7225,60.0195],[16.7162,60.0109],[16.7236,60.0012],[16.7337,60.002],[16.7343,59.9893],[16.7382,59.9829],[16.7501,59.977],[16.7743,59.9743],[16.7892,59.9658],[16.7839,59.9633],[16.7691,59.96],[16.7614,59.9533],[16.7691,59.9499],[16.7769,59.9553],[16.7841,59.9527],[16.7873,59.9479],[16.7943,59.9459],[16.7999,59.9148],[16.8021,59.9087],[16.7871,59.9055],[16.7778,59.9057],[16.7731,59.8943],[16.7779,59.89],[16.799,59.8815],[16.8123,59.877],[16.8216,59.8761],[16.8414,59.8711]]]}},{"type":"Feature","properties":{"code":"0360","name":"Tierp"},"geometry":{"type":"Polygon","coordinates":[[[17.5733,60.0895],[17.5825,60.0878],[17.5918,60.0887],[17.5928,60.0942],[17.6007,60.0955],[17.6266,60.0967],[17.6165,60.1062],[17.61,60.1098],[17.6388,60.1192],[17.6387,60.1213],[17.6794,60.1285],[17.7159,60.1344],[17.7126,60.1405],[17.7069,60.1512],[17.7099,60.1622],[17.7337,60.1755],[17.7342,60.1854],[17.7433,60.1932],[17.7507,60.1966],[17.7567,60.2035],[17.7583,60.2202],[17.7736,60.2177],[17.7864,60.22],[17.7713,60.2229],[17.7766,60.2312],[17.7971,60.2298],[17.7985,60.2511],[17.8148,60.2619],[17.8203,60.2797],[17.827,60.2804],[17.8229,60.2887],[17.8331,60.2917],[17.8468,60.2912],[17.8595,60.2961],[17.8628,60.3014],[17.8724,60.305],[17.8791,60.3036],[17.9018,60.3075],[17.9072,60.3075],[17.9201,60.3073],[17.9257,60.3223],[17.9312,60.3298],[17.9524,60.3265],[17.9663,60.3294],[17.9733,60.3442],[17.9755,60.3669],[17.9753,60.3925],[17.981,60.3969],[17.9989,60.4015],[18.0107,60.4003],[18.021,60.4028],[18.0252,60.3997],[18.0451,60.4007],[18.0657,60.4088],[18.1007,60.4316],[18.1129,60.4315],[18.131,60.4373],[18.1737,60.447],[18.1777,60.4479],[18.1721,60.4737],[18.0208,60.6434],[17.9551,60.644],[17.6826,60.563],[17.7069,60.6036],[17.6597,60.5995],[17.5738,60.5762],[17.5584,60.5701],[17.5457,60.5641],[17.5154,60.5621],[17.4797,60.5394],[17.4999,60.5339],[17.5109,60.5335],[17.5131,60.5268],[17.5041,60.5186],[17.4945,60.5133],[17.5013,60.5111],[17.4924,60.5069],[17.4872,60.4967],[17.4767,60.4976],[17.4776,60.49],[17.4338,60.4635],[17.4082,60.4598],[17.3937,60.4621],[17.3951,60.4674],[17.3833,60.4652],[17.3681,60.4659],[17.3616,60.4716],[17.3528,60.4733],[17.3504,60.4677],[17.3209,60.4703],[17.3231,60.4475],[17.2878,60.4468],[17.2576,60.4251],[17.2571,60.4317],[17.2535,60.4352],[17.2363,60.4316],[17.2176,60.434],[17.2173,60.4196],[17.207,60.4173],[17.1955,60.4105],[17.1923,60.4041],[17.1942,60.401],[17.1913,60.3944],[17.1945,60.3906],[17.1891,60.3823],[17.1993,60.3785],[17.1995,60.3657],[17.2126,60.3642],[17.1968,60.3451],[17.1987,60.3078],[17.1938,60.3008],[17.2095,60.3027],[17.2482,60.286],[17.2654,60.2759],[17.2846,60.2587],[17.3031,60.257],[17.3142,60.2538],[17.3286,60.2473],[17.3458,60.2457],[17.3751,60.2284],[17.3695,60.2108],[17.3648,60.211],[17.3632,60.1956],[17.3587,60.1936],[17.3218,60.1335],[17.3645,60.151],[17.3726,60.1448],[17.3794,60.1433],[17.3925,60.1438],[17.4048,60.1425],[17.4,60.1452],[17.4112,60.1546],[17.4196,60.1576],[17.436,60.1547],[17.4444,60.1645],[17.4413,60.1684],[17.4638,60.1789],[17.4726,60.1784],[17.4741,60.1838],[17.4793,60.1862],[17.4847,60.176],[17.489,60.1724],[17.4941,60.1656],[17.4985,60.1501],[17.5092,60.1404],[17.5136,60.1345],[17.5441,60.1141],[17.5498,60.109],[17.5595,60.0997],[17.5671,60.0968],[17.5733,60.0895]]]}},{"type":"Feature","properties":{"code":"0380","name":"Uppsala"},"geometry":{"type":"MultiPolygon","coordinates":[[[[17.8448,60.1033],[17.8608,60.109],[17.8459,60.1116],[17.8474,60.124],[17.852,60.1359],[17.8387,60.1416],[17.8239,60.1457],[17.8035,60.1495],[17.7942,60.1393],[17.779,60.1367],[17.757,60.1258],[17.7451,60.128],[17.7417,60.1347],[17.7321,60.1387],[17.7126,60.1405],[17.7159,60.1344],[17.6794,60.1285],[17.6387,60.1213],[17.6388,60.1192],[17.61,60.1098],[17.6165,60.1062],[17.6266,60.0967],[17.6007,60.0955],[17.5928,60.0942],[17.5918,60.0887],[17.5825,60.0878],[17.5733,60.0895],[17.5671,60.0968],[17.5595,60.0997],[17.5498,60.109],[17.5441,60.1141],[17.5136,60.1345],[17.5092,60.1404],[17.4985,60.1501],[17.4941,60.1656],[17.489,60.1724],[17.4847,60.176],[17.4793,60.1862],[17.4741,60.1838],[17.4726,60.1784],[17.4638,60.1789],[17.4413,60.1684],[17.4444,60.1645],[17.436,60.1547],[17.4196,60.1576],[17.4112,60.1546],[17.4,60.1452],[17.4048,60.1425],[17.3925,60.1438],[17.3794,60.1433],[17.3726,60.1448],[17.3645,60.151],[17.3218,60.1335],[17.3229,60.1263],[17.3143,60.1172],[17.3161,60.1131],[17.3085,60.1071],[17.2977,60.106],[17.3087,60.0861],[17.3077,60.0781],[17.3027,60.0645],[17.2944,60.0599],[17.2793,60.0437],[17.2522,60.0386],[17.2307,60.0407],[17.2068,60.0448],[17.1928,60.0335],[17.1703,60.02],[17.16,60.0066],[17.1474,60.0008],[17.1416,60.0002],[17.1274,59.9999],[17.1079,59.9971],[17.0846,59.9906],[17.0855,59.9836],[17.0799,59.9722],[17.1067,59.9706],[17.1132,59.9692],[17.1244,59.9711],[17.1331,59.9541],[17.1292,59.9459],[17.1265,59.9062],[17.1241,59.8998],[17.1279,59.8879],[17.1184,59.8885],[17.1189,59.8831],[17.1289,59.8802],[17.1383,59.8809],[17.1397,59.8765],[17.1471,59.8689],[17.1699,59.8635],[17.155,59.8515],[17.1562,59.8453],[17.1609,59.8451],[17.1823,59.8305],[17.1909,59.8311],[17.1901,59.8254],[17.197,59.827],[17.202,59.8321],[17.2135,59.8329],[17.2423,59.8068],[17.2815,59.7838],[17.29,59.7886],[17.3146,59.7933],[17.3398,59.7848],[17.3502,59.7852],[17.355,59.7828],[17.3626,59.7876],[17.3811,59.7802],[17.3891,59.772],[17.3926,59.7592],[17.4015,59.7452],[17.408,59.7388],[17.4095,59.7321],[17.4318,59.7307],[17.4386,59.7324],[17.4796,59.734],[17.5386,59.7333],[17.5652,59.7341],[17.5834,59.7388],[17.6099,59.7447],[17.6134,59.7613],[17.6221,59.7731],[17.6459,59.7815],[17.6537,59.7868],[17.6605,59.7862],[17.6649,59.7905],[17.6673,59.7965],[17.6733,59.792],[17.6757,59.7894],[17.6748,59.7801],[17.6722,59.7766],[17.6861,59.771],[17.694,59.7657],[17.7098,59.7684],[17.7278,59.7695],[17.7352,59.7745],[17.7569,59.7778],[17.7644,59.7818],[17.7629,59.7868],[17.771,59.8005],[17.7814,59.8061],[17.7926,59.8146],[17.7935,59.8174],[17.8046,59.8239],[17.8095,59.8237],[17.8335,59.8209],[17.843,59.821],[17.859,59.8167],[17.8795,59.8138],[17.9015,59.8185],[17.9231,59.8163],[17.935,59.8122],[17.9417,59.8146],[17.9614,59.8072],[17.9763,59.8077],[17.978,59.8081],[18.0035,59.8112],[18.0066,59.8118],[18.0247,59.8232],[18.0279,59.8268],[18.0527,59.8199],[18.0576,59.8112],[18.0654,59.8094],[18.0854,59.812],[18.097,59.8114],[18.1077,59.8149],[18.1232,59.818],[18.1318,59.8202],[18.153,59.8225],[18.1977,59.8315],[18.2056,59.8294],[18.2197,59.8282],[18.2347,59.8325],[18.2479,59.8349],[18.2574,59.8351],[18.2645,59.8459],[18.2734,59.8506],[18.3141,59.8566],[18.3121,59.8586],[18.3373,59.8634],[18.3539,59.8625],[18.3647,59.8645],[18.3631,59.8727],[18.3814,59.8786],[18.3903,59.8837],[18.3927,59.8898],[18.4032,59.8929],[18.4039,59.8992],[18.3944,59.9129],[18.3938,59.9192],[18.3873,59.9229],[18.3781,59.9309],[18.3773,59.9364],[18.3903,59.9536],[18.4034,59.9569],[18.4234,59.9563],[18.4293,59.965],[18.4272,59.9819],[18.4505,59.9931],[18.4621,59.9937],[18.4712,59.9995],[18.4734,60.0043],[18.4679,60.0072],[18.4489,60.012],[18.4485,60.0158],[18.4364,60.0187],[18.4177,60.0253],[18.3885,60.0413],[18.3968,60.0455],[18.3957,60.0498],[18.3898,60.0535],[18.3888,60.059],[18.3755,60.0624],[18.3504,60.0658],[18.3228,60.0619],[18.3266,60.0513],[18.3389,60.0384],[18.3123,60.0365],[18.297,60.0337],[18.2726,60.0337],[18.2633,60.0345],[18.2489,60.0334],[18.2329,60.0301],[18.2361,60.0273],[18.2311,60.0231],[18.2191,60.0253],[18.2125,60.024],[18.1883,60.029],[18.1746,60.0309],[18.1632,60.0342],[18.1377,60.0355],[18.1279,60.039],[18.1094,60.0415],[18.0787,60.0479],[18.066,60.0496],[18.0491,60.0433],[18.0664,60.0395],[18.0629,60.0349],[18.0456,60.0318],[18.0382,60.0333],[18.0373,60.0233],[18.0237,60.0228],[18.0176,60.0304],[18.0041,60.0402],[17.9948,60.0432],[17.9907,60.0479],[17.9958,60.0513],[17.9854,60.0585],[17.9611,60.0601],[17.9466,60.062],[17.9153,60.0633],[17.9069,60.0592],[17.8904,60.0733],[17.9036,60.0872],[17.8989,60.0902],[17.8948,60.1032],[17.8985,60.1141],[17.8915,60.115],[17.8848,60.1084],[17.8881,60.1033],[17.8448,60.1033]]],[[[17.1398,60.0037],[17.1416,60.0002],[17.1485,60.0064],[17.1463,60.0089],[17.1349,60.0115],[17.1398,60.0037]]]]}},{"type":"Feature","properties":{"code":"0381","name":"Enköping"},"geometry":{"type":"Polygon","coordinates":[[[17.1901,59.8254],[17.1909,59.8311],[17.1823,59.8305],[17.1609,59.8451],[17.1562,59.8453],[17.155,59.8515],[17.1699,59.8635],[17.1471,59.8689],[17.1397,59.8765],[17.1383,59.8809],[17.1289,59.8802],[17.1189,59.8831],[17.1148,59.8848],[17.0911,59.8705],[17.0775,59.8586],[17.0613,59.8541],[17.0555,59.8498],[17.0384,59.8415],[17.0426,59.8376],[17.0244,59.8328],[17.0124,59.8281],[17.0025,59.8285],[16.9876,59.8419],[16.9779,59.8459],[16.9643,59.8549],[16.961,59.8624],[16.9343,59.8672],[16.9165,59.8635],[16.9098,59.8684],[16.8585,59.8659],[16.8414,59.8711],[16.8216,59.8761],[16.8123,59.877],[16.799,59.8815],[16.8005,59.8696],[16.8145,59.867],[16.8366,59.8599],[16.8177,59.8522],[16.8129,59.8518],[16.801,59.8441],[16.8136,59.8376],[16.8098,59.833],[16.8098,59.8262],[16.7998,59.8248],[16.8102,59.8194],[16.8038,59.8138],[16.7926,59.8152],[16.7871,59.8109],[16.7886,59.8067],[16.7743,59.8052],[16.7618,59.7956],[16.729,59.7768],[16.7641,59.7552],[16.7758,59.7464],[16.7818,59.7391],[16.7844,59.7316],[16.7809,59.7239],[16.7835,59.7187],[16.7883,59.7166],[16.8081,59.7136],[16.8157,59.7103],[16.8227,59.6976],[16.8216,59.6958],[16.8241,59.6888],[16.8407,59.6809],[16.8419,59.6766],[16.8548,59.6666],[16.8543,59.6633],[16.8616,59.6517],[16.8637,59.6444],[16.873,59.6317],[16.8737,59.6264],[16.8793,59.6193],[16.8879,59.6029],[16.8948,59.5949],[16.9016,59.5842],[16.9089,59.5766],[16.9174,59.5647],[16.9213,59.5476],[16.926,59.5464],[16.9659,59.5203],[16.9858,59.5177],[16.9961,59.5127],[17.0302,59.5084],[17.046,59.5163],[17.064,59.511],[17.0786,59.5234],[17.0839,59.5307],[17.1013,59.5284],[17.1178,59.5263],[17.1301,59.5198],[17.1415,59.5162],[17.1501,59.5078],[17.1551,59.49],[17.159,59.4853],[17.1822,59.4791],[17.2078,59.4626],[17.2322,59.4578],[17.2671,59.4509],[17.2907,59.4462],[17.3032,59.442],[17.3112,59.4377],[17.3364,59.4413],[17.3539,59.4378],[17.3567,59.4342],[17.365,59.4166],[17.3891,59.4141],[17.3834,59.3969],[17.4151,59.3835],[17.433,59.3958],[17.427,59.4151],[17.4295,59.4195],[17.4262,59.4279],[17.4357,59.4417],[17.4531,59.4465],[17.4797,59.4437],[17.4891,59.4408],[17.5043,59.4405],[17.5021,59.4598],[17.4652,59.507],[17.4648,59.5074],[17.4461,59.5309],[17.4337,59.5466],[17.4097,59.5605],[17.3994,59.5695],[17.3919,59.5802],[17.3778,59.5973],[17.3784,59.6011],[17.3797,59.6076],[17.386,59.6224],[17.384,59.6256],[17.3851,59.6308],[17.3915,59.6346],[17.398,59.6453],[17.3983,59.649],[17.3938,59.6571],[17.3838,59.662],[17.3822,59.6648],[17.4137,59.6619],[17.4219,59.6596],[17.4303,59.663],[17.4387,59.6638],[17.4481,59.6621],[17.4666,59.6643],[17.4741,59.6664],[17.4784,59.6738],[17.4885,59.6812],[17.5089,59.6837],[17.508,59.6936],[17.5192,59.6985],[17.5246,59.7095],[17.542,59.7156],[17.5365,59.7204],[17.5386,59.7333],[17.4796,59.734],[17.4386,59.7324],[17.4318,59.7307],[17.4095,59.7321],[17.408,59.7388],[17.4015,59.7452],[17.3926,59.7592],[17.3891,59.772],[17.3811,59.7802],[17.3626,59.7876],[17.355,59.7828],[17.3502,59.7852],[17.3398,59.7848],[17.3146,59.7933],[17.29,59.7886],[17.2815,59.7838],[17.2423,59.8068],[17.2135,59.8329],[17.202,59.8321],[17.197,59.827],[17.1901,59.8254]]]}},{"type":"Feature","properties":{"code":"0382","name":"Östhammar"},"geometry":{"type":"Polygon","coordinates":[[[17.9663,60.3294],[17.9524,60.3265],[17.9312,60.3298],[17.9257,60.3223],[17.9201,60.3073],[17.9072,60.3075],[17.9018,60.3075],[17.8791,60.3036],[17.8724,60.305],[17.8628,60.3014],[17.8595,60.2961],[17.8468,60.2912],[17.8331,60.2917],[17.8229,60.2887],[17.827,60.2804],[17.8203,60.2797],[17.8148,60.2619],[17.7985,60.2511],[17.7971,60.2298],[17.7766,60.2312],[17.7713,60.2229],[17.7864,60.22],[17.7736,60.2177],[17.7583,60.2202],[17.7567,60.2035],[17.7507,60.1966],[17.7433,60.1932],[17.7342,60.1854],[17.7337,60.1755],[17.7099,60.1622],[17.7069,60.1512],[17.7126,60.1405],[17.7321,60.1387],[17.7417,60.1347],[17.7451,60.128],[17.757,60.1258],[17.779,60.1367],[17.7942,60.1393],[17.8035,60.1495],[17.8239,60.1457],[17.8387,60.1416],[17.852,60.1359],[17.8474,60.124],[17.8459,60.1116],[17.8608,60.109],[17.8448,60.1033],[17.8881,60.1033],[17.8848,60.1084],[17.8915,60.115],[17.8985,60.1141],[17.8948,60.1032],[17.8989,60.0902],[17.9036,60.0872],[17.8904,60.0733],[17.9069,60.0592],[17.9153,60.0633],[17.9466,60.062],[17.9611,60.0601],[17.9854,60.0585],[17.9958,60.0513],[17.9907,60.0479],[17.9948,60.0432],[18.0041,60.0402],[18.0176,60.0304],[18.0237,60.0228],[18.0373,60.0233],[18.0382,60.0333],[18.0456,60.0318],[18.0629,60.0349],[18.0664,60.0395],[18.0491,60.0433],[18.066,60.0496],[18.0787,60.0479],[18.1094,60.0415],[18.1279,60.039],[18.1377,60.0355],[18.1632,60.0342],[18.1746,60.0309],[18.1883,60.029],[18.2125,60.024],[18.2191,60.0253],[18.2311,60.0231],[18.2361,60.0273],[18.2329,60.0301],[18.2489,60.0334],[18.2633,60.0345],[18.2726,60.0337],[18.297,60.0337],[18.3123,60.0365],[18.3389,60.0384],[18.3266,60.0513],[18.3228,60.0619],[18.3504,60.0658],[18.3755,60.0624],[18.3888,60.059],[18.3898,60.0535],[18.3957,60.0498],[18.3968,60.0455],[18.3885,60.0413],[18.4126,60.0474],[18.4312,60.0564],[18.4448,60.0586],[18.4508,60.0772],[18.4629,60.0808],[18.4757,60.0922],[18.492,60.1039],[18.4968,60.1273],[18.4933,60.1377],[18.5018,60.1427],[18.5121,60.1465],[18.511,60.1559],[18.5142,60.1607],[18.5932,60.1634],[18.6403,60.161],[18.6768,60.1551],[18.677,60.167],[18.6931,60.1657],[18.693,60.1761],[18.6817,60.1817],[18.6736,60.1884],[18.6727,60.1946],[18.696,60.2007],[18.6966,60.2069],[18.6932,60.2144],[18.6786,60.2313],[18.6836,60.2393],[18.7182,60.2473],[18.755,60.2533],[18.7723,60.2659],[18.7024,60.4234],[18.4593,60.5482],[18.3512,60.5319],[18.3481,60.5142],[18.3413,60.4916],[18.3149,60.4358],[18.2197,60.457],[18.2068,60.4542],[18.1737,60.447],[18.131,60.4373],[18.1129,60.4315],[18.1007,60.4316],[18.0657,60.4088],[18.0451,60.4007],[18.0252,60.3997],[18.021,60.4028],[18.0107,60.4003],[17.9989,60.4015],[17.981,60.3969],[17.9753,60.3925],[17.9755,60.3669],[17.9733,60.3442],[17.9663,60.3294]]]}},{"type":"Feature","properties":{"code":"0428","name":"Vingåker"},"geometry":{"type":"Polygon","coordinates":[[[16.0522,58.9951],[16.064,58.998],[16.0831,59.0067],[16.0987,59.0127],[16.1094,59.0213],[16.1187,59.0231],[16.1321,59.0216],[16.1576,59.0214],[16.1441,59.0399],[16.1271,59.0473],[16.122,59.0529],[16.1093,59.0554],[16.1087,59.0638],[16.0973,59.0733],[16.0887,59.0762],[16.0695,59.0865],[16.0613,59.0907],[16.0462,59.1029],[16.0375,59.1292],[16.0131,59.1488],[15.963,59.1598],[15.9514,59.1589],[15.9429,59.1634],[15.9343,59.1633],[15.8926,59.1691],[15.7691,59.1837],[15.7982,59.137],[15.7879,59.1369],[15.7879,59.1335],[15.7976,59.1229],[15.7908,59.1214],[15.7899,59.113],[15.7943,59.1097],[15.7763,59.1044],[15.7704,59.1064],[15.7293,59.1054],[15.7166,59.1017],[15.7073,59.101],[15.7012,59.096],[15.7078,59.0887],[15.7161,59.0849],[15.7105,59.0774],[15.7036,59.0765],[15.7012,59.0725],[15.6841,59.0652],[15.6719,59.0641],[15.6399,59.0541],[15.6426,59.0498],[15.6366,59.0471],[15.6383,59.0432],[15.6323,59.0368],[15.6334,59.0313],[15.6283,59.0245],[15.62,59.0247],[15.6212,59.0157],[15.6311,59.0113],[15.6448,59.0129],[15.652,59.0077],[15.6545,58.9997],[15.6503,58.9961],[15.6653,58.982],[15.6876,58.982],[15.691,58.9867],[15.7008,58.9851],[15.7207,58.9896],[15.728,58.9836],[15.7257,58.9801],[15.7331,58.9738],[15.7427,58.9565],[15.7413,58.9511],[15.7644,58.9565],[15.7618,58.9637],[15.7668,58.9665],[15.7785,58.9676],[15.7822,58.9848],[15.7923,58.9904],[15.8069,59.0027],[15.8073,59.0125],[15.8154,59.0187],[15.8429,59.0149],[15.8569,59.0073],[15.8721,58.9995],[15.8655,58.9907],[15.8834,58.9875],[15.8824,58.9791],[15.8966,58.9738],[15.9096,58.9638],[15.9115,58.9624],[15.9298,58.9608],[15.9381,58.9564],[15.9502,58.9534],[15.9674,58.9472],[15.9741,58.9532],[15.9865,58.9527],[15.9963,58.9611],[16.0071,58.9788],[16.0165,58.9819],[16.0237,58.9818],[16.0316,58.9869],[16.0488,58.9925],[16.0522,58.9951]]]}},{"type":"Feature","properties":{"code":"0461","name":"Gnesta"},"geometry":{"type":"Polygon","coordinates":[[[17.3192,59.0491],[17.3204,59.0621],[17.3259,59.0702],[17.3207,59.0759],[17.3121,59.0793],[17.316,59.0856],[17.3184,59.0978],[17.3187,59.1152],[17.3219,59.124],[17.3219,59.1372],[17.3168,59.1449],[17.3076,59.1515],[17.2972,59.1643],[17.277,59.1696],[17.2595,59.1721],[17.2451,59.1724],[17.2237,59.176],[17.2179,59.1801],[17.1917,59.1938],[17.1755,59.1958],[17.164,59.1941],[17.1462,59.1951],[17.1277,59.2001],[17.1148,59.1967],[17.0198,59.2018],[16.9939,59.2029],[16.9373,59.2051],[16.9246,59.1864],[16.9078,59.1774],[16.8823,59.1509],[16.9068,59.1385],[16.9084,59.1344],[16.8805,59.1118],[16.9044,59.1014],[16.9091,59.0952],[16.9256,59.0866],[16.9448,59.0822],[16.9573,59.0729],[16.9716,59.0657],[16.9804,59.0674],[16.9813,59.0625],[16.9902,59.0556],[16.9962,59.048],[17.0017,59.0449],[17.0042,59.0397],[17.0113,59.0368],[17.0244,59.0368],[17.0095,59.0304],[17.0406,59.0181],[17.0568,59.0211],[17.0633,59.017],[17.076,59.0125],[17.0822,59.0084],[17.0769,59.0046],[17.0861,59.0018],[17.0942,58.9955],[17.1047,58.991],[17.1202,58.982],[17.1285,58.9815],[17.1468,58.9779],[17.1542,58.9747],[17.1644,58.981],[17.173,58.9819],[17.175,58.9773],[17.2067,58.9691],[17.2174,58.9527],[17.2229,58.951],[17.2439,58.9522],[17.2717,58.955],[17.2844,58.9432],[17.3009,58.9382],[17.314,58.9367],[17.3251,58.9193],[17.3346,58.9164],[17.3476,58.9264],[17.3521,58.925],[17.3674,58.9339],[17.3851,58.9338],[17.4037,58.9446],[17.409,58.9492],[17.3991,58.9569],[17.3998,58.9607],[17.3911,58.9657],[17.3855,58.9746],[17.3752,58.9824],[17.3707,58.9911],[17.3653,58.9958],[17.3648,59.001],[17.3605,59.0073],[17.3547,59.0093],[17.3519,59.0174],[17.3433,59.0251],[17.3468,59.0291],[17.3335,59.0331],[17.3329,59.0388],[17.3283,59.0431],[17.3192,59.0491]]]}},{"type":"Feature","properties":{"code":"0480","name":"Nyköping"},"geometry":{"type":"Polygon","coordinates":[[[17.1518,58.702],[17.1782,58.7007],[17.2282,58.6946],[17.2707,58.6825],[17.3391,58.6645],[17.4577,58.612],[17.525,58.5824],[17.8121,58.4563],[17.8747,58.471],[17.7309,58.5848],[17.6153,58.6756],[17.5744,58.6919],[17.5709,58.7414],[17.5233,58.7602],[17.4837,58.7724],[17.4841,58.7751],[17.4684,58.7838],[17.4649,58.7801],[17.4352,58.7727],[17.4279,58.775],[17.43,58.7941],[17.4243,58.8112],[17.4203,58.8119],[17.4109,58.819],[17.3989,58.8216],[17.398,58.8281],[17.388,58.8224],[17.3822,58.8286],[17.364,58.8304],[17.3561,58.8407],[17.3582,58.8476],[17.358,58.8707],[17.3726,58.8745],[17.3893,58.8827],[17.3877,58.8899],[17.3924,58.893],[17.3877,58.9068],[17.3796,58.914],[17.386,58.9299],[17.3851,58.9338],[17.3674,58.9339],[17.3521,58.925],[17.3476,58.9264],[17.3346,58.9164],[17.3251,58.9193],[17.314,58.9367],[17.3009,58.9382],[17.2844,58.9432],[17.2717,58.955],[17.2439,58.9522],[17.2229,58.951],[17.2174,58.9527],[17.2067,58.9691],[17.175,58.9773],[17.173,58.9819],[17.1644,58.981],[17.1542,58.9747],[17.1468,58.9779],[17.1285,58.9815],[17.1202,58.982],[17.1047,58.991],[17.0942,58.9955],[17.0861,59.0018],[17.0769,59.0046],[17.0822,59.0084],[17.076,59.0125],[17.0633,59.017],[17.0568,59.0211],[17.0406,59.0181],[17.0275,59.0208],[16.9811,59.0305],[16.9783,59.0304],[16.9437,59.0169],[16.9249,59.0051],[16.8899,58.9933],[16.8826,58.9891],[16.8749,58.9737],[16.8782,58.9676],[16.8696,58.9621],[16.8807,58.9574],[16.8823,58.9511],[16.8884,58.9433],[16.8766,58.9458],[16.8627,58.9438],[16.8448,58.9431],[16.8364,58.9439],[16.8201,58.9485],[16.8034,58.9486],[16.7743,58.9374],[16.7673,58.934],[16.7335,58.9299],[16.7356,58.9172],[16.7322,58.9105],[16.7225,58.9021],[16.7267,58.8998],[16.7255,58.8937],[16.7128,58.8934],[16.6939,58.8945],[16.6845,58.8974],[16.6722,58.8967],[16.6585,58.9061],[16.6578,58.9013],[16.6648,58.8919],[16.6689,58.8894],[16.6508,58.8839],[16.6381,58.8823],[16.6316,58.879],[16.6194,58.8827],[16.6114,58.8877],[16.596,58.8895],[16.5857,58.8931],[16.5705,58.8848],[16.5682,58.8811],[16.5547,58.8731],[16.6057,58.8481],[16.6205,58.8353],[16.6257,58.8253],[16.6178,58.8209],[16.6041,58.8167],[16.603,58.8107],[16.5988,58.8081],[16.5952,58.7952],[16.5879,58.7867],[16.5824,58.7882],[16.5665,58.7834],[16.5607,58.7796],[16.5152,58.7736],[16.5026,58.7691],[16.4994,58.7701],[16.4641,58.7701],[16.4565,58.775],[16.4402,58.7784],[16.432,58.7821],[16.4107,58.7841],[16.4041,58.7835],[16.3983,58.7884],[16.3469,58.7955],[16.3376,58.8013],[16.3158,58.8064],[16.3064,58.8114],[16.2912,58.8145],[16.293,58.8167],[16.2791,58.8218],[16.2691,58.8256],[16.2893,58.8007],[16.3048,58.7951],[16.3103,58.7915],[16.3086,58.7855],[16.296,58.7759],[16.3046,58.7683],[16.308,58.7722],[16.3222,58.7756],[16.3274,58.7796],[16.3382,58.7721],[16.3687,58.753],[16.3699,58.7413],[16.3745,58.74],[16.3706,58.7343],[16.3776,58.7097],[16.3901,58.7032],[16.3992,58.7019],[16.4061,58.7039],[16.4177,58.703],[16.427,58.6972],[16.4522,58.6983],[16.475,58.6963],[16.5106,58.6978],[16.5415,58.7009],[16.559,58.6975],[16.5845,58.6978],[16.6074,58.6941],[16.6298,58.6865],[16.6371,58.685],[16.6361,58.6793],[16.6426,58.6763],[16.6488,58.6819],[16.6532,58.6812],[16.6898,58.6756],[16.7091,58.665],[16.71,58.6599],[16.7169,58.6555],[16.7337,58.6438],[16.7584,58.6302],[16.7499,58.6271],[16.7738,58.6171],[16.7877,58.6117],[16.8274,58.5943],[16.8901,58.601],[16.9189,58.5959],[16.9425,58.5845],[16.9724,58.581],[17.0164,58.5901],[17.0698,58.5907],[17.0786,58.6114],[17.0868,58.6346],[17.0584,58.648],[17.0476,58.6552],[17.0451,58.6596],[17.0322,58.6653],[17.0184,58.6694],[17.0051,58.6715],[16.9871,58.6722],[16.9891,58.6769],[16.9973,58.6795],[16.9922,58.6869],[16.9931,58.6917],[17.0019,58.6925],[16.9966,58.6968],[17.0046,58.707],[17.0104,58.706],[17.0192,58.7062],[17.0238,58.7001],[17.0329,58.6966],[17.0426,58.6977],[17.0559,58.6958],[17.061,58.6934],[17.077,58.6919],[17.0956,58.6955],[17.1059,58.6957],[17.1134,58.702],[17.1258,58.7033],[17.1518,58.702]],[[17.3748,58.8167],[17.3655,58.8168],[17.3628,58.8208],[17.3766,58.8239],[17.3748,58.8167]]]}},{"type":"Feature","properties":{"code":"0481","name":"Oxelösund"},"geometry":{"type":"Polygon","coordinates":[[[17.2282,58.6946],[17.1782,58.7007],[17.1518,58.702],[17.1258,58.7033],[17.1134,58.702],[17.1059,58.6957],[17.0956,58.6955],[17.077,58.6919],[17.061,58.6934],[17.0559,58.6958],[17.0426,58.6977],[17.0329,58.6966],[17.0238,58.7001],[17.0192,58.7062],[17.0104,58.706],[17.0046,58.707],[16.9966,58.6968],[17.0019,58.6925],[16.9931,58.6917],[16.9922,58.6869],[16.9973,58.6795],[16.9891,58.6769],[16.9871,58.6722],[17.0051,58.6715],[17.0184,58.6694],[17.0322,58.6653],[17.0451,58.6596],[17.0476,58.6552],[17.0584,58.648],[17.0868,58.6346],[17.0786,58.6114],[17.0698,58.5907],[17.1309,58.5501],[17.1465,58.5327],[17.149,58.5033],[17.516,58.4108],[17.5693,58.399],[17.8121,58.4563],[17.525,58.5824],[17.4577,58.612],[17.3391,58.6645],[17.2707,58.6825],[17.2282,58.6946]]]}},{"type":"Feature","properties":{"code":"0482","name":"Flen"},"geometry":{"type":"Polygon","coordinates":[[[16.8805,59.1118],[16.9084,59.1344],[16.9068,59.1385],[16.8823,59.1509],[16.9078,59.1774],[16.9246,59.1864],[16.9373,59.2051],[16.9292,59.2065],[16.9356,59.2135],[16.9109,59.2117],[16.887,59.214],[16.8675,59.2222],[16.8433,59.2265],[16.8402,59.2385],[16.8285,59.2371],[16.8111,59.2388],[16.8156,59.2343],[16.7986,59.2315],[16.774,59.2301],[16.746,59.2301],[16.7554,59.2208],[16.7072,59.2183],[16.6786,59.218],[16.6622,59.2166],[16.6516,59.2144],[16.6282,59.2098],[16.6147,59.2099],[16.6096,59.2064],[16.5952,59.202],[16.5429,59.2009],[16.5274,59.2004],[16.4906,59.2001],[16.4585,59.1975],[16.4641,59.1879],[16.4626,59.1716],[16.4609,59.1688],[16.4637,59.1528],[16.4617,59.1376],[16.4583,59.1315],[16.4607,59.1125],[16.4633,59.1007],[16.4729,59.0985],[16.4734,59.0937],[16.4812,59.0902],[16.4911,59.0897],[16.5243,59.0803],[16.5204,59.0697],[16.5106,59.061],[16.5133,59.0561],[16.5185,59.0552],[16.5156,59.0484],[16.5324,59.0478],[16.537,59.0437],[16.5282,59.0413],[16.5285,59.0369],[16.5365,59.0347],[16.5411,59.0307],[16.5667,59.0295],[16.5622,59.0253],[16.5526,59.0227],[16.5583,59.0194],[16.5549,59.0114],[16.5703,59.0041],[16.5614,58.9987],[16.5443,58.9954],[16.5256,59.0035],[16.5189,59.0053],[16.5041,58.9975],[16.5145,58.9889],[16.5272,58.9851],[16.521,58.981],[16.5216,58.9767],[16.502,58.9768],[16.4986,58.9699],[16.4906,58.9635],[16.5025,58.9549],[16.5276,58.9467],[16.5303,58.9397],[16.5222,58.9363],[16.5192,58.9318],[16.5063,58.9351],[16.4964,58.9285],[16.4919,58.9198],[16.484,58.9179],[16.454,58.921],[16.438,58.9269],[16.4176,58.9182],[16.4322,58.9107],[16.4424,58.9087],[16.4631,58.9004],[16.4713,58.8961],[16.4909,58.8984],[16.5268,58.8848],[16.5398,58.8751],[16.5547,58.8731],[16.5682,58.8811],[16.5705,58.8848],[16.5857,58.8931],[16.596,58.8895],[16.6114,58.8877],[16.6194,58.8827],[16.6316,58.879],[16.6381,58.8823],[16.6508,58.8839],[16.6689,58.8894],[16.6648,58.8919],[16.6578,58.9013],[16.6585,58.9061],[16.6722,58.8967],[16.6845,58.8974],[16.6939,58.8945],[16.7128,58.8934],[16.7255,58.8937],[16.7267,58.8998],[16.7225,58.9021],[16.7322,58.9105],[16.7356,58.9172],[16.7335,58.9299],[16.7673,58.934],[16.7743,58.9374],[16.8034,58.9486],[16.8201,58.9485],[16.8364,58.9439],[16.8448,58.9431],[16.8627,58.9438],[16.8766,58.9458],[16.8884,58.9433],[16.8823,58.9511],[16.8807,58.9574],[16.8696,58.9621],[16.8782,58.9676],[16.8749,58.9737],[16.8826,58.9891],[16.8899,58.9933],[16.9249,59.0051],[16.9437,59.0169],[16.9783,59.0304],[16.9811,59.0305],[17.0275,59.0208],[17.0406,59.0181],[17.0095,59.0304],[17.0244,59.0368],[17.0113,59.0368],[17.0042,59.0397],[17.0017,59.0449],[16.9962,59.048],[16.9902,59.0556],[16.9813,59.0625],[16.9804,59.0674],[16.9716,59.0657],[16.9573,59.0729],[16.9448,59.0822],[16.9256,59.0866],[16.9091,59.0952],[16.9044,59.1014],[16.8805,59.1118]]]}},{"type":"Feature","properties":{"code":"0483","name":"Katrineholm"},"geometry":{"type":"Polygon","coordinates":[[[16.5547,58.8731],[16.5398,58.8751],[16.5268,58.8848],[16.4909,58.8984],[16.4713,58.8961],[16.4631,58.9004],[16.4424,58.9087],[16.4322,58.9107],[16.4176,58.9182],[16.438,58.9269],[16.454,58.921],[16.484,58.9179],[16.4919,58.9198],[16.4964,58.9285],[16.5063,58.9351],[16.5192,58.9318],[16.5222,58.9363],[16.5303,58.9397],[16.5276,58.9467],[16.5025,58.9549],[16.4906,58.9635],[16.4986,58.9699],[16.502,58.9768],[16.5216,58.9767],[16.521,58.981],[16.5272,58.9851],[16.5145,58.9889],[16.5041,58.9975],[16.5189,59.0053],[16.5256,59.0035],[16.5443,58.9954],[16.5614,58.9987],[16.5703,59.0041],[16.5549,59.0114],[16.5583,59.0194],[16.5526,59.0227],[16.5622,59.0253],[16.5667,59.0295],[16.5411,59.0307],[16.5365,59.0347],[16.5285,59.0369],[16.5282,59.0413],[16.537,59.0437],[16.5324,59.0478],[16.5156,59.0484],[16.5185,59.0552],[16.5133,59.0561],[16.5106,59.061],[16.5204,59.0697],[16.5243,59.0803],[16.4911,59.0897],[16.4812,59.0902],[16.4734,59.0937],[16.4729,59.0985],[16.4633,59.1007],[16.4607,59.1125],[16.4583,59.1315],[16.4617,59.1376],[16.4637,59.1528],[16.4609,59.1688],[16.4626,59.1716],[16.4641,59.1879],[16.4585,59.1975],[16.4126,59.1944],[16.3902,59.1932],[16.3814,59.1914],[16.3714,59.1843],[16.3596,59.1734],[16.3489,59.1649],[16.3354,59.1608],[16.3154,59.1603],[16.294,59.1615],[16.256,59.1584],[16.2331,59.1568],[16.2129,59.1454],[16.2053,59.1596],[16.2092,59.1649],[16.2019,59.1663],[16.1953,59.183],[16.1857,59.1866],[16.1816,59.1932],[16.1729,59.1982],[16.1518,59.2019],[16.1022,59.2028],[16.1028,59.209],[16.099,59.215],[16.101,59.2209],[16.0911,59.2202],[16.0741,59.2456],[16.0591,59.2466],[16.0244,59.263],[15.8927,59.2305],[15.762,59.1979],[15.7637,59.1946],[15.7691,59.1837],[15.8926,59.1691],[15.9343,59.1633],[15.9429,59.1634],[15.9514,59.1589],[15.963,59.1598],[16.0131,59.1488],[16.0375,59.1292],[16.0462,59.1029],[16.0613,59.0907],[16.0695,59.0865],[16.0887,59.0762],[16.0973,59.0733],[16.1087,59.0638],[16.1093,59.0554],[16.122,59.0529],[16.1271,59.0473],[16.1441,59.0399],[16.1576,59.0214],[16.1321,59.0216],[16.1187,59.0231],[16.1094,59.0213],[16.0987,59.0127],[16.0831,59.0067],[16.064,58.998],[16.0522,58.9951],[16.0488,58.9925],[16.0316,58.9869],[16.0237,58.9818],[16.0165,58.9819],[16.0071,58.9788],[15.9963,58.9611],[15.9865,58.9527],[15.9741,58.9532],[15.9674,58.9472],[15.9936,58.9373],[16.0358,58.928],[16.0538,58.9274],[16.0631,58.9237],[16.0822,58.9195],[16.0827,58.9162],[16.0908,58.9121],[16.0889,58.9083],[16.0938,58.9057],[16.0918,58.9016],[16.0991,58.8993],[16.1026,58.8916],[16.1022,58.8858],[16.1121,58.8854],[16.1186,58.882],[16.1442,58.875],[16.1493,58.871],[16.1661,58.8633],[16.1803,58.8585],[16.1823,58.8539],[16.1915,58.8463],[16.1914,58.8391],[16.2106,58.8349],[16.2198,58.8384],[16.2636,58.8322],[16.2691,58.8256],[16.2791,58.8218],[16.293,58.8167],[16.2912,58.8145],[16.3064,58.8114],[16.3158,58.8064],[16.3376,58.8013],[16.3469,58.7955],[16.3983,58.7884],[16.4041,58.7835],[16.4107,58.7841],[16.432,58.7821],[16.4402,58.7784],[16.4565,58.775],[16.4641,58.7701],[16.4994,58.7701],[16.5026,58.7691],[16.5152,58.7736],[16.5607,58.7796],[16.5665,58.7834],[16.5824,58.7882],[16.5879,58.7867],[16.5952,58.7952],[16.5988,58.8081],[16.603,58.8107],[16.6041,58.8167],[16.6178,58.8209],[16.6257,58.8253],[16.6205,58.8353],[16.6057,58.8481],[16.5547,58.8731]]]}},{"type":"Feature","properties":{"code":"0484","name":"Eskilstuna"},"geometry":{"type":"Polygon","coordinates":[[[16.269,59.3651],[16.2665,59.362],[16.2356,59.36],[16.2225,59.3612],[16.202,59.3582],[16.1957,59.3545],[16.1863,59.3524],[16.1761,59.3524],[16.157,59.3463],[16.1421,59.3484],[16.1351,59.3478],[16.1128,59.3503],[16.0723,59.352],[16.0592,59.3582],[16.0623,59.3605],[16.0466,59.3639],[16.0351,59.3693],[15.9964,59.3595],[15.9792,59.3531],[15.9653,59.3519],[15.9505,59.3476],[15.9383,59.3414],[15.9386,59.3225],[15.9176,59.3165],[15.9112,59.3156],[15.9122,59.3055],[15.9025,59.2964],[15.8858,59.3],[15.8806,59.3031],[15.8766,59.2919],[15.8783,59.2837],[15.8647,59.284],[15.8927,59.2305],[16.0244,59.263],[16.0591,59.2466],[16.0741,59.2456],[16.0911,59.2202],[16.101,59.2209],[16.099,59.215],[16.1028,59.209],[16.1022,59.2028],[16.1518,59.2019],[16.1729,59.1982],[16.1816,59.1932],[16.1857,59.1866],[16.1953,59.183],[16.2019,59.1663],[16.2092,59.1649],[16.2053,59.1596],[16.2129,59.1454],[16.2331,59.1568],[16.256,59.1584],[16.294,59.1615],[16.3154,59.1603],[16.3354,59.1608],[16.3489,59.1649],[16.3596,59.1734],[16.3714,59.1843],[16.3814,59.1914],[16.3902,59.1932],[16.4126,59.1944],[16.4585,59.1975],[16.4906,59.2001],[16.5274,59.2004],[16.5429,59.2009],[16.5952,59.202],[16.6096,59.2064],[16.6147,59.2099],[16.6282,59.2098],[16.6516,59.2144],[16.6622,59.2166],[16.6786,59.218],[16.7072,59.2183],[16.7554,59.2208],[16.746,59.2301],[16.774,59.2301],[16.7986,59.2315],[16.8156,59.2343],[16.8111,59.2388],[16.8285,59.2371],[16.8402,59.2385],[16.8367,59.2464],[16.841,59.2581],[16.8353,59.2652],[16.8349,59.2783],[16.8385,59.2852],[16.8343,59.2937],[16.8438,59.2984],[16.8461,59.3027],[16.8227,59.3046],[16.8344,59.3084],[16.8292,59.3301],[16.8306,59.339],[16.8263,59.348],[16.825,59.3567],[16.8345,59.3915],[16.8192,59.3947],[16.8297,59.4044],[16.7889,59.4211],[16.784,59.4273],[16.7544,59.4385],[16.7374,59.4468],[16.7337,59.4501],[16.7175,59.4569],[16.7069,59.4643],[16.7,59.4658],[16.6978,59.4701],[16.7012,59.4879],[16.68,59.4905],[16.6656,59.4923],[16.649,59.4858],[16.5975,59.4799],[16.5889,59.479],[16.5443,59.4741],[16.4965,59.4689],[16.4107,59.4598],[16.4021,59.4601],[16.3861,59.4667],[16.3715,59.4673],[16.3492,59.46],[16.3227,59.4529],[16.3157,59.4525],[16.3005,59.4576],[16.2683,59.4523],[16.2631,59.4524],[16.2543,59.4525],[16.2488,59.4402],[16.2475,59.4252],[16.2451,59.4156],[16.249,59.4119],[16.2701,59.406],[16.2907,59.399],[16.3067,59.3994],[16.2842,59.3948],[16.2736,59.3885],[16.2729,59.3763],[16.269,59.3651]],[[16.8287,59.2954],[16.8146,59.2996],[16.8208,59.3029],[16.8287,59.2954]]]}},{"type":"Feature","properties":{"code":"0486","name":"Strängnäs"},"geometry":{"type":"MultiPolygon","coordinates":[[[[17.3416,59.2736],[17.3478,59.2791],[17.3486,59.2851],[17.3483,59.3057],[17.3441,59.3113],[17.3506,59.3199],[17.3462,59.3262],[17.3481,59.3336],[17.335,59.3517],[17.4256,59.3513],[17.4109,59.3662],[17.4151,59.3835],[17.3834,59.3969],[17.3891,59.4141],[17.365,59.4166],[17.3567,59.4342],[17.3539,59.4378],[17.3364,59.4413],[17.3112,59.4377],[17.3032,59.442],[17.2907,59.4462],[17.2671,59.4509],[17.2322,59.4578],[17.2078,59.4626],[17.1822,59.4791],[17.159,59.4853],[17.1551,59.49],[17.1501,59.5078],[17.1415,59.5162],[17.1301,59.5198],[17.1178,59.5263],[17.1013,59.5284],[17.0839,59.5307],[17.0786,59.5234],[17.064,59.511],[17.046,59.5163],[17.0302,59.5084],[16.9961,59.5127],[16.9858,59.5177],[16.9659,59.5203],[16.9506,59.494],[16.9352,59.4851],[16.915,59.4827],[16.9063,59.4796],[16.8845,59.48],[16.883,59.4812],[16.8339,59.4984],[16.7569,59.502],[16.7214,59.4898],[16.7012,59.4879],[16.6978,59.4701],[16.7,59.4658],[16.7069,59.4643],[16.7175,59.4569],[16.7337,59.4501],[16.7374,59.4468],[16.7544,59.4385],[16.784,59.4273],[16.7889,59.4211],[16.8297,59.4044],[16.8192,59.3947],[16.8345,59.3915],[16.825,59.3567],[16.8263,59.348],[16.8306,59.339],[16.8292,59.3301],[16.8344,59.3084],[16.8227,59.3046],[16.8461,59.3027],[16.8438,59.2984],[16.8343,59.2937],[16.8385,59.2852],[16.8349,59.2783],[16.8353,59.2652],[16.841,59.2581],[16.8367,59.2464],[16.8402,59.2385],[16.8433,59.2265],[16.8675,59.2222],[16.887,59.214],[16.9109,59.2117],[16.9356,59.2135],[16.9292,59.2065],[16.9373,59.2051],[16.9939,59.2029],[17.0198,59.2018],[17.1148,59.1967],[17.1277,59.2001],[17.1462,59.1951],[17.164,59.1941],[17.1755,59.1958],[17.1917,59.1938],[17.2179,59.1801],[17.2237,59.176],[17.2451,59.1724],[17.2595,59.1721],[17.277,59.1696],[17.2795,59.171],[17.2588,59.1819],[17.2637,59.1822],[17.2671,59.1846],[17.2626,59.1967],[17.248,59.1993],[17.2514,59.2081],[17.2437,59.2146],[17.2465,59.2192],[17.2611,59.2223],[17.2719,59.2345],[17.2748,59.2456],[17.293,59.247],[17.3089,59.2521],[17.3039,59.2566],[17.3104,59.2663],[17.3416,59.2736]]],[[[16.8287,59.2954],[16.8208,59.3029],[16.8146,59.2996],[16.8287,59.2954]]]]}},{"type":"Feature","properties":{"code":"0488","name":"Trosa"},"geometry":{"type":"MultiPolygon","coordinates":[[[[17.3752,58.9824],[17.3855,58.9746],[17.3911,58.9657],[17.3998,58.9607],[17.3991,58.9569],[17.409,58.9492],[17.4037,58.9446],[17.3851,58.9338],[17.386,58.9299],[17.3796,58.914],[17.3877,58.9068],[17.3924,58.893],[17.3877,58.8899],[17.3893,58.8827],[17.3726,58.8745],[17.358,58.8707],[17.3582,58.8476],[17.3561,58.8407],[17.364,58.8304],[17.3822,58.8286],[17.388,58.8224],[17.398,58.8281],[17.3989,58.8216],[17.4109,58.819],[17.4203,58.8119],[17.4243,58.8112],[17.43,58.7941],[17.4279,58.775],[17.4352,58.7727],[17.4649,58.7801],[17.4684,58.7838],[17.4841,58.7751],[17.4837,58.7724],[17.5233,58.7602],[17.5709,58.7414],[17.5744,58.6919],[17.6153,58.6756],[17.7309,58.5848],[17.8747,58.471],[17.9512,58.4889],[17.7955,58.6712],[17.7867,58.7779],[17.7252,58.7979],[17.7179,58.8153],[17.6696,58.8262],[17.6521,58.86],[17.6607,58.8665],[17.6516,58.8769],[17.6546,58.8934],[17.6399,58.8986],[17.632,58.9032],[17.6362,58.9083],[17.6282,58.9211],[17.6231,58.9325],[17.6253,58.935],[17.611,58.9397],[17.5968,58.9443],[17.5897,58.9444],[17.5782,58.9479],[17.5696,58.9525],[17.5624,58.9508],[17.5573,58.9536],[17.5578,58.9585],[17.5496,58.9627],[17.5429,58.9714],[17.5545,58.9827],[17.5315,58.9822],[17.5245,58.9828],[17.5119,58.9813],[17.5003,58.9856],[17.4806,58.9891],[17.4758,58.9873],[17.4433,58.995],[17.4467,58.9905],[17.4392,58.9813],[17.4299,58.9805],[17.4123,58.9832],[17.394,58.9822],[17.383,58.9848],[17.3752,58.9824]]],[[[17.3748,58.8167],[17.3766,58.8239],[17.3628,58.8208],[17.3655,58.8168],[17.3748,58.8167]]]]}},{"type":"Feature","properties":{"code":"0509","name":"Ödeshög"},"geometry":{"type":"Polygon","coordinates":[[[14.8595,58.2684],[14.8573,58.2776],[14.868,58.2795],[14.8742,58.2843],[14.8713,58.2874],[14.8589,58.2885],[14.8529,58.3067],[14.855,58.3123],[14.8528,58.3158],[14.8677,58.3183],[14.8723,58.3238],[14.858,58.3252],[14.8505,58.3387],[14.8345,58.355],[14.8182,58.3468],[14.7705,58.3475],[14.7546,58.338],[14.7153,58.3314],[14.7084,58.3349],[14.6937,58.3328],[14.6903,58.3286],[14.6639,58.3374],[14.6705,58.3494],[14.6448,58.3506],[14.619,58.3164],[14.6041,58.2552],[14.5698,58.236],[14.5577,58.2293],[14.4397,58.1651],[14.4683,58.1311],[14.5434,58.1114],[14.5496,58.1051],[14.557,58.1046],[14.5654,58.1066],[14.5867,58.1042],[14.5934,58.0985],[14.6124,58.098],[14.6175,58.0965],[14.6289,58.0974],[14.6432,58.0967],[14.652,58.0958],[14.6578,58.1009],[14.7118,58.0979],[14.7228,58.0979],[14.7339,58.1006],[14.7404,58.1002],[14.7592,58.1038],[14.7658,58.095],[14.7656,58.0861],[14.791,58.0852],[14.802,58.0864],[14.8088,58.0827],[14.8369,58.0863],[14.8535,58.0859],[14.8692,58.0879],[14.8835,58.0911],[14.8868,58.0852],[14.8969,58.0854],[14.8865,58.0989],[14.8967,58.1067],[14.8995,58.1127],[14.9141,58.111],[14.912,58.1161],[14.9168,58.1202],[14.9078,58.122],[14.8999,58.1203],[14.8923,58.1239],[14.8891,58.1289],[14.8986,58.1377],[14.9213,58.1431],[14.9153,58.1514],[14.9147,58.1692],[14.8992,58.1662],[14.8913,58.1623],[14.8847,58.1664],[14.8783,58.1648],[14.8768,58.1711],[14.8791,58.1825],[14.8689,58.1852],[14.8716,58.1916],[14.8655,58.2038],[14.8643,58.2105],[14.8661,58.2161],[14.8742,58.2249],[14.884,58.2302],[14.8715,58.2339],[14.8756,58.2387],[14.8855,58.2431],[14.8866,58.2525],[14.8844,58.2563],[14.89,58.2635],[14.87,58.2601],[14.8595,58.2684]]]}},{"type":"Feature","properties":{"code":"0512","name":"Ydre"},"geometry":{"type":"Polygon","coordinates":[[[15.0226,57.8891],[15.0206,57.8852],[15.0302,57.8786],[15.0283,57.8723],[15.0335,57.8662],[15.0446,57.8594],[15.0703,57.8472],[15.0708,57.8427],[15.078,57.8359],[15.0709,57.8313],[15.0677,57.8223],[15.0714,57.8177],[15.0738,57.8062],[15.0817,57.7962],[15.0883,57.7789],[15.0887,57.7728],[15.1042,57.7573],[15.1119,57.7532],[15.1197,57.7439],[15.1196,57.7396],[15.1249,57.7301],[15.1303,57.7246],[15.1281,57.7202],[15.1282,57.7168],[15.1355,57.7169],[15.1407,57.7121],[15.1538,57.7098],[15.1549,57.7061],[15.1786,57.7049],[15.1785,57.7087],[15.1989,57.7092],[15.2043,57.7104],[15.2248,57.7097],[15.2374,57.7079],[15.2568,57.7062],[15.2656,57.7084],[15.2818,57.7102],[15.282,57.7146],[15.3034,57.7104],[15.3257,57.7012],[15.3565,57.7066],[15.3769,57.706],[15.4008,57.7084],[15.4118,57.7083],[15.4215,57.7047],[15.4373,57.7116],[15.4463,57.7185],[15.4406,57.7274],[15.4525,57.7324],[15.4466,57.7373],[15.4408,57.7384],[15.4346,57.746],[15.4443,57.7469],[15.4681,57.7538],[15.4809,57.756],[15.4813,57.7595],[15.4924,57.7622],[15.5009,57.7579],[15.5051,57.7637],[15.5138,57.7684],[15.5252,57.7627],[15.5382,57.7711],[15.5542,57.7726],[15.5469,57.7785],[15.5426,57.7847],[15.5424,57.7902],[15.5382,57.7929],[15.5339,57.8027],[15.5143,57.8191],[15.5261,57.8362],[15.5349,57.8465],[15.5305,57.8519],[15.5119,57.8556],[15.485,57.8661],[15.4597,57.87],[15.4589,57.8847],[15.4488,57.8846],[15.443,57.8882],[15.4194,57.8864],[15.4156,57.8907],[15.4244,57.8982],[15.418,57.9115],[15.4121,57.9164],[15.4157,57.9244],[15.4132,57.9306],[15.4192,57.9357],[15.4234,57.9525],[15.4227,57.9578],[15.4142,57.9637],[15.41,57.9629],[15.3967,57.9651],[15.3828,57.9703],[15.3681,57.9712],[15.3688,57.9598],[15.3721,57.9541],[15.3585,57.9559],[15.3354,57.9645],[15.3263,57.9659],[15.3088,57.9661],[15.2982,57.9645],[15.2834,57.9802],[15.2695,57.9999],[15.2135,58.0123],[15.2076,58.0111],[15.1742,58.0203],[15.1501,58.016],[15.1393,58.021],[15.1276,58.0214],[15.1267,58.0288],[15.1198,58.028],[15.1026,58.0286],[15.0802,58.0321],[15.0637,58.0253],[15.0735,58.0156],[15.0759,58.0057],[15.0813,57.9989],[15.0744,57.9928],[15.0739,57.9897],[15.0663,57.9853],[15.0527,57.9892],[15.0355,57.9878],[15.0196,57.991],[15.0086,57.9867],[15.0148,57.9781],[15.0141,57.972],[15.0186,57.9606],[15.0158,57.9545],[14.9985,57.9439],[14.9918,57.9419],[14.9982,57.9351],[15.0046,57.9334],[15.012,57.9234],[15.0007,57.9169],[14.9938,57.9093],[14.9973,57.9029],[15.0086,57.8959],[15.011,57.891],[15.0226,57.8891]]]}},{"type":"Feature","properties":{"code":"0513","name":"Kinda"},"geometry":{"type":"Polygon","coordinates":[[[15.3753,58.0155],[15.363,58.0072],[15.3598,57.9981],[15.3701,57.9951],[15.3706,57.9862],[15.3678,57.9819],[15.3681,57.9712],[15.3828,57.9703],[15.3967,57.9651],[15.41,57.9629],[15.4142,57.9637],[15.4227,57.9578],[15.4234,57.9525],[15.4192,57.9357],[15.4132,57.9306],[15.4157,57.9244],[15.4121,57.9164],[15.418,57.9115],[15.4244,57.8982],[15.4156,57.8907],[15.4194,57.8864],[15.443,57.8882],[15.4488,57.8846],[15.4589,57.8847],[15.4597,57.87],[15.485,57.8661],[15.5119,57.8556],[15.5305,57.8519],[15.5349,57.8465],[15.5261,57.8362],[15.5143,57.8191],[15.5339,57.8027],[15.5382,57.7929],[15.5424,57.7902],[15.5521,57.7933],[15.5552,57.7965],[15.57,57.8054],[15.5971,57.8184],[15.5987,57.8251],[15.6061,57.8317],[15.6023,57.8384],[15.5991,57.8537],[15.6193,57.8546],[15.6289,57.8532],[15.6395,57.8489],[15.6462,57.8526],[15.6591,57.8567],[15.6771,57.8599],[15.679,57.8578],[15.7041,57.8574],[15.7134,57.8561],[15.735,57.8498],[15.7676,57.8516],[15.7711,57.8483],[15.7816,57.8439],[15.8052,57.8318],[15.8223,57.8166],[15.8291,57.8176],[15.8536,57.8287],[15.8684,57.8285],[15.8956,57.8296],[15.9119,57.8165],[15.9268,57.8095],[15.9442,57.8033],[15.9513,57.8129],[15.9645,57.8233],[15.9909,57.8363],[16.0045,57.8456],[16.0205,57.854],[16.0315,57.8613],[16.0624,57.8733],[16.0629,57.8796],[16.0584,57.8829],[16.0607,57.8867],[16.055,57.8938],[16.058,57.899],[16.064,57.899],[16.0519,57.912],[16.0422,57.9177],[16.0294,57.9212],[16.0292,57.9282],[16.019,57.9437],[16.0282,57.9547],[16.0394,57.96],[16.0463,57.9649],[16.0531,57.9612],[16.0748,57.9749],[16.0926,57.9783],[16.0498,57.9877],[16.0427,57.9959],[16.0247,58.0111],[15.9955,58.022],[15.9969,58.0362],[16.017,58.0521],[16.0161,58.0607],[16.0018,58.066],[15.9883,58.0741],[15.9953,58.0824],[16.0069,58.0879],[16.0145,58.0856],[16.0389,58.1013],[16.0239,58.1053],[16.0076,58.1055],[15.9955,58.1184],[15.9799,58.1149],[15.98,58.1222],[15.9753,58.1263],[15.9731,58.1341],[15.969,58.1404],[15.9608,58.1436],[15.9508,58.1472],[15.9443,58.1531],[15.9185,58.1629],[15.8983,58.1638],[15.8952,58.1708],[15.8796,58.1889],[15.8617,58.197],[15.8459,58.1946],[15.8368,58.1986],[15.819,58.1967],[15.8154,58.2061],[15.8038,58.2091],[15.7914,58.2072],[15.7842,58.2035],[15.7672,58.2048],[15.7633,58.2025],[15.7631,58.1949],[15.7425,58.1868],[15.7292,58.1915],[15.7118,58.1943],[15.7085,58.1917],[15.7087,58.186],[15.7139,58.1772],[15.7086,58.1726],[15.6887,58.1656],[15.6811,58.1651],[15.6681,58.1647],[15.6614,58.1592],[15.6501,58.1589],[15.65,58.1711],[15.6522,58.1791],[15.636,58.1822],[15.6208,58.1852],[15.6125,58.1886],[15.5971,58.1891],[15.5927,58.1877],[15.5793,58.1897],[15.5758,58.1941],[15.5658,58.1981],[15.5627,58.2042],[15.555,58.1918],[15.5576,58.1633],[15.553,58.143],[15.5475,58.1428],[15.5371,58.1383],[15.5156,58.1204],[15.5113,58.1189],[15.5108,58.1087],[15.5154,58.1035],[15.512,58.092],[15.5032,58.0872],[15.4953,58.0797],[15.4762,58.0751],[15.4663,58.0712],[15.4518,58.0726],[15.4542,58.0888],[15.442,58.087],[15.435,58.0879],[15.4324,58.082],[15.4348,58.0767],[15.429,58.0759],[15.417,58.0699],[15.4137,58.0661],[15.3839,58.0629],[15.379,58.0633],[15.3757,58.0542],[15.3674,58.0464],[15.3667,58.0395],[15.371,58.0337],[15.3712,58.0247],[15.3753,58.0155]]]}},{"type":"Feature","properties":{"code":"0560","name":"Boxholm"},"geometry":{"type":"Polygon","coordinates":[[[15.379,58.0633],[15.3777,58.0724],[15.379,58.0787],[15.356,58.0834],[15.3445,58.0837],[15.3462,58.0947],[15.3506,58.0981],[15.3488,58.1028],[15.3295,58.1004],[15.3107,58.1041],[15.2955,58.1026],[15.2861,58.1129],[15.2797,58.125],[15.2769,58.1348],[15.2503,58.1436],[15.2509,58.1488],[15.2497,58.1552],[15.2526,58.1658],[15.2504,58.1763],[15.2473,58.1799],[15.2432,58.1917],[15.2346,58.1999],[15.2322,58.2122],[15.2244,58.2238],[15.2213,58.2359],[15.216,58.2371],[15.205,58.2487],[15.191,58.2482],[15.1865,58.2527],[15.1719,58.2519],[15.1651,58.2619],[15.1484,58.264],[15.1283,58.2686],[15.123,58.2746],[15.1149,58.2773],[15.0991,58.2785],[15.0829,58.283],[15.064,58.2865],[15.0559,58.2843],[15.0496,58.2868],[15.0442,58.2832],[15.0344,58.2808],[15.0221,58.281],[15.0246,58.2856],[15.0102,58.3026],[15.0056,58.3065],[14.9985,58.3067],[14.9885,58.303],[14.9769,58.302],[14.9762,58.2906],[14.9667,58.2917],[14.9542,58.2911],[14.9563,58.2946],[14.9542,58.3021],[14.946,58.302],[14.9453,58.2881],[14.9316,58.2866],[14.909,58.2876],[14.9023,58.2824],[14.8957,58.2834],[14.8948,58.2753],[14.8905,58.2712],[14.89,58.2635],[14.8844,58.2563],[14.8866,58.2525],[14.8855,58.2431],[14.8756,58.2387],[14.8715,58.2339],[14.884,58.2302],[14.8742,58.2249],[14.8661,58.2161],[14.8643,58.2105],[14.8655,58.2038],[14.8716,58.1916],[14.8689,58.1852],[14.8791,58.1825],[14.8768,58.1711],[14.8783,58.1648],[14.8847,58.1664],[14.8913,58.1623],[14.8992,58.1662],[14.9147,58.1692],[14.9153,58.1514],[14.9213,58.1431],[14.8986,58.1377],[14.927,58.1343],[14.9511,58.1392],[14.9552,58.145],[14.9779,58.1518],[14.9845,58.1494],[14.9808,58.144],[14.9844,58.1417],[14.9758,58.1337],[14.9804,58.1278],[14.9877,58.1231],[14.9953,58.1218],[15.0039,58.1133],[15.0073,58.1073],[15.006,58.1017],[15.0106,58.0976],[15.0294,58.0716],[15.0388,58.0567],[15.0312,58.0547],[15.0284,58.0508],[15.0277,58.0497],[15.0448,58.0381],[15.0637,58.0253],[15.0802,58.0321],[15.1026,58.0286],[15.1198,58.028],[15.1267,58.0288],[15.1276,58.0214],[15.1393,58.021],[15.1501,58.016],[15.1742,58.0203],[15.2076,58.0111],[15.2135,58.0123],[15.2695,57.9999],[15.2834,57.9802],[15.2982,57.9645],[15.3088,57.9661],[15.3263,57.9659],[15.3354,57.9645],[15.3585,57.9559],[15.3721,57.9541],[15.3688,57.9598],[15.3681,57.9712],[15.3678,57.9819],[15.3706,57.9862],[15.3701,57.9951],[15.3598,57.9981],[15.363,58.0072],[15.3753,58.0155],[15.3712,58.0247],[15.371,58.0337],[15.3667,58.0395],[15.3674,58.0464],[15.3757,58.0542],[15.379,58.0633]]]}},{"type":"Feature","properties":{"code":"0561","name":"Åtvidaberg"},"geometry":{"type":"Polygon","coordinates":[[[16.0753,58.3718],[16.0642,58.3735],[16.051,58.3738],[16.0354,58.3704],[16.0203,58.365],[15.9975,58.365],[15.997,58.3606],[15.976,58.3536],[15.968,58.3496],[15.9467,58.3481],[15.9506,58.3451],[15.9628,58.3412],[15.9429,58.3395],[15.9341,58.3349],[15.9293,58.3355],[15.9019,58.3465],[15.8951,58.3423],[15.8858,58.333],[15.8809,58.3344],[15.8646,58.329],[15.8505,58.3285],[15.8305,58.3195],[15.8213,58.3167],[15.8204,58.3123],[15.8102,58.3155],[15.8022,58.3084],[15.8136,58.3009],[15.8157,58.2932],[15.813,58.291],[15.7967,58.2861],[15.807,58.2811],[15.8075,58.2779],[15.8169,58.2781],[15.8317,58.2699],[15.8351,58.2631],[15.8234,58.2591],[15.8201,58.2503],[15.8278,58.2446],[15.8384,58.2291],[15.8329,58.222],[15.8279,58.2098],[15.8154,58.2061],[15.819,58.1967],[15.8368,58.1986],[15.8459,58.1946],[15.8617,58.197],[15.8796,58.1889],[15.8952,58.1708],[15.8983,58.1638],[15.9185,58.1629],[15.9443,58.1531],[15.9508,58.1472],[15.9608,58.1436],[15.969,58.1404],[15.9731,58.1341],[15.9753,58.1263],[15.98,58.1222],[15.9799,58.1149],[15.9955,58.1184],[16.0076,58.1055],[16.0239,58.1053],[16.0389,58.1013],[16.0145,58.0856],[16.0272,58.0737],[16.037,58.0733],[16.0699,58.0699],[16.0824,58.0718],[16.0985,58.0793],[16.1197,58.086],[16.1285,58.0856],[16.1492,58.0618],[16.1579,58.0618],[16.1783,58.0644],[16.1627,58.0896],[16.1671,58.0989],[16.1774,58.1102],[16.1906,58.1042],[16.2036,58.1046],[16.2118,58.1082],[16.2135,58.1171],[16.2386,58.1316],[16.241,58.136],[16.2649,58.1424],[16.2837,58.1368],[16.2948,58.1316],[16.3035,58.1252],[16.3325,58.1172],[16.3551,58.1274],[16.3634,58.1301],[16.3863,58.1335],[16.3922,58.129],[16.3978,58.1295],[16.398,58.141],[16.3953,58.1477],[16.411,58.1473],[16.4124,58.1561],[16.4049,58.1606],[16.4086,58.1642],[16.4066,58.1701],[16.399,58.1744],[16.3977,58.1793],[16.4181,58.1905],[16.4239,58.1918],[16.4372,58.1905],[16.4283,58.1816],[16.433,58.179],[16.4443,58.1917],[16.4436,58.2005],[16.4328,58.2101],[16.4501,58.2161],[16.4483,58.2221],[16.4518,58.2247],[16.4383,58.2283],[16.4389,58.2313],[16.422,58.2392],[16.4155,58.2392],[16.4071,58.2452],[16.3971,58.2472],[16.387,58.2533],[16.3647,58.2589],[16.3266,58.2718],[16.3207,58.2645],[16.312,58.2663],[16.3111,58.2848],[16.3138,58.2932],[16.3018,58.3014],[16.3015,58.3061],[16.2777,58.3105],[16.2679,58.314],[16.2507,58.3161],[16.2301,58.317],[16.2141,58.3125],[16.2022,58.3176],[16.1891,58.3181],[16.1923,58.3248],[16.1775,58.3306],[16.1502,58.3394],[16.1419,58.3441],[16.132,58.3458],[16.122,58.3511],[16.1051,58.3564],[16.0976,58.3562],[16.0848,58.3534],[16.076,58.3641],[16.0753,58.3718]]]}},{"type":"Feature","properties":{"code":"0562","name":"Finspång"},"geometry":{"type":"Polygon","coordinates":[[[16.0827,58.9162],[16.0822,58.9195],[16.0631,58.9237],[16.0538,58.9274],[16.0358,58.928],[15.9936,58.9373],[15.9674,58.9472],[15.9502,58.9534],[15.9381,58.9564],[15.9298,58.9608],[15.9115,58.9624],[15.9096,58.9638],[15.8966,58.9738],[15.8824,58.9791],[15.8834,58.9875],[15.8655,58.9907],[15.8721,58.9995],[15.8569,59.0073],[15.8429,59.0149],[15.8154,59.0187],[15.8073,59.0125],[15.8069,59.0027],[15.7923,58.9904],[15.7822,58.9848],[15.7785,58.9676],[15.7668,58.9665],[15.7618,58.9637],[15.7644,58.9565],[15.7413,58.9511],[15.7427,58.9565],[15.7331,58.9738],[15.7257,58.9801],[15.728,58.9836],[15.7207,58.9896],[15.7008,58.9851],[15.691,58.9867],[15.6876,58.982],[15.6819,58.9753],[15.6777,58.9742],[15.6578,58.975],[15.6416,58.9739],[15.6286,58.9829],[15.6031,58.9683],[15.5911,58.9596],[15.5814,58.9597],[15.5552,58.9565],[15.5584,58.941],[15.5718,58.9273],[15.5836,58.9191],[15.5915,58.9119],[15.594,58.9056],[15.586,58.8965],[15.5633,58.8941],[15.5596,58.8868],[15.554,58.8705],[15.5452,58.8719],[15.5308,58.8646],[15.5081,58.8639],[15.4919,58.8659],[15.4753,58.8625],[15.4692,58.8636],[15.4407,58.8642],[15.446,58.8535],[15.4448,58.8501],[15.4514,58.84],[15.453,58.8276],[15.454,58.8211],[15.4309,58.8232],[15.4246,58.822],[15.4294,58.8146],[15.4136,58.8069],[15.4111,58.8056],[15.421,58.7993],[15.4231,58.7902],[15.445,58.7869],[15.4382,58.7837],[15.4487,58.7772],[15.4451,58.7742],[15.4483,58.767],[15.4456,58.7647],[15.4583,58.7568],[15.47,58.7528],[15.4785,58.7354],[15.4895,58.7351],[15.4991,58.7318],[15.4946,58.7194],[15.4962,58.7087],[15.4915,58.706],[15.4952,58.7013],[15.4795,58.6973],[15.4825,58.6911],[15.4918,58.6813],[15.4795,58.678],[15.4754,58.6714],[15.4763,58.6614],[15.4644,58.6506],[15.4703,58.6433],[15.4771,58.6475],[15.4837,58.6434],[15.4883,58.6347],[15.5192,58.6399],[15.5397,58.6401],[15.5408,58.633],[15.5317,58.6217],[15.5348,58.6187],[15.5323,58.6131],[15.5361,58.6055],[15.5263,58.6002],[15.5666,58.6126],[15.5728,58.6216],[15.5801,58.6363],[15.5987,58.6327],[15.6071,58.6269],[15.6184,58.6151],[15.627,58.6142],[15.6248,58.6348],[15.6175,58.6442],[15.6322,58.6406],[15.6586,58.6404],[15.6622,58.6472],[15.6811,58.6575],[15.699,58.6544],[15.719,58.6546],[15.7319,58.6565],[15.7442,58.6534],[15.7532,58.6538],[15.7678,58.6514],[15.7761,58.6483],[15.7909,58.639],[15.7922,58.632],[15.8007,58.6336],[15.8107,58.6323],[15.8215,58.6344],[15.8437,58.6287],[15.8546,58.632],[15.8644,58.6309],[15.8799,58.6292],[15.8978,58.6157],[15.9512,58.6202],[15.9771,58.6225],[15.9602,58.6415],[15.9507,58.652],[15.9472,58.6633],[15.9576,58.6654],[15.976,58.6709],[15.9844,58.6753],[16.0023,58.6761],[16.0129,58.6787],[15.9996,58.6828],[15.993,58.688],[15.9934,58.691],[15.9833,58.6939],[15.9853,58.697],[16.0014,58.7074],[16.014,58.7135],[16.0217,58.7304],[16.0263,58.7347],[16.0159,58.7458],[16.0305,58.7529],[16.0521,58.7661],[16.0754,58.7723],[16.0825,58.7725],[16.0784,58.7897],[16.0726,58.7969],[16.0995,58.8034],[16.0933,58.8173],[16.1,58.8225],[16.1034,58.8252],[16.1186,58.8201],[16.1307,58.825],[16.14,58.8267],[16.1793,58.8447],[16.1823,58.8539],[16.1803,58.8585],[16.1661,58.8633],[16.1493,58.871],[16.1442,58.875],[16.1186,58.882],[16.1121,58.8854],[16.1022,58.8858],[16.1026,58.8916],[16.0991,58.8993],[16.0918,58.9016],[16.0938,58.9057],[16.0889,58.9083],[16.0908,58.9121],[16.0827,58.9162]]]}},{"type":"Feature","properties":{"code":"0563","name":"Valdemarsvik"},"geometry":{"type":"Polygon","coordinates":[[[16.3475,58.3884],[16.3409,58.3916],[16.3236,58.3852],[16.2987,58.3865],[16.2867,58.393],[16.2653,58.395],[16.2568,58.3942],[16.2606,58.3811],[16.2666,58.371],[16.2738,58.3703],[16.2825,58.3597],[16.2904,58.3552],[16.2879,58.3416],[16.2825,58.3384],[16.2773,58.3312],[16.2507,58.3161],[16.2679,58.314],[16.2777,58.3105],[16.3015,58.3061],[16.3018,58.3014],[16.3138,58.2932],[16.3111,58.2848],[16.312,58.2663],[16.3207,58.2645],[16.3266,58.2718],[16.3647,58.2589],[16.387,58.2533],[16.3971,58.2472],[16.4071,58.2452],[16.4155,58.2392],[16.422,58.2392],[16.4389,58.2313],[16.4383,58.2283],[16.4518,58.2247],[16.4483,58.2221],[16.4501,58.2161],[16.4328,58.2101],[16.4436,58.2005],[16.4443,58.1917],[16.433,58.179],[16.4283,58.1816],[16.4372,58.1905],[16.4239,58.1918],[16.4181,58.1905],[16.3977,58.1793],[16.399,58.1744],[16.4066,58.1701],[16.4086,58.1642],[16.4049,58.1606],[16.4124,58.1561],[16.411,58.1473],[16.3953,58.1477],[16.398,58.141],[16.3978,58.1295],[16.4108,58.1307],[16.4172,58.1224],[16.4224,58.122],[16.4292,58.1134],[16.4569,58.1121],[16.4583,58.1074],[16.4649,58.0988],[16.4852,58.0903],[16.4909,58.0889],[16.5016,58.0965],[16.5145,58.1037],[16.5325,58.1162],[16.5428,58.1106],[16.5507,58.1093],[16.5553,58.1054],[16.5704,58.0979],[16.5623,58.0893],[16.5679,58.0841],[16.6002,58.0601],[16.6069,58.0531],[16.5925,58.051],[16.6031,58.0454],[16.5986,58.0375],[16.6086,58.0304],[16.6154,58.021],[16.6311,58.0119],[16.6243,58.0083],[16.6275,58.0028],[16.6579,57.9926],[16.6734,57.9996],[16.6822,57.9992],[16.691,57.9962],[16.6968,57.9973],[16.7015,57.9935],[16.7094,57.9932],[16.7283,57.985],[16.7341,57.9869],[16.7314,57.9955],[16.7433,58.0002],[16.7474,57.9943],[16.7556,58.0012],[16.7721,58.0039],[16.7889,58.0041],[16.7917,57.9996],[16.8019,57.9984],[16.8123,58.0001],[16.8124,58.0056],[16.8177,58.0113],[16.8208,58.0267],[16.8961,58.0043],[16.8963,58.0031],[16.9272,58.0437],[16.9198,58.1081],[16.8907,58.1388],[16.8861,58.1604],[16.9162,58.1634],[16.937,58.1594],[16.9704,58.1634],[16.9685,58.1414],[16.9735,58.1433],[16.9907,58.1421],[16.9985,58.1474],[17.0075,58.1493],[17.0093,58.1523],[17.019,58.1547],[17.0134,58.1596],[17.0036,58.158],[17.001,58.1687],[17.0583,58.1667],[17.0922,58.2261],[17.094,58.309],[17.0776,58.3085],[17.0314,58.2969],[17.01,58.301],[16.9875,58.3001],[16.9767,58.2929],[16.9419,58.292],[16.927,58.2945],[16.8993,58.2919],[16.88,58.2863],[16.8584,58.2823],[16.843,58.2809],[16.8386,58.2862],[16.8208,58.2834],[16.8242,58.2758],[16.818,58.2686],[16.8115,58.2656],[16.8073,58.269],[16.7799,58.274],[16.7768,58.2674],[16.7649,58.2683],[16.7591,58.271],[16.7539,58.2686],[16.7616,58.2632],[16.7478,58.2616],[16.7418,58.2572],[16.7269,58.2591],[16.7081,58.2652],[16.6971,58.2677],[16.6839,58.2733],[16.6722,58.2761],[16.6661,58.2794],[16.6593,58.2829],[16.6499,58.2922],[16.6418,58.2954],[16.6226,58.3075],[16.6264,58.3146],[16.6206,58.3165],[16.5901,58.3227],[16.5837,58.319],[16.5641,58.3255],[16.566,58.3333],[16.5552,58.3456],[16.5474,58.3508],[16.5392,58.3405],[16.5257,58.3464],[16.5112,58.3567],[16.5002,58.3671],[16.4673,58.3571],[16.4619,58.367],[16.4569,58.371],[16.4491,58.3707],[16.4445,58.3773],[16.44,58.3759],[16.4336,58.37],[16.422,58.364],[16.4191,58.3693],[16.4059,58.3698],[16.3891,58.3759],[16.3819,58.374],[16.3769,58.3808],[16.3628,58.3767],[16.3529,58.3806],[16.3447,58.3858],[16.3475,58.3884]]]}},{"type":"Feature","properties":{"code":"0580","name":"Linköping"},"geometry":{"type":"Polygon","coordinates":[[[15.9175,58.512],[15.9017,58.5132],[15.8926,58.5118],[15.875,58.516],[15.8564,58.5118],[15.8491,58.5176],[15.8335,58.5155],[15.8309,58.5173],[15.8175,58.5186],[15.8053,58.5142],[15.7827,58.5144],[15.7594,58.5117],[15.7617,58.522],[15.754,58.5418],[15.7567,58.5516],[15.7438,58.551],[15.7231,58.5523],[15.7189,58.556],[15.691,58.5595],[15.6929,58.565],[15.6836,58.5783],[15.663,58.5794],[15.6606,58.5881],[15.6563,58.5941],[15.6492,58.5981],[15.6418,58.6067],[15.627,58.6142],[15.6184,58.6151],[15.6071,58.6269],[15.5987,58.6327],[15.5801,58.6363],[15.5728,58.6216],[15.5666,58.6126],[15.5263,58.6002],[15.5361,58.6055],[15.5323,58.6131],[15.5348,58.6187],[15.5317,58.6217],[15.5408,58.633],[15.5397,58.6401],[15.5192,58.6399],[15.4883,58.6347],[15.47,58.6318],[15.4694,58.6287],[15.4362,58.64],[15.4175,58.6522],[15.3982,58.6462],[15.3997,58.6415],[15.3905,58.6372],[15.3807,58.6354],[15.3724,58.6286],[15.3741,58.6263],[15.3713,58.618],[15.3908,58.6088],[15.3839,58.6041],[15.3799,58.5909],[15.3743,58.59],[15.3818,58.5797],[15.3747,58.5685],[15.3789,58.5664],[15.3755,58.5527],[15.3724,58.5476],[15.3837,58.5468],[15.3781,58.5376],[15.3802,58.5224],[15.3779,58.5213],[15.3772,58.5115],[15.3704,58.5111],[15.3755,58.5015],[15.3693,58.4999],[15.3638,58.4898],[15.366,58.4881],[15.3654,58.4831],[15.3786,58.4841],[15.3866,58.4774],[15.3803,58.4763],[15.3663,58.4772],[15.3684,58.4722],[15.376,58.4709],[15.3897,58.4711],[15.3925,58.4647],[15.3846,58.4667],[15.3737,58.4653],[15.359,58.46],[15.3537,58.4531],[15.3378,58.4503],[15.3221,58.449],[15.3184,58.4376],[15.3108,58.435],[15.308,58.4301],[15.2973,58.4244],[15.2952,58.4163],[15.2805,58.4149],[15.2672,58.4107],[15.2676,58.4049],[15.2566,58.3986],[15.2685,58.3985],[15.2845,58.3937],[15.2876,58.3911],[15.3221,58.3983],[15.3267,58.3958],[15.3417,58.3966],[15.3521,58.3891],[15.341,58.3678],[15.3419,58.3568],[15.3316,58.3484],[15.3495,58.3508],[15.3671,58.3443],[15.3694,58.3385],[15.3629,58.3312],[15.358,58.3203],[15.3468,58.3148],[15.345,58.3016],[15.3408,58.2924],[15.348,58.2819],[15.3495,58.2745],[15.3542,58.2721],[15.3706,58.2536],[15.3678,58.2371],[15.3606,58.231],[15.3686,58.2288],[15.3673,58.2242],[15.3715,58.2199],[15.3717,58.2148],[15.3764,58.2074],[15.371,58.1976],[15.3752,58.1931],[15.3751,58.1869],[15.3661,58.1821],[15.3728,58.1777],[15.3759,58.1669],[15.371,58.1635],[15.3576,58.162],[15.3441,58.1573],[15.3361,58.147],[15.3268,58.1428],[15.3104,58.1414],[15.2964,58.1377],[15.2769,58.1348],[15.2797,58.125],[15.2861,58.1129],[15.2955,58.1026],[15.3107,58.1041],[15.3295,58.1004],[15.3488,58.1028],[15.3506,58.0981],[15.3462,58.0947],[15.3445,58.0837],[15.356,58.0834],[15.379,58.0787],[15.3777,58.0724],[15.379,58.0633],[15.3839,58.0629],[15.4137,58.0661],[15.417,58.0699],[15.429,58.0759],[15.4348,58.0767],[15.4324,58.082],[15.435,58.0879],[15.442,58.087],[15.4542,58.0888],[15.4518,58.0726],[15.4663,58.0712],[15.4762,58.0751],[15.4953,58.0797],[15.5032,58.0872],[15.512,58.092],[15.5154,58.1035],[15.5108,58.1087],[15.5113,58.1189],[15.5156,58.1204],[15.5371,58.1383],[15.5475,58.1428],[15.553,58.143],[15.5576,58.1633],[15.555,58.1918],[15.5627,58.2042],[15.5658,58.1981],[15.5758,58.1941],[15.5793,58.1897],[15.5927,58.1877],[15.5971,58.1891],[15.6125,58.1886],[15.6208,58.1852],[15.636,58.1822],[15.6522,58.1791],[15.65,58.1711],[15.6501,58.1589],[15.6614,58.1592],[15.6681,58.1647],[15.6811,58.1651],[15.6887,58.1656],[15.7086,58.1726],[15.7139,58.1772],[15.7087,58.186],[15.7085,58.1917],[15.7118,58.1943],[15.7292,58.1915],[15.7425,58.1868],[15.7631,58.1949],[15.7633,58.2025],[15.7672,58.2048],[15.7842,58.2035],[15.7914,58.2072],[15.8038,58.2091],[15.8154,58.2061],[15.8279,58.2098],[15.8329,58.222],[15.8384,58.2291],[15.8278,58.2446],[15.8201,58.2503],[15.8234,58.2591],[15.8351,58.2631],[15.8317,58.2699],[15.8169,58.2781],[15.8075,58.2779],[15.807,58.2811],[15.7967,58.2861],[15.813,58.291],[15.8157,58.2932],[15.8136,58.3009],[15.8022,58.3084],[15.8102,58.3155],[15.8204,58.3123],[15.8213,58.3167],[15.8305,58.3195],[15.8505,58.3285],[15.8646,58.329],[15.8809,58.3344],[15.8858,58.333],[15.8951,58.3423],[15.9019,58.3465],[15.9293,58.3355],[15.9341,58.3349],[15.9429,58.3395],[15.9628,58.3412],[15.9506,58.3451],[15.9467,58.3481],[15.968,58.3496],[15.976,58.3536],[15.997,58.3606],[15.9975,58.365],[16.0203,58.365],[16.0354,58.3704],[16.051,58.3738],[16.0642,58.3735],[16.0753,58.3718],[16.0529,58.3808],[16.0543,58.3834],[16.0357,58.3984],[16.0453,58.4059],[16.0312,58.4047],[16.0134,58.4086],[16.0098,58.4118],[16.0091,58.4197],[15.9887,58.426],[15.971,58.4238],[15.9521,58.4271],[15.9505,58.4359],[15.9577,58.441],[15.9762,58.4439],[15.9762,58.4481],[15.9704,58.4511],[15.9562,58.4645],[15.9463,58.4707],[15.9323,58.4731],[15.9211,58.4737],[15.9154,58.4761],[15.9076,58.4852],[15.9065,58.4894],[15.9288,58.4927],[15.9337,58.497],[15.921,58.504],[15.9175,58.512]]]}},{"type":"Feature","properties":{"code":"0581","name":"Norrköping"},"geometry":{"type":"Polygon","coordinates":[[[16.3563,58.4798],[16.3821,58.4796],[16.3935,58.4758],[16.4065,58.4747],[16.417,58.4753],[16.4299,58.4792],[16.4491,58.4777],[16.455,58.4742],[16.4694,58.4738],[16.4713,58.4713],[16.4882,58.4707],[16.5039,58.4653],[16.5314,58.4592],[16.5447,58.454],[16.5592,58.4515],[16.5662,58.4472],[16.5896,58.4429],[16.6141,58.443],[16.6265,58.4408],[16.6354,58.4346],[16.6407,58.436],[16.6508,58.4355],[16.6564,58.4327],[16.6736,58.4314],[16.6842,58.4273],[16.691,58.4278],[16.7017,58.422],[16.7022,58.4171],[16.7232,58.4189],[16.7462,58.4159],[16.7573,58.4168],[16.7693,58.4143],[16.7835,58.4137],[16.7918,58.42],[16.7822,58.4269],[16.7953,58.4306],[16.8032,58.4375],[16.8192,58.4347],[16.8585,58.4428],[16.8711,58.4676],[16.9345,58.4669],[16.9532,58.4617],[16.9776,58.4586],[16.9948,58.459],[16.9941,58.4638],[16.9983,58.4675],[17.1033,58.4414],[17.5156,58.4028],[17.5693,58.399],[17.516,58.4108],[17.149,58.5033],[17.1465,58.5327],[17.1309,58.5501],[17.0698,58.5907],[17.0164,58.5901],[16.9724,58.581],[16.9425,58.5845],[16.9189,58.5959],[16.8901,58.601],[16.8274,58.5943],[16.7877,58.6117],[16.7738,58.6171],[16.7499,58.6271],[16.7584,58.6302],[16.7337,58.6438],[16.7169,58.6555],[16.71,58.6599],[16.7091,58.665],[16.6898,58.6756],[16.6532,58.6812],[16.6488,58.6819],[16.6426,58.6763],[16.6361,58.6793],[16.6371,58.685],[16.6298,58.6865],[16.6074,58.6941],[16.5845,58.6978],[16.559,58.6975],[16.5415,58.7009],[16.5106,58.6978],[16.475,58.6963],[16.4522,58.6983],[16.427,58.6972],[16.4177,58.703],[16.4061,58.7039],[16.3992,58.7019],[16.3901,58.7032],[16.3776,58.7097],[16.3706,58.7343],[16.3745,58.74],[16.3699,58.7413],[16.3687,58.753],[16.3382,58.7721],[16.3274,58.7796],[16.3222,58.7756],[16.308,58.7722],[16.3046,58.7683],[16.296,58.7759],[16.3086,58.7855],[16.3103,58.7915],[16.3048,58.7951],[16.2893,58.8007],[16.2691,58.8256],[16.2791,58.8218],[16.2691,58.8256],[16.2636,58.8322],[16.2198,58.8384],[16.2106,58.8349],[16.1914,58.8391],[16.1915,58.8463],[16.1823,58.8539],[16.1793,58.8447],[16.14,58.8267],[16.1307,58.825],[16.1186,58.8201],[16.1034,58.8252],[16.1,58.8225],[16.0933,58.8173],[16.0995,58.8034],[16.0726,58.7969],[16.0784,58.7897],[16.0825,58.7725],[16.0754,58.7723],[16.0521,58.7661],[16.0305,58.7529],[16.0159,58.7458],[16.0263,58.7347],[16.0217,58.7304],[16.014,58.7135],[16.0014,58.7074],[15.9853,58.697],[15.9833,58.6939],[15.9934,58.691],[15.993,58.688],[15.9996,58.6828],[16.0129,58.6787],[16.0023,58.6761],[15.9844,58.6753],[15.976,58.6709],[15.9576,58.6654],[15.9472,58.6633],[15.9507,58.652],[15.9602,58.6415],[15.9771,58.6225],[15.9512,58.6202],[15.8978,58.6157],[15.8799,58.6292],[15.8644,58.6309],[15.8546,58.632],[15.8437,58.6287],[15.8215,58.6344],[15.8107,58.6323],[15.8007,58.6336],[15.7922,58.632],[15.7909,58.639],[15.7761,58.6483],[15.7678,58.6514],[15.7532,58.6538],[15.7442,58.6534],[15.7319,58.6565],[15.719,58.6546],[15.699,58.6544],[15.6811,58.6575],[15.6622,58.6472],[15.6586,58.6404],[15.6322,58.6406],[15.6175,58.6442],[15.6248,58.6348],[15.627,58.6142],[15.6418,58.6067],[15.6492,58.5981],[15.6563,58.5941],[15.6606,58.5881],[15.663,58.5794],[15.6836,58.5783],[15.6929,58.565],[15.691,58.5595],[15.7189,58.556],[15.7231,58.5523],[15.7438,58.551],[15.7567,58.5516],[15.754,58.5418],[15.7617,58.522],[15.7594,58.5117],[15.7827,58.5144],[15.8053,58.5142],[15.8175,58.5186],[15.8309,58.5173],[15.8335,58.5155],[15.8491,58.5176],[15.8564,58.5118],[15.875,58.516],[15.8926,58.5118],[15.9017,58.5132],[15.9175,58.512],[15.921,58.504],[15.9337,58.497],[15.9288,58.4927],[15.9065,58.4894],[15.9076,58.4852],[15.9154,58.4761],[15.9211,58.4737],[15.9323,58.4731],[15.9463,58.4707],[15.9562,58.4645],[15.9704,58.4511],[15.9762,58.4481],[15.9762,58.4439],[15.9577,58.441],[15.9505,58.4359],[15.9521,58.4271],[15.971,58.4238],[15.9887,58.426],[16.0091,58.4197],[16.0158,58.418],[16.034,58.4205],[16.0427,58.4232],[16.0431,58.4271],[16.0329,58.4373],[16.0407,58.4522],[16.0456,58.4589],[16.0643,58.459],[16.0729,58.4614],[16.0839,58.4617],[16.0829,58.4735],[16.0889,58.4786],[16.0899,58.4872],[16.0818,58.4935],[16.0848,58.4959],[16.0822,58.5028],[16.0935,58.5034],[16.1111,58.5031],[16.1074,58.5126],[16.1218,58.5119],[16.1286,58.5145],[16.1324,58.5138],[16.1399,58.5216],[16.1541,58.5214],[16.1621,58.5257],[16.1776,58.5267],[16.1843,58.5201],[16.2085,58.5206],[16.213,58.5189],[16.226,58.5187],[16.2291,58.5209],[16.2457,58.5186],[16.2462,58.5238],[16.2668,58.5218],[16.2759,58.516],[16.2857,58.517],[16.2924,58.5124],[16.3113,58.5143],[16.3327,58.5106],[16.34,58.5083],[16.3431,58.5013],[16.344,58.4911],[16.3375,58.4872],[16.3548,58.4827],[16.3563,58.4798]]]}},{"type":"Feature","properties":{"code":"0582","name":"Söderköping"},"geometry":{"type":"Polygon","coordinates":[[[16.3375,58.4872],[16.344,58.4911],[16.3431,58.5013],[16.34,58.5083],[16.3327,58.5106],[16.3113,58.5143],[16.2924,58.5124],[16.2857,58.517],[16.2759,58.516],[16.2668,58.5218],[16.2462,58.5238],[16.2457,58.5186],[16.2291,58.5209],[16.226,58.5187],[16.213,58.5189],[16.2085,58.5206],[16.1843,58.5201],[16.1776,58.5267],[16.1621,58.5257],[16.1541,58.5214],[16.1399,58.5216],[16.1324,58.5138],[16.1286,58.5145],[16.1218,58.5119],[16.1074,58.5126],[16.1111,58.5031],[16.0935,58.5034],[16.0822,58.5028],[16.0848,58.4959],[16.0818,58.4935],[16.0899,58.4872],[16.0889,58.4786],[16.0829,58.4735],[16.0839,58.4617],[16.0729,58.4614],[16.0643,58.459],[16.0456,58.4589],[16.0407,58.4522],[16.0329,58.4373],[16.0431,58.4271],[16.0427,58.4232],[16.034,58.4205],[16.0158,58.418],[16.0091,58.4197],[16.0098,58.4118],[16.0134,58.4086],[16.0312,58.4047],[16.0453,58.4059],[16.0357,58.3984],[16.0543,58.3834],[16.0529,58.3808],[16.0753,58.3718],[16.076,58.3641],[16.0848,58.3534],[16.0976,58.3562],[16.1051,58.3564],[16.122,58.3511],[16.132,58.3458],[16.1419,58.3441],[16.1502,58.3394],[16.1775,58.3306],[16.1923,58.3248],[16.1891,58.3181],[16.2022,58.3176],[16.2141,58.3125],[16.2301,58.317],[16.2507,58.3161],[16.2773,58.3312],[16.2825,58.3384],[16.2879,58.3416],[16.2904,58.3552],[16.2825,58.3597],[16.2738,58.3703],[16.2666,58.371],[16.2606,58.3811],[16.2568,58.3942],[16.2653,58.395],[16.2867,58.393],[16.2987,58.3865],[16.3236,58.3852],[16.3409,58.3916],[16.3475,58.3884],[16.3447,58.3858],[16.3529,58.3806],[16.3628,58.3767],[16.3769,58.3808],[16.3819,58.374],[16.3891,58.3759],[16.4059,58.3698],[16.4191,58.3693],[16.422,58.364],[16.4336,58.37],[16.44,58.3759],[16.4445,58.3773],[16.4491,58.3707],[16.4569,58.371],[16.4619,58.367],[16.4673,58.3571],[16.5002,58.3671],[16.5112,58.3567],[16.5257,58.3464],[16.5392,58.3405],[16.5474,58.3508],[16.5552,58.3456],[16.566,58.3333],[16.5641,58.3255],[16.5837,58.319],[16.5901,58.3227],[16.6206,58.3165],[16.6264,58.3146],[16.6226,58.3075],[16.6418,58.2954],[16.6499,58.2922],[16.6593,58.2829],[16.6661,58.2794],[16.6722,58.2761],[16.6839,58.2733],[16.6971,58.2677],[16.7081,58.2652],[16.7269,58.2591],[16.7418,58.2572],[16.7478,58.2616],[16.7616,58.2632],[16.7539,58.2686],[16.7591,58.271],[16.7649,58.2683],[16.7768,58.2674],[16.7799,58.274],[16.8073,58.269],[16.8115,58.2656],[16.818,58.2686],[16.8242,58.2758],[16.8208,58.2834],[16.8386,58.2862],[16.843,58.2809],[16.8584,58.2823],[16.88,58.2863],[16.8993,58.2919],[16.927,58.2945],[16.9419,58.292],[16.9767,58.2929],[16.9875,58.3001],[17.01,58.301],[17.0314,58.2969],[17.0776,58.3085],[17.094,58.309],[17.0942,58.3169],[17.1183,58.4377],[17.1033,58.4414],[16.9983,58.4675],[16.9941,58.4638],[16.9948,58.459],[16.9776,58.4586],[16.9532,58.4617],[16.9345,58.4669],[16.8711,58.4676],[16.8585,58.4428],[16.8192,58.4347],[16.8032,58.4375],[16.7953,58.4306],[16.7822,58.4269],[16.7918,58.42],[16.7835,58.4137],[16.7693,58.4143],[16.7573,58.4168],[16.7462,58.4159],[16.7232,58.4189],[16.7022,58.4171],[16.7017,58.422],[16.691,58.4278],[16.6842,58.4273],[16.6736,58.4314],[16.6564,58.4327],[16.6508,58.4355],[16.6407,58.436],[16.6354,58.4346],[16.6265,58.4408],[16.6141,58.443],[16.5896,58.4429],[16.5662,58.4472],[16.5592,58.4515],[16.5447,58.454],[16.5314,58.4592],[16.5039,58.4653],[16.4882,58.4707],[16.4713,58.4713],[16.4694,58.4738],[16.455,58.4742],[16.4491,58.4777],[16.4299,58.4792],[16.417,58.4753],[16.4065,58.4747],[16.3935,58.4758],[16.3821,58.4796],[16.3563,58.4798],[16.3548,58.4827],[16.3375,58.4872]]]}},{"type":"Feature","properties":{"code":"0583","name":"Motala"},"geometry":{"type":"Polygon","coordinates":[[[15.366,58.4881],[15.3638,58.4898],[15.3693,58.4999],[15.3755,58.5015],[15.3704,58.5111],[15.3772,58.5115],[15.3779,58.5213],[15.3802,58.5224],[15.3781,58.5376],[15.3837,58.5468],[15.3724,58.5476],[15.3755,58.5527],[15.3789,58.5664],[15.3747,58.5685],[15.3818,58.5797],[15.3743,58.59],[15.3799,58.5909],[15.3839,58.6041],[15.3908,58.6088],[15.3713,58.618],[15.3741,58.6263],[15.3724,58.6286],[15.3807,58.6354],[15.3905,58.6372],[15.3997,58.6415],[15.3982,58.6462],[15.4175,58.6522],[15.4362,58.64],[15.4694,58.6287],[15.47,58.6318],[15.4883,58.6347],[15.4837,58.6434],[15.4771,58.6475],[15.4703,58.6433],[15.4644,58.6506],[15.4763,58.6614],[15.4754,58.6714],[15.4795,58.678],[15.4918,58.6813],[15.4825,58.6911],[15.4795,58.6973],[15.4952,58.7013],[15.4915,58.706],[15.4962,58.7087],[15.4946,58.7194],[15.4991,58.7318],[15.4895,58.7351],[15.4785,58.7354],[15.47,58.7528],[15.4583,58.7568],[15.4456,58.7647],[15.4483,58.767],[15.4451,58.7742],[15.4487,58.7772],[15.4382,58.7837],[15.445,58.7869],[15.4231,58.7902],[15.421,58.7993],[15.4111,58.8056],[15.4136,58.8069],[15.4144,58.8206],[15.4066,58.8284],[15.4108,58.8325],[15.4029,58.8421],[15.3817,58.8471],[15.3476,58.8292],[15.3398,58.8353],[15.3264,58.8503],[15.3253,58.8593],[15.3065,58.8545],[15.2963,58.85],[15.2754,58.8632],[15.2628,58.8651],[15.2569,58.8585],[15.2562,58.8498],[15.247,58.8479],[15.2407,58.8413],[15.219,58.8427],[15.2216,58.8353],[15.2181,58.8273],[15.2038,58.8169],[15.1883,58.8129],[15.1674,58.8107],[15.1381,58.8207],[15.1356,58.8111],[15.1279,58.7964],[15.1189,58.7908],[15.1252,58.7865],[15.1168,58.7764],[15.1152,58.7702],[15.098,58.7658],[15.0837,58.7668],[15.0669,58.7544],[15.0652,58.7506],[15.0537,58.7382],[15.0492,58.7222],[15.0345,58.7043],[15.0116,58.7056],[15.0039,58.6957],[14.9751,58.6871],[14.9695,58.6833],[14.964,58.6895],[14.9555,58.693],[14.9362,58.6948],[14.9292,58.6968],[14.8066,58.6651],[14.7788,58.6462],[14.6735,58.5101],[14.7527,58.4932],[14.8609,58.518],[14.939,58.5359],[14.967,58.52],[14.973,58.5127],[14.9872,58.5003],[14.9877,58.4941],[14.9963,58.4965],[15.0029,58.4943],[14.9887,58.485],[14.975,58.481],[14.9767,58.4771],[14.9829,58.4757],[15.0077,58.4804],[15.0163,58.4739],[15.0136,58.4704],[15.0036,58.4639],[14.9903,58.4598],[14.9824,58.4545],[14.9936,58.4539],[14.9989,58.4493],[14.9878,58.442],[14.9735,58.44],[14.962,58.4342],[14.9811,58.4275],[14.9974,58.4246],[15.0006,58.4209],[15.0034,58.4177],[15.0307,58.4215],[15.0391,58.4258],[15.0553,58.4235],[15.0478,58.4292],[15.0527,58.4319],[15.0636,58.4331],[15.0721,58.4276],[15.0781,58.4263],[15.0944,58.4314],[15.1034,58.4276],[15.117,58.4339],[15.1327,58.4461],[15.1343,58.4521],[15.1416,58.4631],[15.1527,58.4678],[15.1522,58.4733],[15.1562,58.4731],[15.1595,58.4667],[15.1969,58.4639],[15.2017,58.4618],[15.2028,58.4561],[15.2192,58.4582],[15.2169,58.4633],[15.2284,58.4667],[15.245,58.4685],[15.2472,58.4624],[15.2534,58.4623],[15.2576,58.4557],[15.2647,58.4542],[15.2566,58.4411],[15.2649,58.4385],[15.2715,58.4416],[15.2814,58.4378],[15.2881,58.4382],[15.2968,58.4357],[15.3108,58.435],[15.3184,58.4376],[15.3221,58.449],[15.3378,58.4503],[15.3537,58.4531],[15.359,58.46],[15.3737,58.4653],[15.3846,58.4667],[15.3925,58.4647],[15.3897,58.4711],[15.376,58.4709],[15.3684,58.4722],[15.3663,58.4772],[15.3803,58.4763],[15.3866,58.4774],[15.3786,58.4841],[15.3654,58.4831],[15.366,58.4881]]]}},{"type":"Feature","properties":{"code":"0584","name":"Vadstena"},"geometry":{"type":"Polygon","coordinates":[[[14.87,58.4553],[14.8646,58.4548],[14.8546,58.4726],[14.8229,58.4803],[14.7673,58.4612],[14.7695,58.4456],[14.7533,58.4288],[14.7512,58.4209],[14.707,58.4043],[14.661,58.3782],[14.6448,58.3506],[14.6705,58.3494],[14.6639,58.3374],[14.6903,58.3286],[14.6937,58.3328],[14.7084,58.3349],[14.7153,58.3314],[14.7546,58.338],[14.7705,58.3475],[14.8182,58.3468],[14.8345,58.355],[14.8422,58.3588],[14.8629,58.3583],[14.8801,58.3597],[14.9118,58.3471],[14.9194,58.3468],[14.9243,58.3439],[14.9309,58.3488],[14.9472,58.3543],[14.9456,58.3596],[14.9482,58.3672],[14.9574,58.3683],[14.9647,58.3659],[14.9711,58.3691],[14.9697,58.373],[14.9777,58.3815],[14.9692,58.3901],[14.9705,58.4036],[14.9732,58.4056],[14.9858,58.4037],[14.9861,58.399],[15.0064,58.4016],[15.0014,58.4129],[14.995,58.4183],[15.0006,58.4209],[14.9974,58.4246],[14.9811,58.4275],[14.962,58.4342],[14.9735,58.44],[14.9878,58.442],[14.9989,58.4493],[14.9936,58.4539],[14.9824,58.4545],[14.9903,58.4598],[15.0036,58.4639],[15.0136,58.4704],[15.0163,58.4739],[15.0077,58.4804],[14.9829,58.4757],[14.9767,58.4771],[14.975,58.481],[14.9887,58.485],[15.0029,58.4943],[14.9963,58.4965],[14.9877,58.4941],[14.9872,58.5003],[14.973,58.5127],[14.967,58.52],[14.939,58.5359],[14.8609,58.518],[14.8837,58.4846],[14.8713,58.4581],[14.87,58.4553]]]}},{"type":"Feature","properties":{"code":"0586","name":"Mjölby"},"geometry":{"type":"Polygon","coordinates":[[[15.205,58.2487],[15.216,58.2371],[15.2213,58.2359],[15.2244,58.2238],[15.2322,58.2122],[15.2346,58.1999],[15.2432,58.1917],[15.2473,58.1799],[15.2504,58.1763],[15.2526,58.1658],[15.2497,58.1552],[15.2509,58.1488],[15.2503,58.1436],[15.2769,58.1348],[15.2964,58.1377],[15.3104,58.1414],[15.3268,58.1428],[15.3361,58.147],[15.3441,58.1573],[15.3576,58.162],[15.371,58.1635],[15.3759,58.1669],[15.3728,58.1777],[15.3661,58.1821],[15.3751,58.1869],[15.3752,58.1931],[15.371,58.1976],[15.3764,58.2074],[15.3717,58.2148],[15.3715,58.2199],[15.3673,58.2242],[15.3686,58.2288],[15.3606,58.231],[15.3678,58.2371],[15.3706,58.2536],[15.3542,58.2721],[15.3495,58.2745],[15.348,58.2819],[15.3408,58.2924],[15.345,58.3016],[15.3468,58.3148],[15.358,58.3203],[15.3629,58.3312],[15.3694,58.3385],[15.3671,58.3443],[15.3495,58.3508],[15.3316,58.3484],[15.3419,58.3568],[15.341,58.3678],[15.3521,58.3891],[15.3417,58.3966],[15.3267,58.3958],[15.3221,58.3983],[15.2876,58.3911],[15.2845,58.3937],[15.2685,58.3985],[15.2566,58.3986],[15.2676,58.4049],[15.2672,58.4107],[15.2805,58.4149],[15.2952,58.4163],[15.2973,58.4244],[15.308,58.4301],[15.3108,58.435],[15.2968,58.4357],[15.2881,58.4382],[15.2814,58.4378],[15.2715,58.4416],[15.2649,58.4385],[15.2566,58.4411],[15.2647,58.4542],[15.2576,58.4557],[15.2534,58.4623],[15.2472,58.4624],[15.245,58.4685],[15.2284,58.4667],[15.2169,58.4633],[15.2192,58.4582],[15.2028,58.4561],[15.2017,58.4618],[15.1969,58.4639],[15.1595,58.4667],[15.1562,58.4731],[15.1522,58.4733],[15.1527,58.4678],[15.1416,58.4631],[15.1343,58.4521],[15.1327,58.4461],[15.117,58.4339],[15.1034,58.4276],[15.0944,58.4314],[15.0781,58.4263],[15.0721,58.4276],[15.0636,58.4331],[15.0527,58.4319],[15.0478,58.4292],[15.0553,58.4235],[15.0391,58.4258],[15.0307,58.4215],[15.0034,58.4177],[15.0006,58.4209],[14.995,58.4183],[15.0014,58.4129],[15.0064,58.4016],[14.9861,58.399],[14.9858,58.4037],[14.9732,58.4056],[14.9705,58.4036],[14.9692,58.3901],[14.9777,58.3815],[14.9697,58.373],[14.9711,58.3691],[14.9647,58.3659],[14.9574,58.3683],[14.9482,58.3672],[14.9456,58.3596],[14.9472,58.3543],[14.9309,58.3488],[14.9243,58.3439],[14.9194,58.3468],[14.9118,58.3471],[14.8801,58.3597],[14.8629,58.3583],[14.8422,58.3588],[14.8345,58.355],[14.8505,58.3387],[14.858,58.3252],[14.8723,58.3238],[14.8677,58.3183],[14.8528,58.3158],[14.855,58.3123],[14.8529,58.3067],[14.8589,58.2885],[14.8713,58.2874],[14.8742,58.2843],[14.868,58.2795],[14.8573,58.2776],[14.8595,58.2684],[14.87,58.2601],[14.89,58.2635],[14.8905,58.2712],[14.8948,58.2753],[14.8957,58.2834],[14.9023,58.2824],[14.909,58.2876],[14.9316,58.2866],[14.9453,58.2881],[14.946,58.302],[14.9542,58.3021],[14.9563,58.2946],[14.9542,58.2911],[14.9667,58.2917],[14.9762,58.2906],[14.9769,58.302],[14.9885,58.303],[14.9985,58.3067],[15.0056,58.3065],[15.0102,58.3026],[15.0246,58.2856],[15.0221,58.281],[15.0344,58.2808],[15.0442,58.2832],[15.0496,58.2868],[15.0559,58.2843],[15.064,58.2865],[15.0829,58.283],[15.0991,58.2785],[15.1149,58.2773],[15.123,58.2746],[15.1283,58.2686],[15.1484,58.264],[15.1651,58.2619],[15.1719,58.2519],[15.1865,58.2527],[15.191,58.2482],[15.205,58.2487]]]}},{"type":"Feature","properties":{"code":"0604","name":"Aneby"},"geometry":{"type":"Polygon","coordinates":[[[14.5029,57.854],[14.5059,57.8542],[14.5135,57.8593],[14.5236,57.8589],[14.5275,57.8636],[14.5337,57.8646],[14.5437,57.8734],[14.5676,57.8716],[14.5743,57.8678],[14.5913,57.869],[14.5858,57.8625],[14.591,57.8556],[14.6043,57.8537],[14.6027,57.8444],[14.5986,57.8351],[14.6042,57.8298],[14.6194,57.8309],[14.6136,57.8261],[14.6164,57.8139],[14.6211,57.8123],[14.6212,57.8022],[14.6315,57.7879],[14.6291,57.7816],[14.6373,57.7798],[14.6398,57.7761],[14.6361,57.7657],[14.6507,57.7591],[14.6569,57.7644],[14.6736,57.7686],[14.6907,57.7745],[14.703,57.775],[14.7068,57.7772],[14.7018,57.7847],[14.711,57.7878],[14.7217,57.7844],[14.7288,57.784],[14.7401,57.7881],[14.7382,57.7964],[14.757,57.7988],[14.7553,57.8025],[14.7703,57.8025],[14.7914,57.805],[14.8133,57.8045],[14.8157,57.7966],[14.836,57.7994],[14.8392,57.7957],[14.8549,57.7979],[14.8596,57.8063],[14.885,57.8087],[14.8928,57.8121],[14.9215,57.8103],[14.9306,57.8086],[14.9313,57.8046],[14.9432,57.8019],[14.9509,57.7986],[14.9518,57.7858],[14.955,57.7759],[14.9519,57.7723],[14.9685,57.7602],[14.9662,57.7562],[14.9692,57.752],[14.9764,57.7483],[14.9907,57.7494],[15.0035,57.7467],[15.0129,57.743],[15.0232,57.743],[15.0323,57.7462],[15.0569,57.7433],[15.0698,57.7459],[15.0743,57.7495],[15.0867,57.7519],[15.0944,57.7416],[15.0897,57.7389],[15.1111,57.7284],[15.108,57.7254],[15.119,57.715],[15.125,57.7154],[15.1281,57.7202],[15.1303,57.7246],[15.1249,57.7301],[15.1196,57.7396],[15.1197,57.7439],[15.1119,57.7532],[15.1042,57.7573],[15.0887,57.7728],[15.0883,57.7789],[15.0817,57.7962],[15.0738,57.8062],[15.0714,57.8177],[15.0677,57.8223],[15.0709,57.8313],[15.078,57.8359],[15.0708,57.8427],[15.0703,57.8472],[15.0446,57.8594],[15.0335,57.8662],[15.0283,57.8723],[15.0302,57.8786],[15.0206,57.8852],[15.0226,57.8891],[15.011,57.891],[15.0086,57.8959],[14.9973,57.9029],[14.9938,57.9093],[15.0007,57.9169],[15.012,57.9234],[15.0046,57.9334],[14.9746,57.9275],[14.9574,57.9282],[14.9443,57.937],[14.9357,57.9499],[14.9263,57.9498],[14.9117,57.9485],[14.9025,57.9459],[14.8873,57.945],[14.871,57.9486],[14.8697,57.9523],[14.8546,57.9524],[14.8497,57.9428],[14.841,57.9422],[14.8361,57.9455],[14.8253,57.9482],[14.8145,57.9363],[14.8082,57.9376],[14.8049,57.9446],[14.7938,57.9435],[14.7952,57.9376],[14.7923,57.9311],[14.7839,57.9302],[14.7783,57.9362],[14.7695,57.9398],[14.7588,57.9476],[14.7583,57.953],[14.7495,57.9535],[14.7354,57.951],[14.7305,57.9591],[14.7188,57.9583],[14.7118,57.9531],[14.7146,57.9394],[14.6967,57.9439],[14.6855,57.9419],[14.6863,57.9484],[14.6786,57.9486],[14.6719,57.9515],[14.6536,57.9519],[14.6472,57.9535],[14.6413,57.958],[14.6475,57.9656],[14.6481,57.9758],[14.63,57.9772],[14.6304,57.9836],[14.6249,57.9835],[14.6217,57.9888],[14.6255,58.0002],[14.6134,58.0007],[14.5992,57.9988],[14.5772,57.9882],[14.5801,57.9814],[14.577,57.9719],[14.5818,57.9652],[14.5779,57.9595],[14.5791,57.9518],[14.5847,57.9449],[14.5792,57.9421],[14.5711,57.9473],[14.5553,57.9493],[14.549,57.9473],[14.5427,57.9413],[14.5351,57.9395],[14.5036,57.9391],[14.4961,57.9334],[14.4962,57.9298],[14.4854,57.9252],[14.4851,57.9223],[14.481,57.9162],[14.4816,57.8911],[14.478,57.8836],[14.4811,57.8808],[14.4795,57.8736],[14.4892,57.8661],[14.4959,57.8633],[14.4954,57.8556],[14.5029,57.854]]]}},{"type":"Feature","properties":{"code":"0617","name":"Gnosjö"},"geometry":{"type":"Polygon","coordinates":[[[13.8948,57.4646],[13.8857,57.4651],[13.8805,57.4695],[13.872,57.471],[13.8515,57.4702],[13.8389,57.4769],[13.8246,57.4794],[13.8226,57.4745],[13.8037,57.4722],[13.8013,57.4642],[13.7966,57.4596],[13.7888,57.463],[13.7833,57.4681],[13.7667,57.4731],[13.7585,57.4828],[13.7502,57.474],[13.7396,57.4739],[13.7275,57.4668],[13.7245,57.4614],[13.716,57.459],[13.7079,57.4536],[13.7034,57.4608],[13.697,57.4582],[13.684,57.4668],[13.6704,57.4716],[13.662,57.4678],[13.6594,57.4567],[13.652,57.4495],[13.658,57.4462],[13.6565,57.4425],[13.6479,57.4362],[13.637,57.4369],[13.6334,57.4321],[13.6253,57.4294],[13.632,57.425],[13.6274,57.4181],[13.6165,57.4078],[13.6036,57.4029],[13.6002,57.3913],[13.5995,57.3834],[13.5945,57.3793],[13.5783,57.3768],[13.5756,57.3647],[13.5765,57.3587],[13.5699,57.3541],[13.5691,57.346],[13.5737,57.3432],[13.5815,57.3427],[13.5841,57.3426],[13.6266,57.3525],[13.6502,57.3509],[13.6473,57.3449],[13.6743,57.3417],[13.6833,57.328],[13.6776,57.3204],[13.6843,57.3144],[13.6798,57.308],[13.69,57.3038],[13.694,57.2944],[13.7017,57.2862],[13.7076,57.286],[13.7084,57.2732],[13.7072,57.2672],[13.7082,57.2631],[13.716,57.2602],[13.7197,57.2531],[13.7099,57.2459],[13.7289,57.2402],[13.74,57.2384],[13.7549,57.24],[13.7791,57.2346],[13.8413,57.2359],[13.8346,57.2508],[13.8435,57.2585],[13.8441,57.2636],[13.8714,57.2727],[13.8988,57.2885],[13.9117,57.2691],[13.9603,57.2588],[13.9794,57.2519],[13.9939,57.265],[13.9984,57.2751],[14.0038,57.2827],[14.008,57.2847],[14.0191,57.2827],[14.0353,57.2777],[14.0434,57.2773],[14.0477,57.2841],[14.0596,57.3095],[14.037,57.3122],[14.047,57.3026],[14.0442,57.2972],[14.0059,57.2971],[13.9989,57.3055],[13.998,57.3094],[14.0034,57.3151],[14.013,57.3201],[14.0305,57.323],[14.0232,57.3339],[14.0067,57.3523],[14.0025,57.3555],[13.9892,57.3546],[13.9866,57.3571],[13.9855,57.3671],[13.9782,57.3759],[13.968,57.3741],[13.9614,57.3792],[13.9496,57.3729],[13.939,57.3692],[13.9214,57.3808],[13.9152,57.3878],[13.9072,57.3973],[13.9069,57.4022],[13.898,57.4077],[13.8852,57.4101],[13.9014,57.4339],[13.8941,57.4445],[13.8966,57.4576],[13.8948,57.4646]]]}},{"type":"Feature","properties":{"code":"0642","name":"Mullsjö"},"geometry":{"type":"Polygon","coordinates":[[[13.7933,58.0554],[13.79,58.056],[13.7732,58.0482],[13.771,58.0402],[13.7662,58.036],[13.7714,58.0249],[13.7756,58.0113],[13.7737,58.0064],[13.7547,58.0075],[13.7504,58.0054],[13.7575,58.0007],[13.7488,57.9938],[13.7439,57.9967],[13.7332,57.9982],[13.7319,57.9947],[13.7134,57.9874],[13.7228,57.9858],[13.7196,57.9762],[13.6885,57.977],[13.687,57.9742],[13.7122,57.966],[13.7257,57.9393],[13.729,57.9313],[13.7337,57.9377],[13.7413,57.9403],[13.7564,57.9408],[13.7659,57.9377],[13.7712,57.926],[13.7855,57.926],[13.7893,57.9221],[13.7919,57.9092],[13.7906,57.9064],[13.7773,57.9033],[13.764,57.8957],[13.7604,57.8914],[13.7664,57.8784],[13.7422,57.8653],[13.7398,57.8552],[13.7317,57.8454],[13.7664,57.8437],[13.7704,57.8458],[13.7832,57.8462],[13.7881,57.8369],[13.8034,57.8287],[13.8109,57.8347],[13.8515,57.8294],[13.8609,57.833],[13.8589,57.8369],[13.8657,57.8446],[13.8643,57.851],[13.8658,57.8598],[13.8707,57.8642],[13.8638,57.8682],[13.8607,57.8768],[13.865,57.8845],[13.8608,57.8868],[13.856,57.8941],[13.8673,57.9014],[13.8748,57.9001],[13.8847,57.8949],[13.8916,57.8932],[13.8968,57.8953],[13.8923,57.9001],[13.8934,57.9037],[13.9021,57.9091],[13.9013,57.9165],[13.9071,57.9159],[13.9088,57.9217],[13.9214,57.9247],[13.9218,57.9274],[13.9028,57.9359],[13.9108,57.9435],[13.8996,57.9517],[13.9021,57.9556],[13.9101,57.9572],[13.9063,57.9681],[13.912,57.974],[13.9134,57.9783],[13.9186,57.9797],[13.9176,57.9806],[13.9178,57.981],[13.9184,57.9811],[13.9182,57.9814],[13.9182,57.9815],[13.9182,57.9816],[13.9184,57.9822],[13.9175,57.9832],[13.9174,57.985],[13.9232,57.9895],[13.9289,58.0013],[13.9299,58.0088],[13.9447,58.0067],[13.9657,58.0081],[13.9607,58.0099],[13.9524,58.0277],[13.9527,58.0303],[13.943,58.0354],[13.9186,58.0417],[13.9053,58.0423],[13.8763,58.0472],[13.8682,58.0474],[13.8651,58.0412],[13.8482,58.0438],[13.8226,58.05],[13.8052,58.0555],[13.8025,58.0496],[13.7916,58.0487],[13.7933,58.0554]]]}},{"type":"Feature","properties":{"code":"0643","name":"Habo"},"geometry":{"type":"Polygon","coordinates":[[[14.1183,57.8776],[14.1104,57.883],[14.114,57.895],[14.1203,57.9038],[14.1253,57.9176],[14.1235,57.9277],[14.1228,57.9331],[14.1234,57.939],[14.1161,57.9479],[14.1191,57.9622],[14.1281,57.9687],[14.1328,57.9797],[14.1439,57.9851],[14.1515,57.9958],[14.1523,58.0032],[14.1646,58.0127],[14.1787,58.0149],[14.1817,58.0175],[14.173,58.0258],[14.179,58.0357],[14.1895,58.0436],[14.1867,58.0472],[14.1966,58.062],[14.2007,58.0658],[14.2053,58.078],[14.2042,58.0838],[14.207,58.0914],[14.2124,58.0967],[14.2121,58.1107],[14.2138,58.1148],[14.2255,58.1253],[14.2267,58.1354],[14.2057,58.1353],[14.1766,58.1289],[14.1556,58.1303],[14.1396,58.1385],[14.1288,58.1463],[14.1186,58.1212],[14.122,58.1001],[14.117,58.0886],[14.1114,58.0867],[14.1077,58.0817],[14.1169,58.0782],[14.1073,58.0637],[14.0647,58.0389],[14.0696,58.0251],[14.0068,58.013],[13.993,58.0097],[13.9657,58.0081],[13.9447,58.0067],[13.9299,58.0088],[13.9289,58.0013],[13.9232,57.9895],[13.9174,57.985],[13.9175,57.9832],[13.9184,57.9822],[13.9182,57.9816],[13.9182,57.9815],[13.9182,57.9814],[13.9184,57.9811],[13.9178,57.981],[13.9176,57.9806],[13.9186,57.9797],[13.9134,57.9783],[13.912,57.974],[13.9063,57.9681],[13.9101,57.9572],[13.9021,57.9556],[13.8996,57.9517],[13.9108,57.9435],[13.9028,57.9359],[13.9218,57.9274],[13.9214,57.9247],[13.9088,57.9217],[13.9071,57.9159],[13.9013,57.9165],[13.9021,57.9091],[13.8934,57.9037],[13.8923,57.9001],[13.8968,57.8953],[13.8916,57.8932],[13.8847,57.8949],[13.8748,57.9001],[13.8673,57.9014],[13.856,57.8941],[13.8608,57.8868],[13.865,57.8845],[13.8607,57.8768],[13.8638,57.8682],[13.8707,57.8642],[13.8658,57.8598],[13.8643,57.851],[13.867,57.8503],[13.8884,57.8379],[13.9013,57.841],[13.9054,57.8469],[13.9213,57.8562],[13.9452,57.8454],[13.9418,57.8383],[13.9595,57.8328],[13.9587,57.8281],[13.9531,57.8245],[13.9658,57.8223],[13.9667,57.8144],[13.9758,57.811],[13.9943,57.8067],[13.9984,57.8042],[14.0109,57.8046],[14.0147,57.8193],[14.0173,57.8253],[14.0131,57.8312],[14.0134,57.8501],[14.0221,57.8512],[14.0302,57.8597],[14.0358,57.8578],[14.0431,57.8592],[14.0488,57.864],[14.0571,57.8624],[14.0611,57.8585],[14.0771,57.8545],[14.0798,57.8565],[14.0975,57.8578],[14.1025,57.8624],[14.1014,57.868],[14.1087,57.8733],[14.1144,57.8735],[14.1183,57.8776]]]}},{"type":"Feature","properties":{"code":"0662","name":"Gislaved"},"geometry":{"type":"Polygon","coordinates":[[[13.8264,57.613],[13.8192,57.6142],[13.8075,57.6124],[13.7999,57.6083],[13.805,57.6018],[13.8008,57.5934],[13.8014,57.5893],[13.8149,57.5876],[13.8133,57.5825],[13.8055,57.5807],[13.7897,57.5736],[13.7832,57.5665],[13.7815,57.5608],[13.7759,57.5552],[13.7573,57.5615],[13.7421,57.5686],[13.7265,57.5694],[13.7195,57.5634],[13.7192,57.5602],[13.6886,57.5583],[13.6682,57.5407],[13.6688,57.5382],[13.6492,57.5288],[13.6425,57.5243],[13.6365,57.5242],[13.6239,57.5201],[13.6153,57.5133],[13.6045,57.5075],[13.5954,57.4967],[13.5869,57.4837],[13.5833,57.4756],[13.5703,57.4685],[13.5637,57.4634],[13.5456,57.444],[13.5313,57.4305],[13.5142,57.4282],[13.5043,57.4142],[13.5155,57.4102],[13.5153,57.4043],[13.5097,57.3973],[13.4884,57.3956],[13.4823,57.3935],[13.4741,57.3863],[13.4672,57.3771],[13.4684,57.3713],[13.4484,57.3711],[13.4356,57.3691],[13.4331,57.3665],[13.4299,57.3577],[13.4363,57.3527],[13.433,57.349],[13.3969,57.3403],[13.3862,57.3402],[13.3772,57.3279],[13.3687,57.3215],[13.3635,57.3231],[13.3519,57.3213],[13.3432,57.3184],[13.3126,57.3138],[13.2821,57.3075],[13.2872,57.3017],[13.2891,57.289],[13.2878,57.2856],[13.2833,57.2723],[13.273,57.268],[13.2727,57.2629],[13.259,57.2543],[13.2528,57.2552],[13.2458,57.2594],[13.2289,57.2594],[13.224,57.2551],[13.2109,57.2506],[13.1993,57.2504],[13.1955,57.2432],[13.1885,57.2375],[13.1899,57.2296],[13.1941,57.2274],[13.1752,57.2111],[13.1764,57.209],[13.1658,57.1995],[13.1656,57.194],[13.1585,57.1904],[13.1515,57.178],[13.1382,57.1735],[13.1383,57.1676],[13.1307,57.1641],[13.1255,57.1574],[13.1201,57.1548],[13.1169,57.1493],[13.1114,57.1467],[13.1003,57.1456],[13.0807,57.1323],[13.0817,57.1248],[13.0911,57.1291],[13.0991,57.1285],[13.0905,57.123],[13.0935,57.1204],[13.0846,57.1127],[13.0899,57.1056],[13.0791,57.0989],[13.0848,57.0937],[13.0896,57.0861],[13.0812,57.0836],[13.0874,57.078],[13.0945,57.0757],[13.0991,57.0701],[13.107,57.0656],[13.1164,57.0632],[13.1218,57.0536],[13.1145,57.047],[13.1133,57.0408],[13.1219,57.0355],[13.118,57.0333],[13.1221,57.0268],[13.1333,57.0271],[13.1367,57.0346],[13.145,57.0376],[13.1563,57.0374],[13.1656,57.0411],[13.1787,57.0481],[13.1898,57.0487],[13.1964,57.0508],[13.1898,57.0579],[13.1681,57.0485],[13.1619,57.0515],[13.1719,57.0549],[13.1799,57.0668],[13.1867,57.0642],[13.2009,57.0722],[13.2064,57.071],[13.2176,57.0759],[13.2294,57.0768],[13.2337,57.0791],[13.2239,57.0837],[13.2334,57.0902],[13.2266,57.0948],[13.2325,57.0978],[13.2538,57.0893],[13.2745,57.0933],[13.2856,57.0996],[13.2893,57.1034],[13.3,57.1037],[13.3107,57.1019],[13.3207,57.1024],[13.3249,57.1047],[13.3428,57.1092],[13.3514,57.1133],[13.366,57.1137],[13.3861,57.1108],[13.387,57.1139],[13.4237,57.1129],[13.44,57.1104],[13.4424,57.1068],[13.4508,57.105],[13.4608,57.0993],[13.469,57.1026],[13.4725,57.1078],[13.489,57.1138],[13.4939,57.1108],[13.4972,57.1045],[13.4959,57.0949],[13.5008,57.0898],[13.4897,57.0855],[13.5009,57.0735],[13.5046,57.0738],[13.5054,57.0851],[13.5273,57.0874],[13.535,57.0815],[13.5464,57.0794],[13.5742,57.07],[13.5688,57.0655],[13.5737,57.0628],[13.5824,57.0652],[13.5989,57.0633],[13.6036,57.0597],[13.6057,57.0506],[13.6024,57.0461],[13.6079,57.042],[13.5989,57.0369],[13.5855,57.0326],[13.5934,57.0302],[13.6026,57.024],[13.5955,57.0153],[13.6025,57.0084],[13.6135,57.003],[13.6162,56.9999],[13.629,56.994],[13.6269,56.9914],[13.6304,56.9862],[13.6477,56.9877],[13.6564,56.984],[13.6642,56.9846],[13.667,56.9801],[13.6807,56.9721],[13.6914,56.976],[13.6926,56.9886],[13.7096,57.0046],[13.7126,57.018],[13.7331,57.036],[13.7469,57.0385],[13.7469,57.0711],[13.7404,57.0745],[13.7326,57.0822],[13.735,57.0863],[13.7286,57.0932],[13.7171,57.0919],[13.7161,57.0968],[13.7032,57.1036],[13.6996,57.1106],[13.7611,57.1303],[13.7606,57.1349],[13.7574,57.1352],[13.736,57.1291],[13.738,57.1341],[13.7436,57.1404],[13.7201,57.1388],[13.7042,57.1395],[13.6971,57.1488],[13.7221,57.1604],[13.7085,57.167],[13.701,57.1654],[13.6889,57.147],[13.6752,57.141],[13.6641,57.1465],[13.65,57.1594],[13.641,57.1713],[13.6472,57.1771],[13.6605,57.1784],[13.67,57.1893],[13.676,57.1927],[13.6632,57.1951],[13.6558,57.1979],[13.6593,57.2074],[13.6567,57.2108],[13.6574,57.2172],[13.6674,57.2302],[13.6617,57.2313],[13.6613,57.2369],[13.6668,57.2488],[13.6865,57.2485],[13.6895,57.2449],[13.7099,57.2459],[13.7197,57.2531],[13.716,57.2602],[13.7082,57.2631],[13.7072,57.2672],[13.7084,57.2732],[13.7076,57.286],[13.7017,57.2862],[13.694,57.2944],[13.69,57.3038],[13.6798,57.308],[13.6843,57.3144],[13.6776,57.3204],[13.6833,57.328],[13.6743,57.3417],[13.6473,57.3449],[13.6502,57.3509],[13.6266,57.3525],[13.5841,57.3426],[13.5815,57.3427],[13.5737,57.3432],[13.5691,57.346],[13.5699,57.3541],[13.5765,57.3587],[13.5756,57.3647],[13.5783,57.3768],[13.5945,57.3793],[13.5995,57.3834],[13.6002,57.3913],[13.6036,57.4029],[13.6165,57.4078],[13.6274,57.4181],[13.632,57.425],[13.6253,57.4294],[13.6334,57.4321],[13.637,57.4369],[13.6479,57.4362],[13.6565,57.4425],[13.658,57.4462],[13.652,57.4495],[13.6594,57.4567],[13.662,57.4678],[13.6704,57.4716],[13.684,57.4668],[13.697,57.4582],[13.7034,57.4608],[13.7079,57.4536],[13.716,57.459],[13.7245,57.4614],[13.7275,57.4668],[13.7396,57.4739],[13.7502,57.474],[13.7585,57.4828],[13.7667,57.4731],[13.7833,57.4681],[13.7888,57.463],[13.7966,57.4596],[13.8013,57.4642],[13.8037,57.4722],[13.8226,57.4745],[13.8246,57.4794],[13.8389,57.4769],[13.8515,57.4702],[13.872,57.471],[13.8805,57.4695],[13.8857,57.4651],[13.8948,57.4646],[13.8997,57.4703],[13.9011,57.4802],[13.8966,57.4921],[13.9091,57.4929],[13.9066,57.4974],[13.9074,57.5074],[13.9058,57.5165],[13.9018,57.5266],[13.9048,57.5321],[13.8984,57.5391],[13.8927,57.5419],[13.892,57.5515],[13.8838,57.5542],[13.8807,57.5622],[13.886,57.5663],[13.8952,57.5682],[13.9008,57.5757],[13.8589,57.5807],[13.867,57.5931],[13.8493,57.5954],[13.8433,57.603],[13.8355,57.6072],[13.825,57.608],[13.8264,57.613]]]}},{"type":"Feature","properties":{"code":"0665","name":"Vaggeryd"},"geometry":{"type":"Polygon","coordinates":[[[13.9091,57.4929],[13.8966,57.4921],[13.9011,57.4802],[13.8997,57.4703],[13.8948,57.4646],[13.8966,57.4576],[13.8941,57.4445],[13.9014,57.4339],[13.8852,57.4101],[13.898,57.4077],[13.9069,57.4022],[13.9072,57.3973],[13.9152,57.3878],[13.9214,57.3808],[13.939,57.3692],[13.9496,57.3729],[13.9614,57.3792],[13.968,57.3741],[13.9782,57.3759],[13.9855,57.3671],[13.9866,57.3571],[13.9892,57.3546],[14.0025,57.3555],[14.0067,57.3523],[14.0232,57.3339],[14.0305,57.323],[14.013,57.3201],[14.0034,57.3151],[13.998,57.3094],[13.9989,57.3055],[14.0059,57.2971],[14.0442,57.2972],[14.047,57.3026],[14.037,57.3122],[14.0596,57.3095],[14.0734,57.3239],[14.0837,57.3254],[14.0972,57.322],[14.0912,57.3096],[14.0916,57.3012],[14.1276,57.3094],[14.1494,57.315],[14.169,57.3192],[14.1936,57.3152],[14.2073,57.316],[14.2113,57.3216],[14.2159,57.3222],[14.2194,57.3294],[14.225,57.3276],[14.2322,57.3213],[14.2423,57.3075],[14.2565,57.3089],[14.2737,57.3077],[14.2737,57.3472],[14.2895,57.3495],[14.302,57.361],[14.3094,57.3656],[14.3141,57.3653],[14.3329,57.3693],[14.3327,57.3748],[14.353,57.3803],[14.3641,57.3824],[14.3684,57.3872],[14.3678,57.3999],[14.3648,57.4083],[14.3688,57.4257],[14.3693,57.4385],[14.3758,57.4484],[14.3812,57.4638],[14.4088,57.4609],[14.4161,57.4658],[14.4358,57.4683],[14.4375,57.4732],[14.4503,57.4728],[14.4531,57.4762],[14.4451,57.486],[14.4518,57.4893],[14.4366,57.4921],[14.4345,57.4979],[14.4409,57.5048],[14.4274,57.5165],[14.3976,57.5171],[14.3928,57.5152],[14.3767,57.5174],[14.3643,57.5159],[14.3466,57.5175],[14.3377,57.5251],[14.3266,57.5263],[14.3139,57.5318],[14.3315,57.5402],[14.3105,57.5433],[14.3009,57.5519],[14.2908,57.5578],[14.2747,57.563],[14.2661,57.5615],[14.2561,57.5635],[14.2557,57.5592],[14.2475,57.5525],[14.23,57.5475],[14.225,57.5542],[14.2294,57.5659],[14.2177,57.5729],[14.2171,57.5797],[14.2137,57.5838],[14.2168,57.5901],[14.2082,57.6003],[14.216,57.6057],[14.206,57.6169],[14.2036,57.6296],[14.2045,57.6347],[14.1971,57.6444],[14.161,57.6313],[14.1446,57.6264],[14.1413,57.6191],[14.1396,57.6161],[14.126,57.6122],[14.1132,57.6117],[14.0929,57.6167],[14.0786,57.622],[14.0629,57.6299],[14.0451,57.6289],[14.0294,57.618],[14.0275,57.6217],[14.0169,57.6298],[14.005,57.6318],[14.0023,57.6363],[13.9958,57.6391],[13.9833,57.6474],[13.9703,57.6576],[13.9653,57.6545],[13.9581,57.6406],[13.9546,57.6312],[13.9471,57.6243],[13.9383,57.6201],[13.9263,57.6199],[13.9194,57.6167],[13.9173,57.6103],[13.9043,57.6136],[13.8696,57.6208],[13.8535,57.6229],[13.84,57.6151],[13.8264,57.613],[13.825,57.608],[13.8355,57.6072],[13.8433,57.603],[13.8493,57.5954],[13.867,57.5931],[13.8589,57.5807],[13.9008,57.5757],[13.8952,57.5682],[13.886,57.5663],[13.8807,57.5622],[13.8838,57.5542],[13.892,57.5515],[13.8927,57.5419],[13.8984,57.5391],[13.9048,57.5321],[13.9018,57.5266],[13.9058,57.5165],[13.9074,57.5074],[13.9066,57.4974],[13.9091,57.4929]]]}},{"type":"Feature","properties":{"code":"0680","name":"Jönköping"},"geometry":{"type":"MultiPolygon","coordinates":[[[[14.5059,57.8542],[14.5029,57.854],[14.4954,57.8556],[14.4959,57.8633],[14.4892,57.8661],[14.4795,57.8736],[14.4811,57.8808],[14.478,57.8836],[14.4816,57.8911],[14.481,57.9162],[14.4851,57.9223],[14.4854,57.9252],[14.4962,57.9298],[14.4961,57.9334],[14.5036,57.9391],[14.5351,57.9395],[14.5427,57.9413],[14.549,57.9473],[14.5553,57.9493],[14.5711,57.9473],[14.5792,57.9421],[14.5847,57.9449],[14.5791,57.9518],[14.5779,57.9595],[14.5818,57.9652],[14.577,57.9719],[14.5801,57.9814],[14.5772,57.9882],[14.5992,57.9988],[14.6134,58.0007],[14.6162,58.0063],[14.6149,58.0111],[14.6204,58.0174],[14.6196,58.0243],[14.6152,58.0285],[14.6136,58.0351],[14.608,58.0384],[14.6061,58.0459],[14.6089,58.0501],[14.6192,58.0506],[14.6199,58.0543],[14.6039,58.0691],[14.6062,58.0746],[14.6015,58.0862],[14.5969,58.0904],[14.5934,58.0985],[14.5867,58.1042],[14.5654,58.1066],[14.557,58.1046],[14.5496,58.1051],[14.5434,58.1114],[14.5175,58.0847],[14.5165,58.0819],[14.5069,58.0738],[14.4916,58.0642],[14.4739,58.0472],[14.4661,58.0411],[14.4575,58.0299],[14.4539,58.0264],[14.4509,58.0133],[14.444,58.006],[14.4373,58.0017],[14.4007,57.9867],[14.3989,57.984],[14.3727,57.9723],[14.3606,57.968],[14.3516,57.9624],[14.3372,57.9479],[14.3233,57.9371],[14.3186,57.9306],[14.3104,57.9229],[14.304,57.9113],[14.2892,57.8924],[14.283,57.8867],[14.2776,57.8806],[14.268,57.8644],[14.2654,57.853],[14.2681,57.8332],[14.2678,57.825],[14.267,57.8202],[14.2716,57.8058],[14.2674,57.7961],[14.2626,57.7941],[14.2418,57.7935],[14.2259,57.7933],[14.2128,57.7869],[14.2075,57.7828],[14.1987,57.7822],[14.1895,57.7821],[14.1827,57.7825],[14.1687,57.784],[14.162,57.785],[14.155,57.7867],[14.1493,57.7928],[14.1496,57.7959],[14.1562,57.8105],[14.1549,57.8216],[14.1558,57.8258],[14.1528,57.8343],[14.1512,57.8595],[14.1475,57.8652],[14.1378,57.8701],[14.1183,57.8776],[14.1144,57.8735],[14.1087,57.8733],[14.1014,57.868],[14.1025,57.8624],[14.0975,57.8578],[14.0798,57.8565],[14.0771,57.8545],[14.0611,57.8585],[14.0571,57.8624],[14.0488,57.864],[14.0431,57.8592],[14.0358,57.8578],[14.0302,57.8597],[14.0221,57.8512],[14.0134,57.8501],[14.0131,57.8312],[14.0173,57.8253],[14.0147,57.8193],[14.0109,57.8046],[13.9984,57.8042],[13.9943,57.8067],[13.9758,57.811],[13.9667,57.8144],[13.9658,57.8223],[13.9531,57.8245],[13.9587,57.8281],[13.9595,57.8328],[13.9418,57.8383],[13.9452,57.8454],[13.9213,57.8562],[13.9054,57.8469],[13.9013,57.841],[13.8884,57.8379],[13.867,57.8503],[13.8643,57.851],[13.8657,57.8446],[13.8589,57.8369],[13.8609,57.833],[13.8515,57.8294],[13.8109,57.8347],[13.8034,57.8287],[13.7881,57.8369],[13.7832,57.8462],[13.7704,57.8458],[13.7664,57.8437],[13.7317,57.8454],[13.7368,57.8433],[13.7379,57.8175],[13.7444,57.8163],[13.7464,57.8102],[13.7439,57.7984],[13.7462,57.7843],[13.7487,57.778],[13.7539,57.7734],[13.7417,57.7575],[13.7317,57.7525],[13.7143,57.7306],[13.7171,57.723],[13.7297,57.7184],[13.7266,57.7161],[13.6942,57.7057],[13.7225,57.6917],[13.7235,57.6818],[13.7248,57.6694],[13.7158,57.6549],[13.7076,57.6383],[13.6856,57.6324],[13.6825,57.6258],[13.6715,57.6275],[13.6707,57.6196],[13.6642,57.615],[13.6702,57.6015],[13.6694,57.594],[13.6791,57.5952],[13.6767,57.59],[13.6716,57.587],[13.6786,57.5844],[13.6798,57.5793],[13.6866,57.5764],[13.6862,57.5693],[13.6886,57.5583],[13.7192,57.5602],[13.7195,57.5634],[13.7265,57.5694],[13.7421,57.5686],[13.7573,57.5615],[13.7759,57.5552],[13.7815,57.5608],[13.7832,57.5665],[13.7897,57.5736],[13.8055,57.5807],[13.8133,57.5825],[13.8149,57.5876],[13.8014,57.5893],[13.8008,57.5934],[13.805,57.6018],[13.7999,57.6083],[13.8075,57.6124],[13.8192,57.6142],[13.8264,57.613],[13.84,57.6151],[13.8535,57.6229],[13.8696,57.6208],[13.9043,57.6136],[13.9173,57.6103],[13.9194,57.6167],[13.9263,57.6199],[13.9383,57.6201],[13.9471,57.6243],[13.9546,57.6312],[13.9581,57.6406],[13.9653,57.6545],[13.9703,57.6576],[13.9833,57.6474],[13.9958,57.6391],[14.0023,57.6363],[14.005,57.6318],[14.0169,57.6298],[14.0275,57.6217],[14.0294,57.618],[14.0451,57.6289],[14.0629,57.6299],[14.0786,57.622],[14.0929,57.6167],[14.1132,57.6117],[14.126,57.6122],[14.1396,57.6161],[14.1413,57.6191],[14.1446,57.6264],[14.161,57.6313],[14.1971,57.6444],[14.2045,57.6347],[14.2036,57.6296],[14.206,57.6169],[14.216,57.6057],[14.2082,57.6003],[14.2168,57.5901],[14.2137,57.5838],[14.2171,57.5797],[14.2177,57.5729],[14.2294,57.5659],[14.225,57.5542],[14.23,57.5475],[14.2475,57.5525],[14.2557,57.5592],[14.2561,57.5635],[14.2661,57.5615],[14.2747,57.563],[14.2908,57.5578],[14.3009,57.5519],[14.3105,57.5433],[14.3315,57.5402],[14.3434,57.5401],[14.3476,57.5517],[14.3421,57.5607],[14.338,57.5727],[14.336,57.5829],[14.3375,57.5869],[14.3317,57.5961],[14.3609,57.599],[14.3701,57.604],[14.3799,57.6127],[14.368,57.6154],[14.3603,57.6259],[14.36,57.6308],[14.3645,57.6337],[14.3791,57.636],[14.3861,57.6393],[14.3829,57.6491],[14.3913,57.6505],[14.3911,57.6562],[14.3957,57.66],[14.3952,57.6661],[14.4147,57.6631],[14.4255,57.6638],[14.4187,57.6766],[14.4229,57.6843],[14.4319,57.6828],[14.442,57.6876],[14.4377,57.692],[14.4486,57.6942],[14.4514,57.6985],[14.4437,57.7057],[14.4488,57.7097],[14.4467,57.713],[14.4343,57.717],[14.4345,57.7206],[14.4551,57.723],[14.4564,57.7309],[14.4728,57.7268],[14.4866,57.7262],[14.4994,57.7233],[14.5082,57.7268],[14.5091,57.7312],[14.5153,57.741],[14.5254,57.7448],[14.5302,57.7424],[14.5404,57.7451],[14.5576,57.7409],[14.5613,57.7452],[14.57,57.7437],[14.5692,57.737],[14.5775,57.7341],[14.5844,57.7386],[14.6058,57.7394],[14.6034,57.7442],[14.6184,57.7486],[14.6242,57.748],[14.6303,57.7512],[14.6399,57.7491],[14.6535,57.7533],[14.6507,57.7591],[14.6361,57.7657],[14.6398,57.7761],[14.6373,57.7798],[14.6291,57.7816],[14.6315,57.7879],[14.6212,57.8022],[14.6211,57.8123],[14.6164,57.8139],[14.6136,57.8261],[14.6194,57.8309],[14.6042,57.8298],[14.5986,57.8351],[14.6027,57.8444],[14.6043,57.8537],[14.591,57.8556],[14.5858,57.8625],[14.5913,57.869],[14.5743,57.8678],[14.5676,57.8716],[14.5437,57.8734],[14.5337,57.8646],[14.5275,57.8636],[14.5236,57.8589],[14.5135,57.8593],[14.5059,57.8542]]],[[[14.2757,57.9979],[14.2821,58],[14.2929,57.998],[14.3017,58.0007],[14.3142,58.0067],[14.3346,58.0219],[14.3483,58.0288],[14.3542,58.0384],[14.3716,58.0592],[14.3753,58.0682],[14.376,58.0847],[14.3908,58.0889],[14.4036,58.0881],[14.4149,58.0916],[14.4035,58.1054],[14.3964,58.1081],[14.3928,58.1039],[14.375,58.0988],[14.3702,58.0892],[14.3575,58.0789],[14.3468,58.0741],[14.3329,58.0628],[14.3216,58.0508],[14.3032,58.0372],[14.2948,58.029],[14.2936,58.0228],[14.2845,58.0085],[14.2757,57.9979]]],[[[13.657,57.6041],[13.65,57.6052],[13.6365,57.5941],[13.6492,57.5944],[13.657,57.6041]]]]}},{"type":"Feature","properties":{"code":"0682","name":"Nässjö"},"geometry":{"type":"Polygon","coordinates":[[[14.4345,57.7206],[14.4343,57.717],[14.4467,57.713],[14.4488,57.7097],[14.4437,57.7057],[14.4514,57.6985],[14.4486,57.6942],[14.4377,57.692],[14.442,57.6876],[14.4319,57.6828],[14.4229,57.6843],[14.4187,57.6766],[14.4255,57.6638],[14.4147,57.6631],[14.3952,57.6661],[14.3957,57.66],[14.3911,57.6562],[14.3913,57.6505],[14.3829,57.6491],[14.3861,57.6393],[14.3791,57.636],[14.3645,57.6337],[14.36,57.6308],[14.3603,57.6259],[14.368,57.6154],[14.3799,57.6127],[14.3701,57.604],[14.3609,57.599],[14.3317,57.5961],[14.3375,57.5869],[14.336,57.5829],[14.338,57.5727],[14.3421,57.5607],[14.3476,57.5517],[14.3434,57.5401],[14.3315,57.5402],[14.3139,57.5318],[14.3266,57.5263],[14.3377,57.5251],[14.3466,57.5175],[14.3643,57.5159],[14.3767,57.5174],[14.3928,57.5152],[14.3976,57.5171],[14.4274,57.5165],[14.4409,57.5048],[14.4345,57.4979],[14.4366,57.4921],[14.4518,57.4893],[14.4734,57.4871],[14.4916,57.4908],[14.5022,57.487],[14.5081,57.489],[14.5169,57.4871],[14.5204,57.4836],[14.5168,57.4765],[14.5211,57.4753],[14.5332,57.4669],[14.535,57.4749],[14.5461,57.4744],[14.5492,57.4669],[14.5451,57.4629],[14.5609,57.4645],[14.5605,57.4598],[14.5698,57.4542],[14.5773,57.452],[14.578,57.4393],[14.5913,57.4372],[14.5888,57.4337],[14.6032,57.4339],[14.6102,57.438],[14.6173,57.4349],[14.6212,57.441],[14.6304,57.443],[14.6314,57.4461],[14.6591,57.4548],[14.6615,57.4595],[14.6684,57.462],[14.675,57.4688],[14.6787,57.4685],[14.6856,57.473],[14.6991,57.4655],[14.7136,57.4627],[14.7268,57.4649],[14.7383,57.4578],[14.7392,57.4521],[14.7475,57.4491],[14.7484,57.4438],[14.741,57.4411],[14.7409,57.4382],[14.7505,57.4297],[14.7484,57.4269],[14.7599,57.4216],[14.7572,57.42],[14.7606,57.4131],[14.7612,57.4035],[14.7759,57.4033],[14.7854,57.4065],[14.7977,57.4072],[14.8186,57.4036],[14.8163,57.4099],[14.8237,57.4118],[14.8296,57.4238],[14.8267,57.4359],[14.8338,57.4441],[14.8382,57.4655],[14.8467,57.467],[14.8432,57.4717],[14.8314,57.4686],[14.8293,57.472],[14.8355,57.4748],[14.8361,57.4827],[14.8402,57.4851],[14.8415,57.4948],[14.8534,57.4958],[14.8506,57.4999],[14.8547,57.5056],[14.8469,57.5108],[14.8612,57.5119],[14.8606,57.5186],[14.8567,57.5196],[14.8601,57.5312],[14.8577,57.5331],[14.8466,57.5511],[14.8433,57.5688],[14.8451,57.5791],[14.8516,57.5738],[14.863,57.5759],[14.8618,57.5818],[14.8668,57.5873],[14.8595,57.5929],[14.8579,57.5911],[14.844,57.5899],[14.8407,57.5922],[14.8262,57.5964],[14.8156,57.5969],[14.8112,57.5993],[14.7883,57.6068],[14.791,57.6174],[14.8043,57.6203],[14.8157,57.618],[14.8321,57.6243],[14.8336,57.6302],[14.829,57.6307],[14.8326,57.6373],[14.8387,57.6429],[14.8466,57.647],[14.8447,57.6603],[14.8622,57.6637],[14.8618,57.6702],[14.8739,57.6739],[14.8829,57.6785],[14.8792,57.6831],[14.8906,57.6887],[14.8893,57.6937],[14.9026,57.701],[14.9075,57.7053],[14.9183,57.7067],[14.9108,57.7177],[14.9103,57.7225],[14.9163,57.725],[14.9301,57.7254],[14.9341,57.7309],[14.9265,57.7343],[14.9249,57.7392],[14.9607,57.745],[14.965,57.7516],[14.9692,57.752],[14.9662,57.7562],[14.9685,57.7602],[14.9519,57.7723],[14.955,57.7759],[14.9518,57.7858],[14.9509,57.7986],[14.9432,57.8019],[14.9313,57.8046],[14.9306,57.8086],[14.9215,57.8103],[14.8928,57.8121],[14.885,57.8087],[14.8596,57.8063],[14.8549,57.7979],[14.8392,57.7957],[14.836,57.7994],[14.8157,57.7966],[14.8133,57.8045],[14.7914,57.805],[14.7703,57.8025],[14.7553,57.8025],[14.757,57.7988],[14.7382,57.7964],[14.7401,57.7881],[14.7288,57.784],[14.7217,57.7844],[14.711,57.7878],[14.7018,57.7847],[14.7068,57.7772],[14.703,57.775],[14.6907,57.7745],[14.6736,57.7686],[14.6569,57.7644],[14.6507,57.7591],[14.6535,57.7533],[14.6399,57.7491],[14.6303,57.7512],[14.6242,57.748],[14.6184,57.7486],[14.6034,57.7442],[14.6058,57.7394],[14.5844,57.7386],[14.5775,57.7341],[14.5692,57.737],[14.57,57.7437],[14.5613,57.7452],[14.5576,57.7409],[14.5404,57.7451],[14.5302,57.7424],[14.5254,57.7448],[14.5153,57.741],[14.5091,57.7312],[14.5082,57.7268],[14.4994,57.7233],[14.4866,57.7262],[14.4728,57.7268],[14.4564,57.7309],[14.4551,57.723],[14.4345,57.7206]]]}},{"type":"Feature","properties":{"code":"0683","name":"Värnamo"},"geometry":{"type":"Polygon","coordinates":[[[13.7326,57.0822],[13.7404,57.0745],[13.7469,57.0711],[13.7469,57.0385],[13.7602,57.0356],[13.7546,57.0288],[13.7622,57.0258],[13.7763,57.0242],[13.798,57.026],[13.8025,57.0288],[13.822,57.008],[13.8399,57.0041],[13.8403,56.9989],[13.8584,56.9995],[13.8678,57.0123],[13.8744,57.0184],[13.8909,57.017],[13.9103,57.0184],[13.9243,57.0294],[13.9248,57.0406],[13.9757,57.0415],[13.99,57.0293],[14.0088,57.0435],[14.0168,57.0518],[14.0241,57.0518],[14.0449,57.0505],[14.0703,57.0465],[14.091,57.0411],[14.1002,57.0349],[14.0948,57.0301],[14.0948,57.0211],[14.1324,57.0226],[14.1433,57.0173],[14.1415,57.0098],[14.1526,57.0092],[14.1562,56.9985],[14.1688,56.9957],[14.1704,56.9923],[14.1803,56.9887],[14.1889,56.9653],[14.1865,56.9656],[14.1918,56.9578],[14.2161,56.955],[14.2124,56.9511],[14.2147,56.9435],[14.2132,56.9377],[14.2208,56.9357],[14.219,56.9322],[14.2254,56.9113],[14.2433,56.896],[14.2558,56.8867],[14.2697,56.8834],[14.2992,56.8792],[14.316,56.884],[14.3249,56.8828],[14.326,56.8909],[14.3325,56.8961],[14.3456,56.9134],[14.3614,56.9203],[14.3697,56.9302],[14.3747,56.9307],[14.3768,56.939],[14.3848,56.9443],[14.3868,56.9478],[14.3873,56.9537],[14.3945,56.9646],[14.3793,56.9754],[14.3766,56.9811],[14.3669,56.9814],[14.3682,56.9931],[14.379,56.9996],[14.3722,57.0052],[14.3494,57.0032],[14.3513,57.0115],[14.3472,57.0113],[14.3342,57.0173],[14.3306,57.0233],[14.338,57.0558],[14.3599,57.0577],[14.36,57.0642],[14.3572,57.0744],[14.3625,57.0801],[14.3561,57.0847],[14.3591,57.0879],[14.3577,57.0965],[14.3481,57.0999],[14.3467,57.1058],[14.3374,57.1127],[14.339,57.117],[14.3435,57.1134],[14.3494,57.1178],[14.3606,57.1202],[14.3591,57.1324],[14.3481,57.1448],[14.3662,57.1515],[14.3758,57.1483],[14.3844,57.1537],[14.3979,57.1511],[14.3994,57.1608],[14.3931,57.1628],[14.3949,57.1716],[14.3907,57.1741],[14.3896,57.1852],[14.4024,57.187],[14.4113,57.2101],[14.4203,57.2161],[14.4217,57.2332],[14.4269,57.2462],[14.4298,57.2603],[14.4327,57.2604],[14.4436,57.2735],[14.4406,57.2961],[14.4327,57.2969],[14.4265,57.3015],[14.4222,57.2959],[14.4125,57.289],[14.4067,57.2948],[14.4107,57.2988],[14.4127,57.3056],[14.3968,57.3157],[14.3938,57.3192],[14.3948,57.3268],[14.3895,57.3289],[14.3788,57.3295],[14.3826,57.3338],[14.3834,57.3452],[14.3791,57.3552],[14.3785,57.3622],[14.3729,57.3721],[14.3641,57.3824],[14.353,57.3803],[14.3327,57.3748],[14.3329,57.3693],[14.3141,57.3653],[14.3094,57.3656],[14.302,57.361],[14.2895,57.3495],[14.2737,57.3472],[14.2737,57.3077],[14.2565,57.3089],[14.2423,57.3075],[14.2322,57.3213],[14.225,57.3276],[14.2194,57.3294],[14.2159,57.3222],[14.2113,57.3216],[14.2073,57.316],[14.1936,57.3152],[14.169,57.3192],[14.1494,57.315],[14.1276,57.3094],[14.0916,57.3012],[14.0912,57.3096],[14.0972,57.322],[14.0837,57.3254],[14.0734,57.3239],[14.0596,57.3095],[14.0477,57.2841],[14.0434,57.2773],[14.0353,57.2777],[14.0191,57.2827],[14.008,57.2847],[14.0038,57.2827],[13.9984,57.2751],[13.9939,57.265],[13.9794,57.2519],[13.9603,57.2588],[13.9117,57.2691],[13.8988,57.2885],[13.8714,57.2727],[13.8441,57.2636],[13.8435,57.2585],[13.8346,57.2508],[13.8413,57.2359],[13.7791,57.2346],[13.7549,57.24],[13.74,57.2384],[13.7289,57.2402],[13.7099,57.2459],[13.6895,57.2449],[13.6865,57.2485],[13.6668,57.2488],[13.6613,57.2369],[13.6617,57.2313],[13.6674,57.2302],[13.6574,57.2172],[13.6567,57.2108],[13.6593,57.2074],[13.6558,57.1979],[13.6632,57.1951],[13.676,57.1927],[13.67,57.1893],[13.6605,57.1784],[13.6472,57.1771],[13.641,57.1713],[13.65,57.1594],[13.6641,57.1465],[13.6752,57.141],[13.6889,57.147],[13.701,57.1654],[13.7085,57.167],[13.7221,57.1604],[13.6971,57.1488],[13.7042,57.1395],[13.7201,57.1388],[13.7436,57.1404],[13.738,57.1341],[13.736,57.1291],[13.7574,57.1352],[13.7606,57.1349],[13.7611,57.1303],[13.6996,57.1106],[13.7032,57.1036],[13.7161,57.0968],[13.7171,57.0919],[13.7286,57.0932],[13.735,57.0863],[13.7326,57.0822]]]}},{"type":"Feature","properties":{"code":"0684","name":"Sävsjö"},"geometry":{"type":"Polygon","coordinates":[[[14.3641,57.3824],[14.3729,57.3721],[14.3785,57.3622],[14.3791,57.3552],[14.3834,57.3452],[14.3826,57.3338],[14.3788,57.3295],[14.3895,57.3289],[14.3948,57.3268],[14.3938,57.3192],[14.3968,57.3157],[14.4127,57.3056],[14.4107,57.2988],[14.4067,57.2948],[14.4125,57.289],[14.4222,57.2959],[14.4265,57.3015],[14.4327,57.2969],[14.4406,57.2961],[14.4436,57.2735],[14.4327,57.2604],[14.4298,57.2603],[14.4269,57.2462],[14.4217,57.2332],[14.4203,57.2161],[14.4113,57.2101],[14.4024,57.187],[14.3896,57.1852],[14.3907,57.1741],[14.3949,57.1716],[14.3931,57.1628],[14.3994,57.1608],[14.3979,57.1511],[14.4077,57.1516],[14.4126,57.1554],[14.4266,57.1462],[14.4325,57.1522],[14.4409,57.1497],[14.4496,57.163],[14.4606,57.1634],[14.4607,57.1577],[14.485,57.1577],[14.4895,57.1521],[14.4961,57.1537],[14.4987,57.1586],[14.5097,57.1632],[14.5198,57.1596],[14.5388,57.1608],[14.5437,57.1714],[14.5485,57.1712],[14.5559,57.1873],[14.5706,57.19],[14.5843,57.1868],[14.5958,57.1779],[14.612,57.1831],[14.6068,57.2044],[14.6164,57.2033],[14.6387,57.2045],[14.6561,57.203],[14.6544,57.2083],[14.6634,57.207],[14.6817,57.2094],[14.7127,57.2199],[14.7132,57.2218],[14.7264,57.225],[14.7415,57.2252],[14.7503,57.2281],[14.79,57.2246],[14.7892,57.228],[14.7783,57.2317],[14.7855,57.239],[14.7799,57.2482],[14.7743,57.2515],[14.7822,57.2574],[14.7797,57.2625],[14.7886,57.2699],[14.8025,57.273],[14.8027,57.2784],[14.809,57.288],[14.802,57.3005],[14.8071,57.3032],[14.8083,57.3096],[14.8155,57.3174],[14.808,57.3193],[14.8064,57.3249],[14.8126,57.3297],[14.8203,57.3394],[14.8205,57.344],[14.8275,57.3516],[14.8283,57.3581],[14.8246,57.3659],[14.8224,57.3785],[14.8184,57.3932],[14.8186,57.4036],[14.7977,57.4072],[14.7854,57.4065],[14.7759,57.4033],[14.7612,57.4035],[14.7606,57.4131],[14.7572,57.42],[14.7599,57.4216],[14.7484,57.4269],[14.7505,57.4297],[14.7409,57.4382],[14.741,57.4411],[14.7484,57.4438],[14.7475,57.4491],[14.7392,57.4521],[14.7383,57.4578],[14.7268,57.4649],[14.7136,57.4627],[14.6991,57.4655],[14.6856,57.473],[14.6787,57.4685],[14.675,57.4688],[14.6684,57.462],[14.6615,57.4595],[14.6591,57.4548],[14.6314,57.4461],[14.6304,57.443],[14.6212,57.441],[14.6173,57.4349],[14.6102,57.438],[14.6032,57.4339],[14.5888,57.4337],[14.5913,57.4372],[14.578,57.4393],[14.5773,57.452],[14.5698,57.4542],[14.5605,57.4598],[14.5609,57.4645],[14.5451,57.4629],[14.5492,57.4669],[14.5461,57.4744],[14.535,57.4749],[14.5332,57.4669],[14.5211,57.4753],[14.5168,57.4765],[14.5204,57.4836],[14.5169,57.4871],[14.5081,57.489],[14.5022,57.487],[14.4916,57.4908],[14.4734,57.4871],[14.4518,57.4893],[14.4451,57.486],[14.4531,57.4762],[14.4503,57.4728],[14.4375,57.4732],[14.4358,57.4683],[14.4161,57.4658],[14.4088,57.4609],[14.3812,57.4638],[14.3758,57.4484],[14.3693,57.4385],[14.3688,57.4257],[14.3648,57.4083],[14.3678,57.3999],[14.3684,57.3872],[14.3641,57.3824]]]}},{"type":"Feature","properties":{"code":"0685","name":"Vetlanda"},"geometry":{"type":"Polygon","coordinates":[[[15.4986,57.3708],[15.4952,57.3741],[15.5071,57.3797],[15.524,57.3844],[15.5206,57.3916],[15.5204,57.4008],[15.5241,57.4061],[15.5211,57.4104],[15.5093,57.4116],[15.4987,57.4111],[15.4963,57.4298],[15.5043,57.4497],[15.505,57.4573],[15.5137,57.4558],[15.5246,57.4571],[15.5482,57.465],[15.5619,57.4632],[15.561,57.457],[15.5696,57.4549],[15.5744,57.4487],[15.583,57.4484],[15.5942,57.4426],[15.5969,57.4349],[15.6052,57.4357],[15.6139,57.4412],[15.6202,57.4517],[15.6165,57.462],[15.6203,57.4754],[15.6217,57.4858],[15.6268,57.491],[15.6319,57.4917],[15.6516,57.4986],[15.6548,57.5011],[15.6384,57.5125],[15.6348,57.5207],[15.635,57.5272],[15.6162,57.5376],[15.6172,57.5417],[15.6043,57.5426],[15.5933,57.5478],[15.5859,57.5467],[15.5765,57.5479],[15.5617,57.5485],[15.5547,57.5526],[15.544,57.5534],[15.5259,57.5598],[15.5155,57.5619],[15.5088,57.559],[15.4949,57.5573],[15.4937,57.5477],[15.5031,57.5455],[15.5074,57.5419],[15.5117,57.5336],[15.5067,57.5322],[15.501,57.5263],[15.4768,57.5383],[15.4687,57.535],[15.4442,57.5188],[15.4478,57.5172],[15.4492,57.5094],[15.4427,57.5084],[15.4231,57.5119],[15.4035,57.5114],[15.4035,57.506],[15.3882,57.5047],[15.3831,57.498],[15.3766,57.4959],[15.367,57.4962],[15.3653,57.4931],[15.3519,57.4998],[15.3382,57.5032],[15.3309,57.5082],[15.3213,57.5094],[15.31,57.515],[15.3032,57.5157],[15.2863,57.5135],[15.2712,57.5081],[15.2645,57.5115],[15.2536,57.5138],[15.2514,57.5176],[15.2432,57.5165],[15.2259,57.5241],[15.2301,57.5272],[15.2266,57.5324],[15.2205,57.5255],[15.212,57.5222],[15.2016,57.5233],[15.1807,57.5164],[15.1672,57.5149],[15.1446,57.5084],[15.1367,57.5093],[15.1182,57.5076],[15.1035,57.5119],[15.077,57.5166],[15.0699,57.5173],[15.0607,57.5261],[15.0493,57.5309],[15.0227,57.5438],[14.9991,57.5367],[14.9917,57.5357],[14.9636,57.5381],[14.9501,57.5482],[14.9554,57.5556],[14.9564,57.5665],[14.9541,57.5707],[14.9348,57.5764],[14.9314,57.5823],[14.9156,57.5846],[14.9076,57.5845],[14.9,57.5872],[14.8595,57.5929],[14.8668,57.5873],[14.8618,57.5818],[14.863,57.5759],[14.8516,57.5738],[14.8451,57.5791],[14.8433,57.5688],[14.8466,57.5511],[14.8577,57.5331],[14.8601,57.5312],[14.8567,57.5196],[14.8606,57.5186],[14.8612,57.5119],[14.8469,57.5108],[14.8547,57.5056],[14.8506,57.4999],[14.8534,57.4958],[14.8415,57.4948],[14.8402,57.4851],[14.8361,57.4827],[14.8355,57.4748],[14.8293,57.472],[14.8314,57.4686],[14.8432,57.4717],[14.8467,57.467],[14.8382,57.4655],[14.8338,57.4441],[14.8267,57.4359],[14.8296,57.4238],[14.8237,57.4118],[14.8163,57.4099],[14.8186,57.4036],[14.8184,57.3932],[14.8224,57.3785],[14.8246,57.3659],[14.8283,57.3581],[14.8275,57.3516],[14.8205,57.344],[14.8203,57.3394],[14.8126,57.3297],[14.8064,57.3249],[14.808,57.3193],[14.8155,57.3174],[14.8083,57.3096],[14.8071,57.3032],[14.802,57.3005],[14.809,57.288],[14.8027,57.2784],[14.8025,57.273],[14.7886,57.2699],[14.7797,57.2625],[14.7822,57.2574],[14.7743,57.2515],[14.7799,57.2482],[14.7855,57.239],[14.7783,57.2317],[14.7892,57.228],[14.79,57.2246],[14.8107,57.2203],[14.8343,57.208],[14.841,57.2031],[14.8489,57.1999],[14.8539,57.2004],[14.8713,57.198],[14.8757,57.1945],[14.8793,57.1871],[14.891,57.1769],[14.8842,57.1674],[14.8902,57.1617],[14.8942,57.1515],[14.9021,57.136],[14.9124,57.1339],[14.9242,57.1333],[14.9381,57.1355],[14.9602,57.1347],[14.9695,57.1364],[14.9804,57.1358],[14.9991,57.1422],[14.9972,57.1455],[15.0092,57.1557],[15.0112,57.1641],[15.0251,57.1665],[15.0379,57.1631],[15.0451,57.1744],[15.0527,57.1745],[15.0558,57.1781],[15.064,57.1815],[15.0675,57.1861],[15.0763,57.1882],[15.077,57.1939],[15.0808,57.1962],[15.1007,57.1945],[15.106,57.1909],[15.1267,57.1904],[15.1457,57.1746],[15.1545,57.181],[15.1566,57.1859],[15.1552,57.1956],[15.1497,57.2067],[15.1492,57.2144],[15.1417,57.2194],[15.1395,57.2245],[15.1212,57.2295],[15.1279,57.2329],[15.1297,57.2378],[15.139,57.2375],[15.1549,57.2302],[15.1623,57.2251],[15.1667,57.2297],[15.1811,57.2249],[15.1772,57.2205],[15.1833,57.2169],[15.1851,57.2121],[15.2007,57.2076],[15.211,57.2115],[15.2146,57.2159],[15.2217,57.2191],[15.234,57.2296],[15.2408,57.2208],[15.2514,57.2257],[15.264,57.2204],[15.2787,57.2215],[15.2814,57.2239],[15.2912,57.2223],[15.3024,57.2243],[15.3174,57.2213],[15.3181,57.225],[15.3269,57.2238],[15.3348,57.2284],[15.3418,57.2258],[15.3575,57.2256],[15.38,57.2268],[15.403,57.2229],[15.4115,57.2196],[15.427,57.2195],[15.4354,57.2146],[15.4411,57.2171],[15.4637,57.2148],[15.4667,57.2132],[15.4818,57.2119],[15.5099,57.2007],[15.5148,57.2022],[15.513,57.2058],[15.5204,57.2106],[15.5236,57.2196],[15.528,57.2253],[15.5239,57.2293],[15.5233,57.2348],[15.5159,57.2419],[15.5167,57.244],[15.499,57.2499],[15.4895,57.2487],[15.4732,57.2607],[15.46,57.2674],[15.4576,57.2702],[15.4727,57.2715],[15.4744,57.279],[15.4822,57.2787],[15.4763,57.2863],[15.4702,57.2912],[15.468,57.3013],[15.4703,57.3068],[15.4809,57.3081],[15.4887,57.3117],[15.4958,57.3093],[15.5055,57.3099],[15.5132,57.3074],[15.5118,57.3197],[15.5146,57.3242],[15.5127,57.3284],[15.5153,57.3337],[15.5218,57.3395],[15.5099,57.3507],[15.5144,57.3548],[15.5121,57.3612],[15.518,57.3637],[15.4986,57.3708]]]}},{"type":"Feature","properties":{"code":"0686","name":"Eksjö"},"geometry":{"type":"Polygon","coordinates":[[[15.2374,57.7079],[15.2248,57.7097],[15.2043,57.7104],[15.1989,57.7092],[15.1785,57.7087],[15.1786,57.7049],[15.1549,57.7061],[15.1538,57.7098],[15.1407,57.7121],[15.1355,57.7169],[15.1282,57.7168],[15.1281,57.7202],[15.125,57.7154],[15.119,57.715],[15.108,57.7254],[15.1111,57.7284],[15.0897,57.7389],[15.0944,57.7416],[15.0867,57.7519],[15.0743,57.7495],[15.0698,57.7459],[15.0569,57.7433],[15.0323,57.7462],[15.0232,57.743],[15.0129,57.743],[15.0035,57.7467],[14.9907,57.7494],[14.9764,57.7483],[14.9692,57.752],[14.965,57.7516],[14.9607,57.745],[14.9249,57.7392],[14.9265,57.7343],[14.9341,57.7309],[14.9301,57.7254],[14.9163,57.725],[14.9103,57.7225],[14.9108,57.7177],[14.9183,57.7067],[14.9075,57.7053],[14.9026,57.701],[14.8893,57.6937],[14.8906,57.6887],[14.8792,57.6831],[14.8829,57.6785],[14.8739,57.6739],[14.8618,57.6702],[14.8622,57.6637],[14.8447,57.6603],[14.8466,57.647],[14.8387,57.6429],[14.8326,57.6373],[14.829,57.6307],[14.8336,57.6302],[14.8321,57.6243],[14.8157,57.618],[14.8043,57.6203],[14.791,57.6174],[14.7883,57.6068],[14.8112,57.5993],[14.8156,57.5969],[14.8262,57.5964],[14.8407,57.5922],[14.844,57.5899],[14.8579,57.5911],[14.8595,57.5929],[14.9,57.5872],[14.9076,57.5845],[14.9156,57.5846],[14.9314,57.5823],[14.9348,57.5764],[14.9541,57.5707],[14.9564,57.5665],[14.9554,57.5556],[14.9501,57.5482],[14.9636,57.5381],[14.9917,57.5357],[14.9991,57.5367],[15.0227,57.5438],[15.0493,57.5309],[15.0607,57.5261],[15.0699,57.5173],[15.077,57.5166],[15.1035,57.5119],[15.1182,57.5076],[15.1367,57.5093],[15.1446,57.5084],[15.1672,57.5149],[15.1807,57.5164],[15.2016,57.5233],[15.212,57.5222],[15.2205,57.5255],[15.2266,57.5324],[15.2301,57.5272],[15.2259,57.5241],[15.2432,57.5165],[15.2514,57.5176],[15.2536,57.5138],[15.2645,57.5115],[15.2712,57.5081],[15.2863,57.5135],[15.3032,57.5157],[15.31,57.515],[15.3213,57.5094],[15.3309,57.5082],[15.3382,57.5032],[15.3519,57.4998],[15.3653,57.4931],[15.367,57.4962],[15.3766,57.4959],[15.3831,57.498],[15.3882,57.5047],[15.4035,57.506],[15.4035,57.5114],[15.4231,57.5119],[15.4427,57.5084],[15.4492,57.5094],[15.4478,57.5172],[15.4442,57.5188],[15.4687,57.535],[15.4768,57.5383],[15.501,57.5263],[15.5067,57.5322],[15.5117,57.5336],[15.5074,57.5419],[15.5031,57.5455],[15.4937,57.5477],[15.4949,57.5573],[15.5088,57.559],[15.5155,57.5619],[15.5259,57.5598],[15.544,57.5534],[15.5547,57.5526],[15.5617,57.5485],[15.5765,57.5479],[15.5828,57.5518],[15.5866,57.5574],[15.5999,57.5635],[15.6122,57.5747],[15.6308,57.5884],[15.6309,57.5931],[15.6416,57.5898],[15.6462,57.5907],[15.6657,57.5993],[15.6539,57.5988],[15.6433,57.6034],[15.6323,57.6042],[15.621,57.6091],[15.6162,57.6142],[15.5932,57.6253],[15.5937,57.6301],[15.5827,57.6371],[15.5758,57.6373],[15.5405,57.6493],[15.537,57.6528],[15.5295,57.6539],[15.5163,57.6618],[15.5045,57.661],[15.4968,57.6664],[15.4885,57.6737],[15.4815,57.6716],[15.4472,57.6839],[15.44,57.6848],[15.4302,57.6981],[15.4213,57.7022],[15.4215,57.7047],[15.4118,57.7083],[15.4008,57.7084],[15.3769,57.706],[15.3565,57.7066],[15.3257,57.7012],[15.3034,57.7104],[15.282,57.7146],[15.2818,57.7102],[15.2656,57.7084],[15.2568,57.7062],[15.2374,57.7079]]]}},{"type":"Feature","properties":{"code":"0687","name":"Tranås"},"geometry":{"type":"Polygon","coordinates":[[[14.8969,58.0854],[14.8868,58.0852],[14.8835,58.0911],[14.8692,58.0879],[14.8535,58.0859],[14.8369,58.0863],[14.8088,58.0827],[14.802,58.0864],[14.791,58.0852],[14.7656,58.0861],[14.7658,58.095],[14.7592,58.1038],[14.7404,58.1002],[14.7339,58.1006],[14.7228,58.0979],[14.7118,58.0979],[14.6578,58.1009],[14.652,58.0958],[14.6432,58.0967],[14.6289,58.0974],[14.6175,58.0965],[14.6124,58.098],[14.5934,58.0985],[14.5969,58.0904],[14.6015,58.0862],[14.6062,58.0746],[14.6039,58.0691],[14.6199,58.0543],[14.6192,58.0506],[14.6089,58.0501],[14.6061,58.0459],[14.608,58.0384],[14.6136,58.0351],[14.6152,58.0285],[14.6196,58.0243],[14.6204,58.0174],[14.6149,58.0111],[14.6162,58.0063],[14.6134,58.0007],[14.6255,58.0002],[14.6217,57.9888],[14.6249,57.9835],[14.6304,57.9836],[14.63,57.9772],[14.6481,57.9758],[14.6475,57.9656],[14.6413,57.958],[14.6472,57.9535],[14.6536,57.9519],[14.6719,57.9515],[14.6786,57.9486],[14.6863,57.9484],[14.6855,57.9419],[14.6967,57.9439],[14.7146,57.9394],[14.7118,57.9531],[14.7188,57.9583],[14.7305,57.9591],[14.7354,57.951],[14.7495,57.9535],[14.7583,57.953],[14.7588,57.9476],[14.7695,57.9398],[14.7783,57.9362],[14.7839,57.9302],[14.7923,57.9311],[14.7952,57.9376],[14.7938,57.9435],[14.8049,57.9446],[14.8082,57.9376],[14.8145,57.9363],[14.8253,57.9482],[14.8361,57.9455],[14.841,57.9422],[14.8497,57.9428],[14.8546,57.9524],[14.8697,57.9523],[14.871,57.9486],[14.8873,57.945],[14.9025,57.9459],[14.9117,57.9485],[14.9263,57.9498],[14.9357,57.9499],[14.9443,57.937],[14.9574,57.9282],[14.9746,57.9275],[15.0046,57.9334],[14.9982,57.9351],[14.9918,57.9419],[14.9985,57.9439],[15.0158,57.9545],[15.0186,57.9606],[15.0141,57.972],[15.0148,57.9781],[15.0086,57.9867],[15.0196,57.991],[15.0355,57.9878],[15.0527,57.9892],[15.0663,57.9853],[15.0739,57.9897],[15.0744,57.9928],[15.0813,57.9989],[15.0759,58.0057],[15.0735,58.0156],[15.0637,58.0253],[15.0448,58.0381],[15.0277,58.0497],[15.0284,58.0508],[15.0312,58.0547],[15.0388,58.0567],[15.0294,58.0716],[15.0106,58.0976],[15.006,58.1017],[15.0073,58.1073],[15.0039,58.1133],[14.9953,58.1218],[14.9877,58.1231],[14.9804,58.1278],[14.9758,58.1337],[14.9844,58.1417],[14.9808,58.144],[14.9845,58.1494],[14.9779,58.1518],[14.9552,58.145],[14.9511,58.1392],[14.927,58.1343],[14.8986,58.1377],[14.8891,58.1289],[14.8923,58.1239],[14.8999,58.1203],[14.9078,58.122],[14.9168,58.1202],[14.912,58.1161],[14.9141,58.111],[14.8995,58.1127],[14.8967,58.1067],[14.8865,58.0989],[14.8969,58.0854]]]}},{"type":"Feature","properties":{"code":"0760","name":"Uppvidinge"},"geometry":{"type":"Polygon","coordinates":[[[15.5968,57.1363],[15.5962,57.1425],[15.5758,57.1487],[15.5661,57.1461],[15.5513,57.1473],[15.5623,57.1646],[15.56,57.1794],[15.5552,57.1889],[15.5467,57.1852],[15.5425,57.1881],[15.5291,57.1916],[15.5185,57.2014],[15.5148,57.2022],[15.5099,57.2007],[15.4818,57.2119],[15.4667,57.2132],[15.4637,57.2148],[15.4411,57.2171],[15.4354,57.2146],[15.427,57.2195],[15.4115,57.2196],[15.403,57.2229],[15.38,57.2268],[15.3575,57.2256],[15.3418,57.2258],[15.3348,57.2284],[15.3269,57.2238],[15.3181,57.225],[15.3174,57.2213],[15.3024,57.2243],[15.2912,57.2223],[15.2814,57.2239],[15.2787,57.2215],[15.264,57.2204],[15.2514,57.2257],[15.2408,57.2208],[15.234,57.2296],[15.2217,57.2191],[15.2146,57.2159],[15.211,57.2115],[15.2007,57.2076],[15.1851,57.2121],[15.1833,57.2169],[15.1772,57.2205],[15.1811,57.2249],[15.1667,57.2297],[15.1623,57.2251],[15.1549,57.2302],[15.139,57.2375],[15.1297,57.2378],[15.1279,57.2329],[15.1212,57.2295],[15.1395,57.2245],[15.1417,57.2194],[15.1492,57.2144],[15.1497,57.2067],[15.1552,57.1956],[15.1566,57.1859],[15.1545,57.181],[15.1457,57.1746],[15.1267,57.1904],[15.106,57.1909],[15.1007,57.1945],[15.0808,57.1962],[15.077,57.1939],[15.0763,57.1882],[15.0675,57.1861],[15.064,57.1815],[15.0723,57.1785],[15.0856,57.1679],[15.0784,57.1651],[15.0778,57.1547],[15.0848,57.1475],[15.1055,57.1412],[15.1194,57.142],[15.1334,57.1327],[15.134,57.1256],[15.1429,57.1015],[15.1267,57.0991],[15.1074,57.0902],[15.1088,57.0845],[15.1411,57.0766],[15.1442,57.0696],[15.1424,57.0548],[15.1552,57.0523],[15.1392,57.0353],[15.1386,57.0271],[15.1484,57.0255],[15.1446,57.03],[15.1653,57.0314],[15.1719,57.0403],[15.1845,57.0403],[15.2107,57.0323],[15.2235,57.0257],[15.2296,57.021],[15.2371,57.0123],[15.2268,57.0103],[15.2248,57.0073],[15.2246,56.9982],[15.2277,56.9904],[15.2339,56.9862],[15.2342,56.9659],[15.2154,56.958],[15.2015,56.95],[15.1982,56.9512],[15.1938,56.9365],[15.1836,56.9323],[15.1741,56.9396],[15.1633,56.9441],[15.1511,56.9432],[15.1328,56.9322],[15.1354,56.9273],[15.1603,56.9279],[15.1684,56.9212],[15.1711,56.9115],[15.1586,56.9044],[15.158,56.8892],[15.1719,56.88],[15.1704,56.8663],[15.183,56.8638],[15.1879,56.8584],[15.1714,56.8497],[15.1789,56.8451],[15.1874,56.8347],[15.1933,56.8312],[15.2221,56.8356],[15.2252,56.8305],[15.2333,56.8323],[15.2563,56.8341],[15.2855,56.8318],[15.2751,56.8561],[15.2763,56.8752],[15.2929,56.8771],[15.3052,56.8665],[15.3422,56.8531],[15.3365,56.8728],[15.3743,56.8889],[15.4225,56.9015],[15.433,56.8965],[15.4472,56.8767],[15.5193,56.9007],[15.5202,56.9141],[15.5338,56.9215],[15.5419,56.9275],[15.5555,56.9297],[15.5719,56.9238],[15.5843,56.9209],[15.5956,56.9257],[15.6362,56.9115],[15.6669,56.9028],[15.6926,56.9143],[15.7011,56.9152],[15.7116,56.9127],[15.7379,56.9112],[15.777,56.9165],[15.7992,56.9106],[15.7999,56.9149],[15.8118,56.9246],[15.8199,56.9286],[15.8218,56.9333],[15.8337,56.9435],[15.8324,56.9451],[15.8353,56.9562],[15.8361,56.9742],[15.8297,56.991],[15.8238,56.9971],[15.8148,57.0006],[15.8108,57.0082],[15.7839,57.0236],[15.7795,57.0321],[15.7337,57.0564],[15.7299,57.0614],[15.7213,57.0755],[15.699,57.076],[15.6822,57.0834],[15.6719,57.0946],[15.6612,57.0971],[15.6495,57.1068],[15.6414,57.111],[15.6422,57.1251],[15.6401,57.1286],[15.6207,57.1292],[15.614,57.1303],[15.5968,57.1363]]]}},{"type":"Feature","properties":{"code":"0761","name":"Lessebo"},"geometry":{"type":"Polygon","coordinates":[[[15.2333,56.8323],[15.2252,56.8305],[15.2221,56.8356],[15.1933,56.8312],[15.1874,56.8347],[15.1808,56.8308],[15.1812,56.8253],[15.1363,56.8154],[15.0944,56.8078],[15.0663,56.8069],[15.0653,56.8027],[15.0886,56.7863],[15.083,56.7764],[15.0661,56.7653],[15.0767,56.7426],[15.1051,56.7334],[15.121,56.7282],[15.1325,56.7199],[15.1409,56.7044],[15.1438,56.7006],[15.1604,56.6993],[15.1724,56.7001],[15.1866,56.6983],[15.1962,56.7176],[15.213,56.721],[15.2281,56.7099],[15.2312,56.7036],[15.2298,56.7026],[15.2409,56.6909],[15.2503,56.6876],[15.2658,56.6796],[15.2837,56.6785],[15.2938,56.6746],[15.3092,56.6669],[15.3105,56.6636],[15.3199,56.6612],[15.3296,56.6479],[15.3369,56.6445],[15.3199,56.6392],[15.3186,56.6415],[15.3045,56.6352],[15.3133,56.6263],[15.3234,56.6215],[15.3389,56.6111],[15.3416,56.6052],[15.3493,56.6029],[15.3556,56.6043],[15.3671,56.6023],[15.3717,56.6042],[15.3743,56.6096],[15.3848,56.6107],[15.3883,56.6137],[15.3913,56.6242],[15.4192,56.6395],[15.4175,56.6454],[15.4063,56.6488],[15.4075,56.6536],[15.4001,56.6562],[15.4047,56.6618],[15.4219,56.669],[15.4241,56.674],[15.4108,56.6796],[15.4104,56.6846],[15.4142,56.693],[15.4188,56.6959],[15.4207,56.7013],[15.4176,56.7081],[15.4251,56.7132],[15.4158,56.7166],[15.4021,56.717],[15.394,56.7208],[15.3894,56.7261],[15.3927,56.7322],[15.3843,56.7465],[15.3775,56.7509],[15.3608,56.758],[15.3683,56.7806],[15.3828,56.7822],[15.4155,56.7796],[15.4284,56.7823],[15.4321,56.7801],[15.4448,56.779],[15.4487,56.7852],[15.4449,56.7957],[15.4866,56.7963],[15.4899,56.7954],[15.5227,56.8029],[15.5384,56.8058],[15.5531,56.8226],[15.5526,56.8384],[15.5476,56.8489],[15.5377,56.8617],[15.5562,56.8741],[15.5462,56.8906],[15.5345,56.8952],[15.5287,56.9004],[15.5193,56.9007],[15.4472,56.8767],[15.433,56.8965],[15.4225,56.9015],[15.3743,56.8889],[15.3365,56.8728],[15.3422,56.8531],[15.3052,56.8665],[15.2929,56.8771],[15.2763,56.8752],[15.2751,56.8561],[15.2855,56.8318],[15.2563,56.8341],[15.2333,56.8323]]]}},{"type":"Feature","properties":{"code":"0763","name":"Tingsryd"},"geometry":{"type":"Polygon","coordinates":[[[15.055,56.4527],[15.0687,56.4519],[15.0856,56.4524],[15.0967,56.4549],[15.0996,56.4531],[15.1234,56.4552],[15.1312,56.4537],[15.1352,56.4448],[15.1467,56.4363],[15.1593,56.4341],[15.1799,56.4276],[15.1943,56.4291],[15.2046,56.4362],[15.21,56.4348],[15.2143,56.4402],[15.214,56.4459],[15.22,56.4509],[15.2074,56.4585],[15.2113,56.4599],[15.2315,56.4629],[15.249,56.4636],[15.2508,56.4673],[15.2644,56.471],[15.2674,56.4667],[15.2819,56.4643],[15.2806,56.4605],[15.2868,56.4568],[15.2992,56.4559],[15.3072,56.4585],[15.3168,56.4555],[15.3409,56.4693],[15.3647,56.4821],[15.3425,56.4845],[15.3374,56.4891],[15.3417,56.4941],[15.3405,56.4988],[15.349,56.5042],[15.3458,56.5057],[15.3477,56.5144],[15.3536,56.5155],[15.3532,56.5224],[15.3573,56.526],[15.3504,56.5329],[15.3569,56.5352],[15.3598,56.5398],[15.3561,56.5481],[15.3572,56.5531],[15.3647,56.5549],[15.3572,56.5595],[15.3592,56.5664],[15.3673,56.5674],[15.3705,56.5543],[15.3819,56.5523],[15.379,56.5611],[15.3873,56.5695],[15.3875,56.5782],[15.3917,56.5834],[15.3849,56.5902],[15.3749,56.5916],[15.3671,56.6023],[15.3556,56.6043],[15.3493,56.6029],[15.3416,56.6052],[15.3389,56.6111],[15.3234,56.6215],[15.3133,56.6263],[15.3045,56.6352],[15.3186,56.6415],[15.3199,56.6392],[15.3369,56.6445],[15.3296,56.6479],[15.3199,56.6612],[15.3105,56.6636],[15.3092,56.6669],[15.2938,56.6746],[15.2837,56.6785],[15.2658,56.6796],[15.2503,56.6876],[15.2409,56.6909],[15.2298,56.7026],[15.2312,56.7036],[15.2281,56.7099],[15.213,56.721],[15.1962,56.7176],[15.1866,56.6983],[15.1724,56.7001],[15.1604,56.6993],[15.1438,56.7006],[15.1409,56.7044],[15.118,56.6956],[15.1175,56.694],[15.0916,56.6878],[15.0961,56.6846],[15.0988,56.6784],[15.1058,56.6781],[15.109,56.6716],[15.106,56.6687],[15.1031,56.6555],[15.0941,56.6553],[15.0941,56.6503],[15.1014,56.648],[15.1008,56.6414],[15.1038,56.6396],[15.0975,56.6277],[15.1015,56.6137],[15.0974,56.6119],[15.0689,56.6111],[15.0583,56.6083],[15.0556,56.6156],[15.0566,56.6197],[15.0446,56.626],[15.0445,56.6314],[15.0363,56.6321],[15.0301,56.6364],[15.0299,56.6415],[15.0145,56.6414],[15.0051,56.6426],[14.9951,56.6477],[14.996,56.6525],[14.9912,56.6597],[14.9878,56.6601],[14.9811,56.6669],[14.9769,56.6751],[14.9709,56.6769],[14.9646,56.6896],[14.9497,56.6859],[14.9231,56.6754],[14.9074,56.6701],[14.8911,56.6762],[14.8793,56.6771],[14.8787,56.6731],[14.8717,56.671],[14.8566,56.6618],[14.8549,56.6557],[14.856,56.6486],[14.8428,56.6435],[14.8157,56.629],[14.8007,56.6287],[14.77,56.634],[14.7498,56.6404],[14.7262,56.6302],[14.7118,56.6332],[14.7101,56.6385],[14.7039,56.6424],[14.6951,56.6445],[14.6935,56.6493],[14.6868,56.6487],[14.6856,56.6436],[14.6747,56.6378],[14.6747,56.6289],[14.6689,56.6251],[14.6635,56.6272],[14.6465,56.6276],[14.6363,56.6246],[14.6599,56.6009],[14.6624,56.5901],[14.6571,56.5878],[14.6569,56.5775],[14.652,56.5631],[14.6416,56.5564],[14.6376,56.5521],[14.6367,56.5408],[14.6283,56.5341],[14.6224,56.537],[14.5791,56.5394],[14.5832,56.5318],[14.5898,56.5299],[14.5896,56.5214],[14.597,56.513],[14.5783,56.5041],[14.5951,56.4945],[14.606,56.4907],[14.6028,56.4822],[14.5945,56.4708],[14.5895,56.4599],[14.5859,56.4573],[14.5802,56.444],[14.5969,56.4437],[14.6152,56.4375],[14.6245,56.4202],[14.634,56.4173],[14.6376,56.4129],[14.6497,56.4068],[14.6493,56.4038],[14.6641,56.4013],[14.6684,56.3987],[14.6727,56.3901],[14.6787,56.3872],[14.7163,56.3844],[14.7176,56.3824],[14.7341,56.3843],[14.7551,56.3801],[14.7583,56.3831],[14.7776,56.3826],[14.7996,56.3756],[14.801,56.3731],[14.8147,56.3726],[14.855,56.363],[14.8598,56.3589],[14.8714,56.3614],[14.8899,56.3625],[14.9044,56.3614],[14.9111,56.3658],[14.9308,56.3837],[14.9405,56.3867],[14.9426,56.3912],[14.9508,56.3926],[14.9716,56.4091],[14.9783,56.4283],[14.9792,56.434],[14.9889,56.4375],[15.0009,56.4456],[15.014,56.4488],[15.0331,56.4508],[15.0496,56.4379],[15.0535,56.4413],[15.0497,56.452],[15.055,56.4527]]]}},{"type":"Feature","properties":{"code":"0764","name":"Alvesta"},"geometry":{"type":"Polygon","coordinates":[[[14.5563,56.8415],[14.5723,56.8442],[14.5908,56.8438],[14.5945,56.852],[14.5958,56.8684],[14.5943,56.8728],[14.6085,56.8771],[14.6251,56.8734],[14.6286,56.8744],[14.6276,56.8889],[14.6157,56.9011],[14.6247,56.9038],[14.6355,56.9114],[14.6355,56.9147],[14.6457,56.915],[14.6558,56.9222],[14.6568,56.929],[14.6527,56.9295],[14.6493,56.9378],[14.6583,56.9432],[14.662,56.9429],[14.6812,56.9537],[14.6798,56.9628],[14.656,56.9715],[14.6529,56.9813],[14.6368,56.9811],[14.6338,56.9833],[14.6302,56.9957],[14.6338,57.017],[14.6324,57.0255],[14.639,57.0263],[14.6383,57.0343],[14.6327,57.0366],[14.6352,57.0451],[14.6241,57.0564],[14.6229,57.0625],[14.6299,57.0661],[14.6301,57.0785],[14.6265,57.0868],[14.616,57.0845],[14.6107,57.0867],[14.602,57.0879],[14.6002,57.0919],[14.558,57.0968],[14.5454,57.0994],[14.5297,57.1064],[14.5176,57.1089],[14.5155,57.115],[14.5062,57.1151],[14.4932,57.1191],[14.4924,57.1314],[14.4861,57.1374],[14.4725,57.1404],[14.489,57.1502],[14.4895,57.1521],[14.485,57.1577],[14.4607,57.1577],[14.4606,57.1634],[14.4496,57.163],[14.4409,57.1497],[14.4325,57.1522],[14.4266,57.1462],[14.4126,57.1554],[14.4077,57.1516],[14.3979,57.1511],[14.3844,57.1537],[14.3758,57.1483],[14.3662,57.1515],[14.3481,57.1448],[14.3591,57.1324],[14.3606,57.1202],[14.3494,57.1178],[14.3435,57.1134],[14.339,57.117],[14.3374,57.1127],[14.3467,57.1058],[14.3481,57.0999],[14.3577,57.0965],[14.3591,57.0879],[14.3561,57.0847],[14.3625,57.0801],[14.3572,57.0744],[14.36,57.0642],[14.3599,57.0577],[14.338,57.0558],[14.3306,57.0233],[14.3342,57.0173],[14.3472,57.0113],[14.3513,57.0115],[14.3494,57.0032],[14.3722,57.0052],[14.379,56.9996],[14.3682,56.9931],[14.3669,56.9814],[14.3766,56.9811],[14.3793,56.9754],[14.3945,56.9646],[14.3873,56.9537],[14.3868,56.9478],[14.3848,56.9443],[14.3768,56.939],[14.3747,56.9307],[14.3697,56.9302],[14.3614,56.9203],[14.3456,56.9134],[14.3325,56.8961],[14.326,56.8909],[14.3249,56.8828],[14.316,56.884],[14.2992,56.8792],[14.2995,56.8692],[14.2941,56.8687],[14.2916,56.8637],[14.2942,56.8593],[14.29,56.85],[14.2797,56.8374],[14.2875,56.8333],[14.2883,56.8255],[14.2952,56.8214],[14.2959,56.8176],[14.3028,56.8132],[14.3019,56.8063],[14.2951,56.8014],[14.2933,56.791],[14.2955,56.7875],[14.29,56.7853],[14.286,56.768],[14.2867,56.7591],[14.2953,56.7608],[14.3075,56.7577],[14.319,56.7565],[14.3343,56.7521],[14.3367,56.7449],[14.3446,56.7438],[14.3591,56.7378],[14.3652,56.7377],[14.3716,56.7341],[14.369,56.7298],[14.378,56.7284],[14.3869,56.7236],[14.3903,56.7177],[14.3914,56.7121],[14.4025,56.7032],[14.3971,56.6945],[14.4044,56.6826],[14.4057,56.6758],[14.4014,56.6544],[14.4109,56.6519],[14.4348,56.6485],[14.44,56.6505],[14.4455,56.6581],[14.4585,56.6573],[14.4583,56.6523],[14.4374,56.6477],[14.4266,56.6373],[14.4293,56.633],[14.4408,56.6285],[14.438,56.6217],[14.4301,56.6179],[14.432,56.6021],[14.4357,56.6025],[14.4312,56.5899],[14.4272,56.586],[14.4324,56.5818],[14.4309,56.5711],[14.4268,56.5645],[14.4296,56.555],[14.4387,56.5661],[14.4475,56.5789],[14.4553,56.5811],[14.4776,56.5804],[14.4899,56.5813],[14.4975,56.577],[14.5032,56.5703],[14.4935,56.5666],[14.5068,56.5606],[14.5302,56.5701],[14.5512,56.5676],[14.5492,56.5652],[14.5622,56.5627],[14.5662,56.5586],[14.5633,56.5541],[14.5648,56.55],[14.5779,56.5431],[14.5791,56.5394],[14.6224,56.537],[14.6283,56.5341],[14.6367,56.5408],[14.6376,56.5521],[14.6416,56.5564],[14.652,56.5631],[14.6569,56.5775],[14.6571,56.5878],[14.6624,56.5901],[14.6599,56.6009],[14.6363,56.6246],[14.6465,56.6276],[14.6635,56.6272],[14.6689,56.6251],[14.6747,56.6289],[14.6747,56.6378],[14.6856,56.6436],[14.6868,56.6487],[14.6935,56.6493],[14.6884,56.66],[14.6885,56.6679],[14.6929,56.6726],[14.6896,56.6756],[14.6782,56.6698],[14.6646,56.672],[14.6714,56.6776],[14.6662,56.6834],[14.6587,56.6964],[14.6606,56.7123],[14.6522,56.7206],[14.6667,56.7406],[14.6665,56.7504],[14.6604,56.7508],[14.6596,56.7571],[14.6641,56.7614],[14.6616,56.7682],[14.6555,56.7717],[14.6583,56.7777],[14.6557,56.7816],[14.6462,56.7818],[14.644,56.7891],[14.6382,56.7978],[14.6369,56.8076],[14.615,56.803],[14.6107,56.8042],[14.5935,56.8045],[14.5869,56.8075],[14.5709,56.8061],[14.5637,56.8182],[14.5563,56.8415]]]}},{"type":"Feature","properties":{"code":"0765","name":"Älmhult"},"geometry":{"type":"Polygon","coordinates":[[[14.5791,56.5394],[14.5779,56.5431],[14.5648,56.55],[14.5633,56.5541],[14.5662,56.5586],[14.5622,56.5627],[14.5492,56.5652],[14.5512,56.5676],[14.5302,56.5701],[14.5068,56.5606],[14.4935,56.5666],[14.5032,56.5703],[14.4975,56.577],[14.4899,56.5813],[14.4776,56.5804],[14.4553,56.5811],[14.4475,56.5789],[14.4387,56.5661],[14.4296,56.555],[14.4268,56.5645],[14.4309,56.5711],[14.4324,56.5818],[14.4272,56.586],[14.4312,56.5899],[14.4357,56.6025],[14.432,56.6021],[14.4301,56.6179],[14.438,56.6217],[14.4408,56.6285],[14.4293,56.633],[14.4266,56.6373],[14.4374,56.6477],[14.4583,56.6523],[14.4585,56.6573],[14.4455,56.6581],[14.44,56.6505],[14.4348,56.6485],[14.4109,56.6519],[14.4014,56.6544],[14.4057,56.6758],[14.4044,56.6826],[14.3971,56.6945],[14.4025,56.7032],[14.3914,56.7121],[14.3903,56.7177],[14.3869,56.7236],[14.378,56.7284],[14.369,56.7298],[14.3716,56.7341],[14.3652,56.7377],[14.3591,56.7378],[14.3446,56.7438],[14.3367,56.7449],[14.3343,56.7521],[14.319,56.7565],[14.3075,56.7577],[14.2953,56.7608],[14.2867,56.7591],[14.2894,56.7521],[14.2884,56.7431],[14.2772,56.7354],[14.2664,56.7257],[14.2596,56.7225],[14.2476,56.721],[14.2421,56.718],[14.2358,56.7026],[14.2055,56.6897],[14.1977,56.6744],[14.1442,56.6652],[14.1301,56.6623],[14.1233,56.6634],[14.1229,56.668],[14.1085,56.6689],[14.1105,56.6739],[14.1077,56.6851],[14.0975,56.6838],[14.0917,56.6849],[14.085,56.6961],[14.0872,56.7002],[14.0844,56.7051],[14.0657,56.7139],[14.0483,56.7148],[14.047,56.7092],[14.04,56.6988],[14.032,56.6956],[14.0191,56.6865],[13.9735,56.6718],[13.9897,56.666],[13.9675,56.6264],[13.9553,56.6292],[13.9368,56.6298],[13.932,56.6339],[13.9108,56.6392],[13.9044,56.6327],[13.8843,56.6188],[13.874,56.6167],[13.8615,56.6121],[13.8516,56.6104],[13.8418,56.6049],[13.8346,56.6049],[13.7989,56.608],[13.7927,56.6058],[13.8029,56.5772],[13.7965,56.5746],[13.7961,56.5702],[13.8018,56.5682],[13.8087,56.5579],[13.8072,56.5457],[13.8174,56.5393],[13.8183,56.5347],[13.8261,56.5269],[13.8222,56.5184],[13.8142,56.5127],[13.8204,56.5119],[13.8221,56.5035],[13.817,56.4954],[13.8118,56.4914],[13.7952,56.4926],[13.8001,56.4978],[13.7897,56.5012],[13.7841,56.5056],[13.7794,56.5013],[13.7658,56.4997],[13.7587,56.4934],[13.7693,56.4914],[13.7671,56.4899],[13.7683,56.4787],[13.7612,56.4702],[13.7251,56.464],[13.7199,56.4637],[13.7116,56.4509],[13.7137,56.4488],[13.7158,56.4311],[13.7332,56.435],[13.7604,56.4441],[13.794,56.4482],[13.8246,56.4419],[13.8769,56.4368],[13.8781,56.4412],[13.8902,56.4519],[13.9009,56.4569],[13.9163,56.4581],[13.9259,56.4575],[13.9521,56.4671],[14.0037,56.4673],[14.0174,56.4703],[14.0252,56.4679],[14.031,56.4767],[14.043,56.4858],[14.0482,56.4946],[14.0562,56.5007],[14.0563,56.5098],[14.0622,56.5137],[14.0652,56.5217],[14.0618,56.5257],[14.0719,56.5289],[14.0913,56.5328],[14.1061,56.5301],[14.1202,56.5215],[14.1173,56.5177],[14.124,56.5088],[14.1284,56.5061],[14.1433,56.5075],[14.1643,56.5003],[14.1651,56.4972],[14.1799,56.4941],[14.1892,56.4945],[14.1994,56.4968],[14.2311,56.4928],[14.2409,56.4938],[14.2674,56.5068],[14.2778,56.5056],[14.276,56.4982],[14.2875,56.4986],[14.318,56.494],[14.3441,56.4844],[14.3525,56.4838],[14.3778,56.4796],[14.3866,56.4797],[14.4102,56.4756],[14.439,56.4696],[14.4508,56.4704],[14.4589,56.4726],[14.4711,56.4639],[14.4956,56.4638],[14.5115,56.458],[14.5071,56.446],[14.5115,56.458],[14.5145,56.46],[14.5312,56.4556],[14.542,56.4545],[14.5554,56.4494],[14.5759,56.4458],[14.5802,56.444],[14.5859,56.4573],[14.5895,56.4599],[14.5945,56.4708],[14.6028,56.4822],[14.606,56.4907],[14.5951,56.4945],[14.5783,56.5041],[14.597,56.513],[14.5896,56.5214],[14.5898,56.5299],[14.5832,56.5318],[14.5791,56.5394]]]}},{"type":"Feature","properties":{"code":"0767","name":"Markaryd"},"geometry":{"type":"Polygon","coordinates":[[[13.7693,56.4914],[13.7587,56.4934],[13.7658,56.4997],[13.7794,56.5013],[13.7841,56.5056],[13.7897,56.5012],[13.8001,56.4978],[13.7952,56.4926],[13.8118,56.4914],[13.817,56.4954],[13.8221,56.5035],[13.8204,56.5119],[13.8142,56.5127],[13.8222,56.5184],[13.8261,56.5269],[13.8183,56.5347],[13.8174,56.5393],[13.8072,56.5457],[13.8087,56.5579],[13.8018,56.5682],[13.7961,56.5702],[13.7965,56.5746],[13.8029,56.5772],[13.7927,56.6058],[13.7805,56.6036],[13.7746,56.6048],[13.7602,56.62],[13.7634,56.6257],[13.7604,56.6342],[13.7637,56.6373],[13.7606,56.6432],[13.769,56.6462],[13.7701,56.6579],[13.7643,56.663],[13.7559,56.6668],[13.7586,56.6734],[13.7561,56.6774],[13.7487,56.6759],[13.7162,56.6538],[13.7071,56.6468],[13.7038,56.6465],[13.646,56.6488],[13.6219,56.6503],[13.6161,56.6482],[13.6061,56.6497],[13.6059,56.66],[13.5998,56.6584],[13.5768,56.6677],[13.5471,56.6693],[13.5221,56.6659],[13.5067,56.6607],[13.5037,56.6549],[13.4948,56.6448],[13.4874,56.6424],[13.4845,56.6357],[13.4778,56.6305],[13.4787,56.6254],[13.4672,56.6241],[13.4518,56.6202],[13.4506,56.6182],[13.4342,56.6132],[13.4073,56.6087],[13.3976,56.6088],[13.4043,56.5949],[13.4025,56.5925],[13.4088,56.5881],[13.4178,56.5776],[13.4399,56.5713],[13.4402,56.5541],[13.4523,56.5409],[13.4596,56.528],[13.4613,56.521],[13.4648,56.514],[13.4546,56.4971],[13.4543,56.4884],[13.4498,56.4722],[13.4499,56.468],[13.4646,56.4476],[13.4629,56.4459],[13.4673,56.4318],[13.4641,56.4304],[13.4769,56.4205],[13.4948,56.4104],[13.5005,56.4056],[13.5111,56.4095],[13.5216,56.4117],[13.5313,56.4067],[13.5428,56.4037],[13.5498,56.4043],[13.5709,56.4101],[13.5806,56.409],[13.5969,56.4158],[13.6023,56.4121],[13.628,56.4181],[13.6482,56.4184],[13.6887,56.4247],[13.6964,56.4246],[13.6997,56.4272],[13.7158,56.4311],[13.7137,56.4488],[13.7116,56.4509],[13.7199,56.4637],[13.7251,56.464],[13.7612,56.4702],[13.7683,56.4787],[13.7671,56.4899],[13.7693,56.4914]]]}},{"type":"Feature","properties":{"code":"0780","name":"Växjö"},"geometry":{"type":"Polygon","coordinates":[[[14.9124,57.1339],[14.9021,57.136],[14.8942,57.1515],[14.8902,57.1617],[14.8842,57.1674],[14.891,57.1769],[14.8793,57.1871],[14.8757,57.1945],[14.8713,57.198],[14.8539,57.2004],[14.8489,57.1999],[14.841,57.2031],[14.8343,57.208],[14.8107,57.2203],[14.79,57.2246],[14.7503,57.2281],[14.7415,57.2252],[14.7264,57.225],[14.7132,57.2218],[14.7127,57.2199],[14.6817,57.2094],[14.6634,57.207],[14.6544,57.2083],[14.6561,57.203],[14.6387,57.2045],[14.6164,57.2033],[14.6068,57.2044],[14.612,57.1831],[14.5958,57.1779],[14.5843,57.1868],[14.5706,57.19],[14.5559,57.1873],[14.5485,57.1712],[14.5437,57.1714],[14.5388,57.1608],[14.5198,57.1596],[14.5097,57.1632],[14.4987,57.1586],[14.4961,57.1537],[14.4895,57.1521],[14.489,57.1502],[14.4725,57.1404],[14.4861,57.1374],[14.4924,57.1314],[14.4932,57.1191],[14.5062,57.1151],[14.5155,57.115],[14.5176,57.1089],[14.5297,57.1064],[14.5454,57.0994],[14.558,57.0968],[14.6002,57.0919],[14.602,57.0879],[14.6107,57.0867],[14.616,57.0845],[14.6265,57.0868],[14.6301,57.0785],[14.6299,57.0661],[14.6229,57.0625],[14.6241,57.0564],[14.6352,57.0451],[14.6327,57.0366],[14.6383,57.0343],[14.639,57.0263],[14.6324,57.0255],[14.6338,57.017],[14.6302,56.9957],[14.6338,56.9833],[14.6368,56.9811],[14.6529,56.9813],[14.656,56.9715],[14.6798,56.9628],[14.6812,56.9537],[14.662,56.9429],[14.6583,56.9432],[14.6493,56.9378],[14.6527,56.9295],[14.6568,56.929],[14.6558,56.9222],[14.6457,56.915],[14.6355,56.9147],[14.6355,56.9114],[14.6247,56.9038],[14.6157,56.9011],[14.6276,56.8889],[14.6286,56.8744],[14.6251,56.8734],[14.6085,56.8771],[14.5943,56.8728],[14.5958,56.8684],[14.5945,56.852],[14.5908,56.8438],[14.5723,56.8442],[14.5563,56.8415],[14.5637,56.8182],[14.5709,56.8061],[14.5869,56.8075],[14.5935,56.8045],[14.6107,56.8042],[14.615,56.803],[14.6369,56.8076],[14.6382,56.7978],[14.644,56.7891],[14.6462,56.7818],[14.6557,56.7816],[14.6583,56.7777],[14.6555,56.7717],[14.6616,56.7682],[14.6641,56.7614],[14.6596,56.7571],[14.6604,56.7508],[14.6665,56.7504],[14.6667,56.7406],[14.6522,56.7206],[14.6606,56.7123],[14.6587,56.6964],[14.6662,56.6834],[14.6714,56.6776],[14.6646,56.672],[14.6782,56.6698],[14.6896,56.6756],[14.6929,56.6726],[14.6885,56.6679],[14.6884,56.66],[14.6935,56.6493],[14.6951,56.6445],[14.7039,56.6424],[14.7101,56.6385],[14.7118,56.6332],[14.7262,56.6302],[14.7498,56.6404],[14.77,56.634],[14.8007,56.6287],[14.8157,56.629],[14.8428,56.6435],[14.856,56.6486],[14.8549,56.6557],[14.8566,56.6618],[14.8717,56.671],[14.8787,56.6731],[14.8793,56.6771],[14.8911,56.6762],[14.9074,56.6701],[14.9231,56.6754],[14.9497,56.6859],[14.9646,56.6896],[14.9709,56.6769],[14.9769,56.6751],[14.9811,56.6669],[14.9878,56.6601],[14.9912,56.6597],[14.996,56.6525],[14.9951,56.6477],[15.0051,56.6426],[15.0145,56.6414],[15.0299,56.6415],[15.0301,56.6364],[15.0363,56.6321],[15.0445,56.6314],[15.0446,56.626],[15.0566,56.6197],[15.0556,56.6156],[15.0583,56.6083],[15.0689,56.6111],[15.0974,56.6119],[15.1015,56.6137],[15.0975,56.6277],[15.1038,56.6396],[15.1008,56.6414],[15.1014,56.648],[15.0941,56.6503],[15.0941,56.6553],[15.1031,56.6555],[15.106,56.6687],[15.109,56.6716],[15.1058,56.6781],[15.0988,56.6784],[15.0961,56.6846],[15.0916,56.6878],[15.1175,56.694],[15.118,56.6956],[15.1409,56.7044],[15.1325,56.7199],[15.121,56.7282],[15.1051,56.7334],[15.0767,56.7426],[15.0661,56.7653],[15.083,56.7764],[15.0886,56.7863],[15.0653,56.8027],[15.0663,56.8069],[15.0944,56.8078],[15.1363,56.8154],[15.1812,56.8253],[15.1808,56.8308],[15.1874,56.8347],[15.1789,56.8451],[15.1714,56.8497],[15.1879,56.8584],[15.183,56.8638],[15.1704,56.8663],[15.1719,56.88],[15.158,56.8892],[15.1586,56.9044],[15.1711,56.9115],[15.1684,56.9212],[15.1603,56.9279],[15.1354,56.9273],[15.1328,56.9322],[15.1511,56.9432],[15.1633,56.9441],[15.1741,56.9396],[15.1836,56.9323],[15.1938,56.9365],[15.1982,56.9512],[15.2015,56.95],[15.2154,56.958],[15.2342,56.9659],[15.2339,56.9862],[15.2277,56.9904],[15.2246,56.9982],[15.2248,57.0073],[15.2268,57.0103],[15.2371,57.0123],[15.2296,57.021],[15.2235,57.0257],[15.2107,57.0323],[15.1845,57.0403],[15.1719,57.0403],[15.1653,57.0314],[15.1446,57.03],[15.1484,57.0255],[15.1386,57.0271],[15.1392,57.0353],[15.1552,57.0523],[15.1424,57.0548],[15.1442,57.0696],[15.1411,57.0766],[15.1088,57.0845],[15.1074,57.0902],[15.1267,57.0991],[15.1429,57.1015],[15.134,57.1256],[15.1334,57.1327],[15.1194,57.142],[15.1055,57.1412],[15.0848,57.1475],[15.0778,57.1547],[15.0784,57.1651],[15.0856,57.1679],[15.0723,57.1785],[15.064,57.1815],[15.0558,57.1781],[15.0527,57.1745],[15.0451,57.1744],[15.0379,57.1631],[15.0251,57.1665],[15.0112,57.1641],[15.0092,57.1557],[14.9972,57.1455],[14.9991,57.1422],[14.9804,57.1358],[14.9695,57.1364],[14.9602,57.1347],[14.9381,57.1355],[14.9242,57.1333],[14.9124,57.1339]]]}},{"type":"Feature","properties":{"code":"0781","name":"Ljungby"},"geometry":{"type":"Polygon","coordinates":[[[14.1865,56.9656],[14.1889,56.9653],[14.1803,56.9887],[14.1704,56.9923],[14.1688,56.9957],[14.1562,56.9985],[14.1526,57.0092],[14.1415,57.0098],[14.1433,57.0173],[14.1324,57.0226],[14.0948,57.0211],[14.0948,57.0301],[14.1002,57.0349],[14.091,57.0411],[14.0703,57.0465],[14.0449,57.0505],[14.0241,57.0518],[14.0168,57.0518],[14.0088,57.0435],[13.99,57.0293],[13.9757,57.0415],[13.9248,57.0406],[13.9243,57.0294],[13.9103,57.0184],[13.8909,57.017],[13.8744,57.0184],[13.8678,57.0123],[13.8584,56.9995],[13.8403,56.9989],[13.8399,57.0041],[13.822,57.008],[13.8025,57.0288],[13.798,57.026],[13.7763,57.0242],[13.7622,57.0258],[13.7546,57.0288],[13.7602,57.0356],[13.7469,57.0385],[13.7331,57.036],[13.7126,57.018],[13.7096,57.0046],[13.6926,56.9886],[13.6914,56.976],[13.6807,56.9721],[13.6936,56.9635],[13.6892,56.9462],[13.6841,56.9449],[13.6822,56.9397],[13.6889,56.9371],[13.6849,56.9318],[13.6874,56.9268],[13.666,56.9209],[13.662,56.9136],[13.6234,56.9076],[13.6182,56.9086],[13.6036,56.8972],[13.5902,56.8922],[13.5766,56.8893],[13.5552,56.8928],[13.5438,56.8869],[13.5365,56.8913],[13.5299,56.8913],[13.5218,56.8879],[13.5048,56.8776],[13.4867,56.8711],[13.4735,56.8711],[13.4715,56.8756],[13.4528,56.8794],[13.4437,56.8798],[13.4366,56.8718],[13.4322,56.869],[13.4065,56.8708],[13.3963,56.8671],[13.3904,56.8671],[13.3728,56.8627],[13.359,56.8573],[13.352,56.8636],[13.3462,56.8639],[13.344,56.8728],[13.3355,56.8701],[13.3315,56.8619],[13.3399,56.85],[13.3379,56.8382],[13.3246,56.8329],[13.2982,56.8237],[13.3049,56.804],[13.315,56.7939],[13.3189,56.7822],[13.3197,56.7614],[13.3183,56.74],[13.3165,56.7303],[13.3171,56.7195],[13.325,56.7092],[13.3172,56.7036],[13.3159,56.6923],[13.3078,56.6855],[13.3132,56.6879],[13.3235,56.6863],[13.3283,56.6877],[13.3641,56.6651],[13.3767,56.6437],[13.3805,56.6356],[13.3973,56.6158],[13.3976,56.6088],[13.4073,56.6087],[13.4342,56.6132],[13.4506,56.6182],[13.4518,56.6202],[13.4672,56.6241],[13.4787,56.6254],[13.4778,56.6305],[13.4845,56.6357],[13.4874,56.6424],[13.4948,56.6448],[13.5037,56.6549],[13.5067,56.6607],[13.5221,56.6659],[13.5471,56.6693],[13.5768,56.6677],[13.5998,56.6584],[13.6059,56.66],[13.6061,56.6497],[13.6161,56.6482],[13.6219,56.6503],[13.646,56.6488],[13.7038,56.6465],[13.7071,56.6468],[13.7162,56.6538],[13.7487,56.6759],[13.7561,56.6774],[13.7586,56.6734],[13.7559,56.6668],[13.7643,56.663],[13.7701,56.6579],[13.769,56.6462],[13.7606,56.6432],[13.7637,56.6373],[13.7604,56.6342],[13.7634,56.6257],[13.7602,56.62],[13.7746,56.6048],[13.7805,56.6036],[13.7927,56.6058],[13.7989,56.608],[13.8346,56.6049],[13.8418,56.6049],[13.8516,56.6104],[13.8615,56.6121],[13.874,56.6167],[13.8843,56.6188],[13.9044,56.6327],[13.9108,56.6392],[13.932,56.6339],[13.9368,56.6298],[13.9553,56.6292],[13.9675,56.6264],[13.9897,56.666],[13.9735,56.6718],[14.0191,56.6865],[14.032,56.6956],[14.04,56.6988],[14.047,56.7092],[14.0483,56.7148],[14.0657,56.7139],[14.0844,56.7051],[14.0872,56.7002],[14.085,56.6961],[14.0917,56.6849],[14.0975,56.6838],[14.1077,56.6851],[14.1105,56.6739],[14.1085,56.6689],[14.1229,56.668],[14.1233,56.6634],[14.1301,56.6623],[14.1442,56.6652],[14.1977,56.6744],[14.2055,56.6897],[14.2358,56.7026],[14.2421,56.718],[14.2476,56.721],[14.2596,56.7225],[14.2664,56.7257],[14.2772,56.7354],[14.2884,56.7431],[14.2894,56.7521],[14.2867,56.7591],[14.286,56.768],[14.29,56.7853],[14.2955,56.7875],[14.2933,56.791],[14.2951,56.8014],[14.3019,56.8063],[14.3028,56.8132],[14.2959,56.8176],[14.2952,56.8214],[14.2883,56.8255],[14.2875,56.8333],[14.2797,56.8374],[14.29,56.85],[14.2942,56.8593],[14.2916,56.8637],[14.2941,56.8687],[14.2995,56.8692],[14.2992,56.8792],[14.2697,56.8834],[14.2558,56.8867],[14.2433,56.896],[14.2254,56.9113],[14.219,56.9322],[14.2208,56.9357],[14.2132,56.9377],[14.2147,56.9435],[14.2124,56.9511],[14.2161,56.955],[14.1918,56.9578],[14.1865,56.9656]]]}},{"type":"Feature","properties":{"code":"0821","name":"Högsby"},"geometry":{"type":"Polygon","coordinates":[[[15.7683,57.2016],[15.7645,57.2037],[15.7575,57.2133],[15.742,57.2207],[15.7366,57.2291],[15.7151,57.2328],[15.6985,57.2336],[15.6761,57.2266],[15.6695,57.2332],[15.659,57.2328],[15.6575,57.236],[15.6491,57.2366],[15.6427,57.2396],[15.639,57.249],[15.6197,57.2398],[15.6052,57.2308],[15.5976,57.2239],[15.5928,57.2171],[15.5758,57.2127],[15.5522,57.217],[15.5504,57.2096],[15.5362,57.1997],[15.5291,57.1916],[15.5425,57.1881],[15.5467,57.1852],[15.5552,57.1889],[15.56,57.1794],[15.5623,57.1646],[15.5513,57.1473],[15.5661,57.1461],[15.5758,57.1487],[15.5962,57.1425],[15.5968,57.1363],[15.614,57.1303],[15.6207,57.1292],[15.6401,57.1286],[15.6422,57.1251],[15.6414,57.111],[15.6495,57.1068],[15.6612,57.0971],[15.6719,57.0946],[15.6822,57.0834],[15.699,57.076],[15.7213,57.0755],[15.7299,57.0614],[15.7338,57.0653],[15.7432,57.0667],[15.7537,57.0645],[15.7724,57.0632],[15.7943,57.0702],[15.8077,57.0716],[15.8144,57.0743],[15.8329,57.0865],[15.8477,57.0855],[15.8625,57.0888],[15.888,57.0894],[15.8869,57.0832],[15.8937,57.08],[15.9068,57.083],[15.9181,57.0816],[15.9307,57.0823],[15.9406,57.0691],[15.9528,57.0655],[15.9619,57.0578],[15.976,57.0508],[15.9848,57.0512],[15.99,57.0481],[15.9866,57.0429],[15.9982,57.034],[15.9871,57.0294],[15.991,57.0234],[15.9897,57.0199],[16.0002,57.0153],[16.0021,57.011],[15.9998,56.9999],[16.0024,56.9909],[15.9999,56.9856],[16.0071,56.9821],[16.0027,56.978],[16.0086,56.975],[16.0307,56.9769],[16.0388,56.9752],[16.0454,56.9693],[16.0598,56.9653],[16.081,56.975],[16.0817,56.9799],[16.0918,56.9859],[16.1204,56.9833],[16.1604,56.9782],[16.179,56.979],[16.2203,56.9772],[16.2366,56.9773],[16.2459,56.9701],[16.2511,56.9734],[16.262,56.9868],[16.249,56.9905],[16.2496,57.0011],[16.2575,57.0143],[16.2473,57.0281],[16.2584,57.0348],[16.275,57.0386],[16.2641,57.0405],[16.2574,57.0459],[16.2303,57.0526],[16.2235,57.0635],[16.2137,57.0689],[16.1902,57.0854],[16.176,57.091],[16.1703,57.0954],[16.1679,57.1015],[16.16,57.1071],[16.1495,57.1051],[16.142,57.1062],[16.1359,57.1129],[16.1205,57.1151],[16.1264,57.1223],[16.1478,57.1228],[16.1522,57.13],[16.137,57.1271],[16.1334,57.1375],[16.1485,57.1407],[16.1558,57.1595],[16.1672,57.1683],[16.1571,57.1716],[16.1518,57.1768],[16.1491,57.1845],[16.1494,57.1952],[16.1652,57.2169],[16.1613,57.2217],[16.1656,57.2326],[16.1593,57.2446],[16.2033,57.26],[16.1736,57.2568],[16.156,57.2598],[16.1187,57.2565],[16.0986,57.2576],[16.0725,57.246],[16.0643,57.2465],[16.0548,57.2582],[16.0472,57.258],[16.0465,57.2646],[16.0326,57.2596],[16.021,57.2627],[15.9917,57.2498],[15.9766,57.2461],[15.9562,57.2511],[15.9367,57.2437],[15.926,57.2511],[15.9128,57.2543],[15.9112,57.2568],[15.8844,57.2518],[15.8781,57.249],[15.8548,57.2453],[15.8019,57.239],[15.7861,57.2327],[15.7839,57.2276],[15.7899,57.2208],[15.785,57.216],[15.7844,57.2079],[15.7683,57.2016]]]}},{"type":"Feature","properties":{"code":"0834","name":"Torsås"},"geometry":{"type":"Polygon","coordinates":[[[15.6686,56.4415],[15.6696,56.4407],[15.6774,56.425],[15.7017,56.422],[15.7164,56.4182],[15.7332,56.4157],[15.743,56.4082],[15.7469,56.4014],[15.7525,56.3979],[15.7566,56.3904],[15.7627,56.3849],[15.7754,56.3802],[15.7781,56.3726],[15.7769,56.3695],[15.7988,56.3516],[15.7999,56.3481],[15.8212,56.3314],[15.8418,56.3227],[15.8505,56.321],[15.8667,56.3179],[15.8802,56.3183],[15.8888,56.3159],[15.9039,56.3166],[15.9069,56.315],[15.9331,56.3172],[15.9399,56.316],[15.9525,56.3178],[15.9596,56.3125],[15.9707,56.3121],[15.9727,56.3067],[15.9801,56.3041],[15.9787,56.301],[15.991,56.2991],[15.9998,56.3011],[16.0137,56.2982],[16.0191,56.3033],[16.0137,56.308],[16.0181,56.3132],[16.0273,56.3161],[16.0314,56.3198],[16.0483,56.3229],[16.052,56.3213],[16.0667,56.3215],[16.076,56.3217],[16.1042,56.3186],[16.1384,56.4074],[16.1627,56.4511],[16.0948,56.4688],[16.0876,56.4675],[16.0794,56.4694],[16.0676,56.4671],[16.0674,56.4773],[16.0621,56.4789],[16.0443,56.4796],[16.0259,56.4893],[16.0102,56.4994],[16.0045,56.5052],[16.0047,56.5221],[15.9922,56.5265],[15.9587,56.5223],[15.9564,56.5143],[15.942,56.5124],[15.9173,56.5133],[15.8915,56.5195],[15.8624,56.5187],[15.8368,56.5142],[15.8256,56.5176],[15.8102,56.5206],[15.7941,56.5184],[15.7907,56.5159],[15.7799,56.5166],[15.7561,56.5303],[15.735,56.5129],[15.7129,56.5039],[15.7042,56.5016],[15.6909,56.4935],[15.6981,56.4865],[15.7019,56.4879],[15.7119,56.4835],[15.7158,56.477],[15.7102,56.4705],[15.7031,56.4799],[15.694,56.4802],[15.6896,56.4769],[15.6911,56.4632],[15.6833,56.4607],[15.676,56.4472],[15.6686,56.4415]]]}},{"type":"Feature","properties":{"code":"0840","name":"Mörbylånga"},"geometry":{"type":"Polygon","coordinates":[[[16.3715,56.5481],[16.3579,56.4775],[16.3578,56.4751],[16.3695,56.4285],[16.3825,56.3773],[16.3928,56.3478],[16.3874,56.3073],[16.3807,56.2673],[16.4004,56.2547],[16.3877,56.2235],[16.388,56.1905],[16.4123,56.1913],[16.4751,56.2234],[16.4891,56.2326],[16.5016,56.2655],[16.5871,56.3754],[16.5947,56.3917],[16.6624,56.5356],[16.6715,56.5487],[16.7013,56.5732],[16.7167,56.6018],[16.7174,56.6142],[16.7439,56.6528],[16.7459,56.657],[16.7203,56.6622],[16.7122,56.6629],[16.6956,56.669],[16.6775,56.6689],[16.6637,56.6664],[16.6442,56.6706],[16.6397,56.6735],[16.6174,56.677],[16.617,56.6795],[16.6075,56.6822],[16.6142,56.7],[16.6229,56.711],[16.6249,56.7185],[16.6345,56.7179],[16.637,56.728],[16.6272,56.7286],[16.6292,56.742],[16.6077,56.7448],[16.5984,56.7441],[16.5817,56.7473],[16.5625,56.7463],[16.5572,56.7508],[16.5422,56.7521],[16.5333,56.7546],[16.5226,56.755],[16.5213,56.7579],[16.5039,56.7641],[16.4692,56.709],[16.4438,56.6987],[16.4375,56.6709],[16.4642,56.6652],[16.4564,56.6513],[16.4541,56.648],[16.4447,56.6345],[16.4219,56.6125],[16.401,56.6175],[16.3843,56.6122],[16.374,56.559],[16.3715,56.5481]]]}},{"type":"Feature","properties":{"code":"0860","name":"Hultsfred"},"geometry":{"type":"Polygon","coordinates":[[[15.6516,57.4986],[15.6319,57.4917],[15.6268,57.491],[15.6217,57.4858],[15.6203,57.4754],[15.6165,57.462],[15.6202,57.4517],[15.6139,57.4412],[15.6052,57.4357],[15.5969,57.4349],[15.5942,57.4426],[15.583,57.4484],[15.5744,57.4487],[15.5696,57.4549],[15.561,57.457],[15.5619,57.4632],[15.5482,57.465],[15.5246,57.4571],[15.5137,57.4558],[15.505,57.4573],[15.5043,57.4497],[15.4963,57.4298],[15.4987,57.4111],[15.5093,57.4116],[15.5211,57.4104],[15.5241,57.4061],[15.5204,57.4008],[15.5206,57.3916],[15.524,57.3844],[15.5071,57.3797],[15.4952,57.3741],[15.4986,57.3708],[15.518,57.3637],[15.5121,57.3612],[15.5144,57.3548],[15.5099,57.3507],[15.5218,57.3395],[15.5153,57.3337],[15.5127,57.3284],[15.5146,57.3242],[15.5118,57.3197],[15.5132,57.3074],[15.5055,57.3099],[15.4958,57.3093],[15.4887,57.3117],[15.4809,57.3081],[15.4703,57.3068],[15.468,57.3013],[15.4702,57.2912],[15.4763,57.2863],[15.4822,57.2787],[15.4744,57.279],[15.4727,57.2715],[15.4576,57.2702],[15.46,57.2674],[15.4732,57.2607],[15.4895,57.2487],[15.499,57.2499],[15.5167,57.244],[15.5159,57.2419],[15.5233,57.2348],[15.5239,57.2293],[15.528,57.2253],[15.5236,57.2196],[15.5204,57.2106],[15.513,57.2058],[15.5148,57.2022],[15.5185,57.2014],[15.5291,57.1916],[15.5362,57.1997],[15.5504,57.2096],[15.5522,57.217],[15.5758,57.2127],[15.5928,57.2171],[15.5976,57.2239],[15.6052,57.2308],[15.6197,57.2398],[15.639,57.249],[15.6427,57.2396],[15.6491,57.2366],[15.6575,57.236],[15.659,57.2328],[15.6695,57.2332],[15.6761,57.2266],[15.6985,57.2336],[15.7151,57.2328],[15.7366,57.2291],[15.742,57.2207],[15.7575,57.2133],[15.7645,57.2037],[15.7683,57.2016],[15.7844,57.2079],[15.785,57.216],[15.7899,57.2208],[15.7839,57.2276],[15.7861,57.2327],[15.8019,57.239],[15.8548,57.2453],[15.8781,57.249],[15.8844,57.2518],[15.9112,57.2568],[15.9128,57.2543],[15.926,57.2511],[15.9367,57.2437],[15.9562,57.2511],[15.9766,57.2461],[15.9917,57.2498],[16.021,57.2627],[16.0326,57.2596],[16.0465,57.2646],[16.0506,57.2658],[16.0438,57.2716],[16.0398,57.2924],[16.0458,57.2993],[16.0432,57.3057],[16.0447,57.317],[16.043,57.325],[16.0399,57.3387],[16.0422,57.3441],[16.0379,57.3503],[16.0532,57.3558],[16.0428,57.3806],[16.0224,57.3973],[16.0261,57.3994],[16.0167,57.4032],[15.9921,57.4084],[15.9862,57.4135],[15.993,57.4334],[16.0172,57.4322],[16.0445,57.4339],[16.0605,57.42],[16.0902,57.4028],[16.108,57.4051],[16.114,57.4086],[16.1067,57.4169],[16.1239,57.4235],[16.1337,57.431],[16.1319,57.4341],[16.1383,57.4419],[16.1395,57.449],[16.1559,57.4552],[16.1517,57.4606],[16.1773,57.4503],[16.1877,57.474],[16.2034,57.479],[16.209,57.4834],[16.2007,57.4941],[16.1943,57.496],[16.1826,57.5037],[16.1778,57.5046],[16.1562,57.5033],[16.1551,57.5005],[16.1442,57.5024],[16.1336,57.5109],[16.1048,57.5234],[16.0957,57.5252],[16.074,57.5257],[16.0644,57.5283],[16.0344,57.5479],[16.0296,57.5547],[16.0144,57.5716],[15.9952,57.5877],[15.9685,57.5835],[15.9677,57.5769],[15.9341,57.5689],[15.93,57.5674],[15.926,57.5648],[15.9101,57.5652],[15.8931,57.5552],[15.8899,57.5521],[15.882,57.5561],[15.8646,57.5609],[15.854,57.5585],[15.8443,57.5434],[15.8382,57.5404],[15.838,57.536],[15.8433,57.5348],[15.8406,57.5299],[15.8299,57.5328],[15.8163,57.5322],[15.8033,57.5394],[15.794,57.5474],[15.788,57.5476],[15.7832,57.5539],[15.7809,57.5622],[15.7704,57.5735],[15.7647,57.5725],[15.7488,57.5827],[15.7012,57.574],[15.695,57.5774],[15.6917,57.5875],[15.6799,57.5948],[15.6657,57.5993],[15.6462,57.5907],[15.6416,57.5898],[15.6309,57.5931],[15.6308,57.5884],[15.6122,57.5747],[15.5999,57.5635],[15.5866,57.5574],[15.5828,57.5518],[15.5765,57.5479],[15.5859,57.5467],[15.5933,57.5478],[15.6043,57.5426],[15.6172,57.5417],[15.6162,57.5376],[15.635,57.5272],[15.6348,57.5207],[15.6384,57.5125],[15.6548,57.5011],[15.6516,57.4986]]]}},{"type":"Feature","properties":{"code":"0861","name":"Mönsterås"},"geometry":{"type":"Polygon","coordinates":[[[16.4427,57.149],[16.425,57.1709],[16.4113,57.1734],[16.4038,57.1819],[16.3955,57.1844],[16.376,57.1848],[16.3595,57.1879],[16.3462,57.1913],[16.3589,57.1972],[16.3481,57.2045],[16.3485,57.2117],[16.3416,57.221],[16.3282,57.2227],[16.3194,57.2309],[16.3257,57.2348],[16.3235,57.2403],[16.3026,57.2445],[16.2823,57.2451],[16.265,57.2401],[16.2601,57.2307],[16.235,57.232],[16.1956,57.2247],[16.1656,57.2326],[16.1613,57.2217],[16.1652,57.2169],[16.1494,57.1952],[16.1491,57.1845],[16.1518,57.1768],[16.1571,57.1716],[16.1672,57.1683],[16.1558,57.1595],[16.1485,57.1407],[16.1334,57.1375],[16.137,57.1271],[16.1522,57.13],[16.1478,57.1228],[16.1264,57.1223],[16.1205,57.1151],[16.1359,57.1129],[16.142,57.1062],[16.1495,57.1051],[16.16,57.1071],[16.1679,57.1015],[16.1703,57.0954],[16.176,57.091],[16.1902,57.0854],[16.2137,57.0689],[16.2235,57.0635],[16.2303,57.0526],[16.2574,57.0459],[16.2641,57.0405],[16.275,57.0386],[16.2584,57.0348],[16.2473,57.0281],[16.2575,57.0143],[16.2496,57.0011],[16.249,56.9905],[16.262,56.9868],[16.2511,56.9734],[16.2459,56.9701],[16.2366,56.9773],[16.2203,56.9772],[16.179,56.979],[16.1905,56.9686],[16.2119,56.9646],[16.2201,56.9556],[16.2213,56.9428],[16.2247,56.9367],[16.2369,56.9317],[16.2547,56.9268],[16.2754,56.919],[16.2797,56.9146],[16.3098,56.908],[16.3179,56.9052],[16.3298,56.9055],[16.3355,56.9006],[16.3496,56.8935],[16.3517,56.8884],[16.3641,56.8923],[16.3747,56.8932],[16.3862,56.8908],[16.3966,56.8941],[16.4025,56.8905],[16.4041,56.8855],[16.4156,56.8833],[16.4206,56.887],[16.4313,56.8856],[16.4334,56.8881],[16.4434,56.8908],[16.4506,56.8908],[16.4649,56.8876],[16.5096,56.8822],[16.5564,56.8767],[16.5578,56.8782],[16.5774,56.8991],[16.6,56.9231],[16.6385,56.9592],[16.705,57.0212],[16.7625,57.1119],[16.7639,57.1662],[16.5793,57.1509],[16.5721,57.1469],[16.5389,57.1313],[16.5049,57.1298],[16.4993,57.1302],[16.4741,57.1249],[16.4661,57.1296],[16.4651,57.1345],[16.4577,57.142],[16.4528,57.1414],[16.4427,57.149]]]}},{"type":"Feature","properties":{"code":"0862","name":"Emmaboda"},"geometry":{"type":"Polygon","coordinates":[[[15.6362,56.6602],[15.6354,56.6656],[15.6377,56.6735],[15.6447,56.6798],[15.6524,56.6936],[15.6594,56.6984],[15.6684,56.7013],[15.6755,56.6996],[15.6828,56.7008],[15.6775,56.7106],[15.6824,56.7245],[15.689,56.7301],[15.6872,56.7395],[15.7042,56.7466],[15.7087,56.7514],[15.7117,56.7682],[15.7267,56.778],[15.7357,56.784],[15.7135,56.7957],[15.7045,56.8037],[15.6977,56.7979],[15.6838,56.7892],[15.6783,56.7879],[15.6663,56.7818],[15.6628,56.8002],[15.6556,56.8157],[15.6479,56.8272],[15.6413,56.8255],[15.6153,56.8284],[15.5872,56.8331],[15.5707,56.8347],[15.5526,56.8384],[15.5531,56.8226],[15.5384,56.8058],[15.5227,56.8029],[15.4899,56.7954],[15.4866,56.7963],[15.4449,56.7957],[15.4487,56.7852],[15.4448,56.779],[15.4321,56.7801],[15.4284,56.7823],[15.4155,56.7796],[15.3828,56.7822],[15.3683,56.7806],[15.3608,56.758],[15.3775,56.7509],[15.3843,56.7465],[15.3927,56.7322],[15.3894,56.7261],[15.394,56.7208],[15.4021,56.717],[15.4158,56.7166],[15.4251,56.7132],[15.4176,56.7081],[15.4207,56.7013],[15.4188,56.6959],[15.4142,56.693],[15.4104,56.6846],[15.4108,56.6796],[15.4241,56.674],[15.4219,56.669],[15.4047,56.6618],[15.4001,56.6562],[15.4075,56.6536],[15.4063,56.6488],[15.4175,56.6454],[15.4192,56.6395],[15.3913,56.6242],[15.3883,56.6137],[15.3848,56.6107],[15.3743,56.6096],[15.3717,56.6042],[15.3671,56.6023],[15.3749,56.5916],[15.3849,56.5902],[15.3917,56.5834],[15.3875,56.5782],[15.3873,56.5695],[15.379,56.5611],[15.3819,56.5523],[15.3705,56.5543],[15.3673,56.5674],[15.3592,56.5664],[15.3572,56.5595],[15.3647,56.5549],[15.3572,56.5531],[15.3561,56.5481],[15.3598,56.5398],[15.3569,56.5352],[15.3504,56.5329],[15.3573,56.526],[15.3532,56.5224],[15.3536,56.5155],[15.3477,56.5144],[15.3458,56.5057],[15.349,56.5042],[15.3405,56.4988],[15.3417,56.4941],[15.3374,56.4891],[15.3425,56.4845],[15.3647,56.4821],[15.3672,56.4929],[15.3812,56.4999],[15.3865,56.5006],[15.3979,56.4976],[15.4099,56.4972],[15.4175,56.4927],[15.4319,56.4908],[15.4331,56.4951],[15.4388,56.4943],[15.447,56.4825],[15.4634,56.4848],[15.4685,56.4873],[15.4775,56.4837],[15.481,56.4798],[15.4945,56.4755],[15.5046,56.474],[15.5117,56.4764],[15.5137,56.4824],[15.5118,56.4916],[15.5239,56.5025],[15.543,56.5035],[15.5677,56.4982],[15.5752,56.4947],[15.5809,56.4959],[15.5882,56.4909],[15.5859,56.4845],[15.5922,56.4818],[15.5987,56.4742],[15.6302,56.462],[15.6396,56.4568],[15.6455,56.4579],[15.6542,56.4634],[15.6629,56.4546],[15.6671,56.4472],[15.6668,56.443],[15.6686,56.4415],[15.676,56.4472],[15.6833,56.4607],[15.6911,56.4632],[15.6896,56.4769],[15.694,56.4802],[15.7031,56.4799],[15.7102,56.4705],[15.7158,56.477],[15.7119,56.4835],[15.7019,56.4879],[15.6981,56.4865],[15.6909,56.4935],[15.7042,56.5016],[15.7129,56.5039],[15.735,56.5129],[15.7561,56.5303],[15.7498,56.5427],[15.7425,56.5478],[15.7445,56.5514],[15.742,56.5609],[15.7455,56.5637],[15.7566,56.5638],[15.7606,56.5672],[15.7709,56.5713],[15.7725,56.5813],[15.7749,56.5852],[15.7766,56.5886],[15.7601,56.5913],[15.7603,56.6031],[15.7442,56.6053],[15.7342,56.6128],[15.725,56.6198],[15.7043,56.6258],[15.6938,56.6325],[15.6848,56.6306],[15.6735,56.6314],[15.6701,56.6488],[15.6832,56.6595],[15.6806,56.6638],[15.6566,56.664],[15.6432,56.6602],[15.6362,56.6602]]]}},{"type":"Feature","properties":{"code":"0880","name":"Kalmar"},"geometry":{"type":"Polygon","coordinates":[[[16.3818,56.6729],[16.3902,56.6828],[16.3836,56.6892],[16.3871,56.6927],[16.3819,56.6981],[16.3816,56.707],[16.384,56.7097],[16.3798,56.716],[16.3962,56.7298],[16.397,56.7474],[16.4213,56.7594],[16.461,56.7565],[16.4869,56.7629],[16.4869,56.7763],[16.4906,56.7951],[16.4696,56.8171],[16.4798,56.8287],[16.5012,56.8294],[16.5015,56.8384],[16.4973,56.8413],[16.4968,56.8568],[16.5021,56.8698],[16.4966,56.8786],[16.5096,56.8822],[16.4649,56.8876],[16.4506,56.8908],[16.4434,56.8908],[16.4334,56.8881],[16.4313,56.8856],[16.4206,56.887],[16.4156,56.8833],[16.4041,56.8855],[16.4025,56.8905],[16.3966,56.8941],[16.3862,56.8908],[16.3747,56.8932],[16.3641,56.8923],[16.3517,56.8884],[16.3496,56.8935],[16.3355,56.9006],[16.3298,56.9055],[16.3179,56.9052],[16.3098,56.908],[16.2797,56.9146],[16.2754,56.919],[16.2547,56.9268],[16.2369,56.9317],[16.2263,56.9265],[16.2256,56.9196],[16.1985,56.9118],[16.1577,56.8974],[16.1641,56.8954],[16.174,56.8783],[16.1837,56.8711],[16.1798,56.8709],[16.1544,56.8542],[16.1406,56.8563],[16.1338,56.856],[16.1401,56.8465],[16.1355,56.8391],[16.1411,56.834],[16.1298,56.8318],[16.1186,56.8389],[16.1038,56.8456],[16.1029,56.8473],[16.0963,56.8357],[16.1064,56.8297],[16.0982,56.8227],[16.1004,56.8153],[16.1066,56.808],[16.1057,56.7921],[16.1224,56.7855],[16.1129,56.7827],[16.1191,56.7744],[16.1307,56.7519],[16.124,56.7483],[16.1187,56.7411],[16.1069,56.7374],[16.1014,56.7449],[16.0854,56.7396],[16.0741,56.7402],[16.0481,56.7352],[16.0197,56.7334],[16.0255,56.7262],[16.0321,56.7281],[16.0414,56.7266],[16.0579,56.7166],[16.0661,56.7139],[16.0599,56.7081],[16.0618,56.7013],[16.0483,56.6973],[16.0471,56.6911],[16.0703,56.6902],[16.0751,56.6875],[16.0677,56.6702],[16.0644,56.6661],[16.0527,56.6613],[16.037,56.6695],[16.0163,56.6653],[16.0047,56.6666],[16.0013,56.6772],[15.9972,56.6747],[15.9799,56.6805],[15.9707,56.6859],[15.9597,56.6895],[15.9424,56.6919],[15.9181,56.6819],[15.9144,56.669],[15.9132,56.6651],[15.9194,56.6516],[15.9257,56.6464],[15.9392,56.639],[15.9268,56.6318],[15.9273,56.6276],[15.9094,56.6245],[15.8817,56.6161],[15.883,56.5963],[15.8724,56.5932],[15.8618,56.5925],[15.8508,56.5891],[15.8371,56.5905],[15.8348,56.5945],[15.8111,56.5966],[15.8002,56.5898],[15.7749,56.5852],[15.7725,56.5813],[15.7709,56.5713],[15.7606,56.5672],[15.7566,56.5638],[15.7455,56.5637],[15.742,56.5609],[15.7445,56.5514],[15.7425,56.5478],[15.7498,56.5427],[15.7561,56.5303],[15.7799,56.5166],[15.7907,56.5159],[15.7941,56.5184],[15.8102,56.5206],[15.8256,56.5176],[15.8368,56.5142],[15.8624,56.5187],[15.8915,56.5195],[15.9173,56.5133],[15.942,56.5124],[15.9564,56.5143],[15.9587,56.5223],[15.9922,56.5265],[16.0047,56.5221],[16.0045,56.5052],[16.0102,56.4994],[16.0259,56.4893],[16.0443,56.4796],[16.0621,56.4789],[16.0674,56.4773],[16.0676,56.4671],[16.0794,56.4694],[16.0876,56.4675],[16.0948,56.4688],[16.1627,56.4511],[16.1938,56.467],[16.1992,56.4705],[16.2055,56.5059],[16.2167,56.5182],[16.2201,56.5333],[16.2405,56.5534],[16.2408,56.5836],[16.242,56.5842],[16.2579,56.5926],[16.2799,56.6014],[16.2801,56.6101],[16.305,56.62],[16.3187,56.6193],[16.3218,56.6217],[16.3312,56.6379],[16.3367,56.6452],[16.344,56.6506],[16.3538,56.6527],[16.363,56.6526],[16.38,56.6472],[16.3973,56.6612],[16.3791,56.6643],[16.3861,56.6689],[16.3818,56.6729]]]}},{"type":"Feature","properties":{"code":"0881","name":"Nybro"},"geometry":{"type":"Polygon","coordinates":[[[16.0255,56.7262],[16.0197,56.7334],[16.0481,56.7352],[16.0741,56.7402],[16.0854,56.7396],[16.1014,56.7449],[16.1069,56.7374],[16.1187,56.7411],[16.124,56.7483],[16.1307,56.7519],[16.1191,56.7744],[16.1129,56.7827],[16.1224,56.7855],[16.1057,56.7921],[16.1066,56.808],[16.1004,56.8153],[16.0982,56.8227],[16.1064,56.8297],[16.0963,56.8357],[16.1029,56.8473],[16.1038,56.8456],[16.1186,56.8389],[16.1298,56.8318],[16.1411,56.834],[16.1355,56.8391],[16.1401,56.8465],[16.1338,56.856],[16.1406,56.8563],[16.1544,56.8542],[16.1798,56.8709],[16.1837,56.8711],[16.174,56.8783],[16.1641,56.8954],[16.1577,56.8974],[16.1985,56.9118],[16.2256,56.9196],[16.2263,56.9265],[16.2369,56.9317],[16.2247,56.9367],[16.2213,56.9428],[16.2201,56.9556],[16.2119,56.9646],[16.1905,56.9686],[16.179,56.979],[16.1604,56.9782],[16.1204,56.9833],[16.0918,56.9859],[16.0817,56.9799],[16.081,56.975],[16.0598,56.9653],[16.0454,56.9693],[16.0388,56.9752],[16.0307,56.9769],[16.0086,56.975],[16.0027,56.978],[16.0071,56.9821],[15.9999,56.9856],[16.0024,56.9909],[15.9998,56.9999],[16.0021,57.011],[16.0002,57.0153],[15.9897,57.0199],[15.991,57.0234],[15.9871,57.0294],[15.9982,57.034],[15.9866,57.0429],[15.99,57.0481],[15.9848,57.0512],[15.976,57.0508],[15.9619,57.0578],[15.9528,57.0655],[15.9406,57.0691],[15.9307,57.0823],[15.9181,57.0816],[15.9068,57.083],[15.8937,57.08],[15.8869,57.0832],[15.888,57.0894],[15.8625,57.0888],[15.8477,57.0855],[15.8329,57.0865],[15.8144,57.0743],[15.8077,57.0716],[15.7943,57.0702],[15.7724,57.0632],[15.7537,57.0645],[15.7432,57.0667],[15.7338,57.0653],[15.7299,57.0614],[15.7337,57.0564],[15.7795,57.0321],[15.7839,57.0236],[15.8108,57.0082],[15.8148,57.0006],[15.8238,56.9971],[15.8297,56.991],[15.8361,56.9742],[15.8353,56.9562],[15.8324,56.9451],[15.8337,56.9435],[15.8218,56.9333],[15.8199,56.9286],[15.8118,56.9246],[15.7999,56.9149],[15.7992,56.9106],[15.777,56.9165],[15.7379,56.9112],[15.7116,56.9127],[15.7011,56.9152],[15.6926,56.9143],[15.6669,56.9028],[15.6362,56.9115],[15.5956,56.9257],[15.5843,56.9209],[15.5719,56.9238],[15.5555,56.9297],[15.5419,56.9275],[15.5338,56.9215],[15.5202,56.9141],[15.5193,56.9007],[15.5287,56.9004],[15.5345,56.8952],[15.5462,56.8906],[15.5562,56.8741],[15.5377,56.8617],[15.5476,56.8489],[15.5526,56.8384],[15.5707,56.8347],[15.5872,56.8331],[15.6153,56.8284],[15.6413,56.8255],[15.6479,56.8272],[15.6556,56.8157],[15.6628,56.8002],[15.6663,56.7818],[15.6783,56.7879],[15.6838,56.7892],[15.6977,56.7979],[15.7045,56.8037],[15.7135,56.7957],[15.7357,56.784],[15.7267,56.778],[15.7117,56.7682],[15.7087,56.7514],[15.7042,56.7466],[15.6872,56.7395],[15.689,56.7301],[15.6824,56.7245],[15.6775,56.7106],[15.6828,56.7008],[15.6755,56.6996],[15.6684,56.7013],[15.6594,56.6984],[15.6524,56.6936],[15.6447,56.6798],[15.6377,56.6735],[15.6354,56.6656],[15.6362,56.6602],[15.6432,56.6602],[15.6566,56.664],[15.6806,56.6638],[15.6832,56.6595],[15.6701,56.6488],[15.6735,56.6314],[15.6848,56.6306],[15.6938,56.6325],[15.7043,56.6258],[15.725,56.6198],[15.7342,56.6128],[15.7442,56.6053],[15.7603,56.6031],[15.7601,56.5913],[15.7766,56.5886],[15.7749,56.5852],[15.8002,56.5898],[15.8111,56.5966],[15.8348,56.5945],[15.8371,56.5905],[15.8508,56.5891],[15.8618,56.5925],[15.8724,56.5932],[15.883,56.5963],[15.8817,56.6161],[15.9094,56.6245],[15.9273,56.6276],[15.9268,56.6318],[15.9392,56.639],[15.9257,56.6464],[15.9194,56.6516],[15.9132,56.6651],[15.9144,56.669],[15.9181,56.6819],[15.9424,56.6919],[15.9597,56.6895],[15.9707,56.6859],[15.9799,56.6805],[15.9972,56.6747],[16.0013,56.6772],[16.0047,56.6666],[16.0163,56.6653],[16.037,56.6695],[16.0527,56.6613],[16.0644,56.6661],[16.0677,56.6702],[16.0751,56.6875],[16.0703,56.6902],[16.0471,56.6911],[16.0483,56.6973],[16.0618,56.7013],[16.0599,56.7081],[16.0661,56.7139],[16.0579,56.7166],[16.0414,56.7266],[16.0321,56.7281],[16.0255,56.7262]]]}},{"type":"Feature","properties":{"code":"0882","name":"Oskarshamn"},"geometry":{"type":"Polygon","coordinates":[[[16.5209,57.2918],[16.5486,57.2738],[16.6428,57.2696],[16.6441,57.2881],[16.6003,57.3049],[16.6092,57.3252],[16.6149,57.3251],[16.6275,57.3495],[16.633,57.3602],[16.689,57.3745],[16.7048,57.4116],[16.748,57.4418],[16.7759,57.4493],[16.7899,57.4531],[16.822,57.6157],[16.7664,57.6106],[16.7445,57.6003],[16.7248,57.5928],[16.7158,57.5869],[16.7102,57.5753],[16.7002,57.5716],[16.6845,57.5758],[16.6682,57.5772],[16.6576,57.5725],[16.6479,57.5727],[16.6469,57.5788],[16.6307,57.5769],[16.634,57.571],[16.6272,57.568],[16.6103,57.5714],[16.5819,57.5726],[16.5639,57.5733],[16.5505,57.5789],[16.5364,57.5867],[16.5316,57.5833],[16.5225,57.5819],[16.5058,57.5739],[16.4977,57.5685],[16.4836,57.5563],[16.4827,57.5521],[16.4732,57.5491],[16.4694,57.5434],[16.4698,57.5307],[16.4654,57.5306],[16.4593,57.5247],[16.4559,57.5174],[16.4278,57.5204],[16.4117,57.5182],[16.3881,57.5164],[16.3696,57.5174],[16.36,57.5162],[16.3428,57.5167],[16.322,57.5207],[16.3138,57.5242],[16.3114,57.5167],[16.3131,57.5129],[16.2989,57.5112],[16.281,57.5057],[16.2729,57.5069],[16.2647,57.5047],[16.2508,57.5053],[16.2444,57.4999],[16.2221,57.4938],[16.2159,57.4876],[16.219,57.4818],[16.209,57.4834],[16.2034,57.479],[16.1877,57.474],[16.1773,57.4503],[16.1517,57.4606],[16.1559,57.4552],[16.1395,57.449],[16.1383,57.4419],[16.1319,57.4341],[16.1337,57.431],[16.1239,57.4235],[16.1067,57.4169],[16.114,57.4086],[16.108,57.4051],[16.0902,57.4028],[16.0605,57.42],[16.0445,57.4339],[16.0172,57.4322],[15.993,57.4334],[15.9862,57.4135],[15.9921,57.4084],[16.0167,57.4032],[16.0261,57.3994],[16.0224,57.3973],[16.0428,57.3806],[16.0532,57.3558],[16.0379,57.3503],[16.0422,57.3441],[16.0399,57.3387],[16.043,57.325],[16.0447,57.317],[16.0432,57.3057],[16.0458,57.2993],[16.0398,57.2924],[16.0438,57.2716],[16.0506,57.2658],[16.0465,57.2646],[16.0472,57.258],[16.0548,57.2582],[16.0643,57.2465],[16.0725,57.246],[16.0986,57.2576],[16.1187,57.2565],[16.156,57.2598],[16.1736,57.2568],[16.2033,57.26],[16.1593,57.2446],[16.1656,57.2326],[16.1956,57.2247],[16.235,57.232],[16.2601,57.2307],[16.265,57.2401],[16.2823,57.2451],[16.3026,57.2445],[16.3235,57.2403],[16.3257,57.2348],[16.3194,57.2309],[16.3282,57.2227],[16.3416,57.221],[16.3485,57.2117],[16.3481,57.2045],[16.3589,57.1972],[16.3462,57.1913],[16.3595,57.1879],[16.376,57.1848],[16.3955,57.1844],[16.4038,57.1819],[16.4113,57.1734],[16.425,57.1709],[16.4427,57.149],[16.4528,57.1414],[16.4577,57.142],[16.4651,57.1345],[16.4661,57.1296],[16.4741,57.1249],[16.4993,57.1302],[16.5049,57.1298],[16.5389,57.1313],[16.5721,57.1469],[16.5793,57.1509],[16.5783,57.179],[16.5488,57.1833],[16.5126,57.1822],[16.5054,57.1852],[16.505,57.1909],[16.501,57.1926],[16.5011,57.1994],[16.4962,57.2021],[16.5033,57.204],[16.5027,57.2204],[16.505,57.223],[16.5187,57.2279],[16.5197,57.2352],[16.5091,57.2404],[16.5033,57.2505],[16.4957,57.2537],[16.4931,57.2666],[16.4893,57.2748],[16.5055,57.2785],[16.5151,57.2775],[16.5261,57.2825],[16.5177,57.2874],[16.5209,57.2918]]]}},{"type":"Feature","properties":{"code":"0883","name":"Västervik"},"geometry":{"type":"Polygon","coordinates":[[[16.7126,57.7625],[16.7875,57.7545],[16.7988,57.7616],[16.879,57.8138],[16.8963,58.0031],[16.8961,58.0043],[16.8208,58.0267],[16.8177,58.0113],[16.8124,58.0056],[16.8123,58.0001],[16.8019,57.9984],[16.7917,57.9996],[16.7889,58.0041],[16.7721,58.0039],[16.7556,58.0012],[16.7474,57.9943],[16.7433,58.0002],[16.7314,57.9955],[16.7341,57.9869],[16.7283,57.985],[16.7094,57.9932],[16.7015,57.9935],[16.6968,57.9973],[16.691,57.9962],[16.6822,57.9992],[16.6734,57.9996],[16.6579,57.9926],[16.6275,58.0028],[16.6243,58.0083],[16.6311,58.0119],[16.6154,58.021],[16.6086,58.0304],[16.5986,58.0375],[16.6031,58.0454],[16.5925,58.051],[16.6069,58.0531],[16.6002,58.0601],[16.5679,58.0841],[16.5623,58.0893],[16.5704,58.0979],[16.5553,58.1054],[16.5507,58.1093],[16.5428,58.1106],[16.5325,58.1162],[16.5145,58.1037],[16.5016,58.0965],[16.4909,58.0889],[16.4852,58.0903],[16.4649,58.0988],[16.4583,58.1074],[16.4569,58.1121],[16.4292,58.1134],[16.4224,58.122],[16.4172,58.1224],[16.4108,58.1307],[16.3978,58.1295],[16.3922,58.129],[16.3863,58.1335],[16.3634,58.1301],[16.3551,58.1274],[16.3325,58.1172],[16.3035,58.1252],[16.2948,58.1316],[16.2837,58.1368],[16.2649,58.1424],[16.241,58.136],[16.2386,58.1316],[16.2135,58.1171],[16.2118,58.1082],[16.2036,58.1046],[16.1906,58.1042],[16.1774,58.1102],[16.1671,58.0989],[16.1627,58.0896],[16.1783,58.0644],[16.1579,58.0618],[16.1492,58.0618],[16.1285,58.0856],[16.1197,58.086],[16.0985,58.0793],[16.0824,58.0718],[16.0699,58.0699],[16.037,58.0733],[16.0272,58.0737],[16.0145,58.0856],[16.0069,58.0879],[15.9953,58.0824],[15.9883,58.0741],[16.0018,58.066],[16.0161,58.0607],[16.017,58.0521],[15.9969,58.0362],[15.9955,58.022],[16.0247,58.0111],[16.0427,57.9959],[16.0498,57.9877],[16.0926,57.9783],[16.0748,57.9749],[16.0531,57.9612],[16.0463,57.9649],[16.0394,57.96],[16.0282,57.9547],[16.019,57.9437],[16.0292,57.9282],[16.0294,57.9212],[16.0422,57.9177],[16.0519,57.912],[16.064,57.899],[16.058,57.899],[16.055,57.8938],[16.0607,57.8867],[16.0584,57.8829],[16.0629,57.8796],[16.0624,57.8733],[16.069,57.8759],[16.0827,57.8758],[16.0907,57.8589],[16.0928,57.848],[16.0877,57.8432],[16.0983,57.8395],[16.1221,57.8349],[16.1134,57.8194],[16.1169,57.8091],[16.1325,57.7953],[16.1309,57.7872],[16.1332,57.7844],[16.143,57.7843],[16.1432,57.7735],[16.1361,57.7763],[16.1329,57.7716],[16.1369,57.7659],[16.1472,57.757],[16.169,57.7595],[16.1775,57.7628],[16.1817,57.759],[16.164,57.7567],[16.1673,57.7467],[16.1653,57.7415],[16.1715,57.7212],[16.1726,57.7129],[16.1797,57.7031],[16.1827,57.6925],[16.1779,57.6924],[16.1528,57.6856],[16.1414,57.6869],[16.1298,57.6808],[16.1171,57.6799],[16.119,57.661],[16.1237,57.6516],[16.1303,57.6438],[16.1273,57.638],[16.1284,57.6337],[16.1364,57.622],[16.145,57.614],[16.1662,57.6192],[16.1781,57.6202],[16.2007,57.6257],[16.2063,57.6312],[16.2122,57.6302],[16.2281,57.6214],[16.2389,57.6118],[16.209,57.6051],[16.2182,57.5936],[16.23,57.5899],[16.2417,57.5843],[16.2594,57.5697],[16.2748,57.5446],[16.2854,57.5344],[16.3099,57.5268],[16.3138,57.5242],[16.322,57.5207],[16.3428,57.5167],[16.36,57.5162],[16.3696,57.5174],[16.3881,57.5164],[16.4117,57.5182],[16.4278,57.5204],[16.4559,57.5174],[16.4593,57.5247],[16.4654,57.5306],[16.4698,57.5307],[16.4694,57.5434],[16.4732,57.5491],[16.4827,57.5521],[16.4836,57.5563],[16.4977,57.5685],[16.5058,57.5739],[16.5225,57.5819],[16.5316,57.5833],[16.5364,57.5867],[16.5505,57.5789],[16.5639,57.5733],[16.5819,57.5726],[16.6103,57.5714],[16.6272,57.568],[16.634,57.571],[16.6307,57.5769],[16.6469,57.5788],[16.6479,57.5727],[16.6576,57.5725],[16.6682,57.5772],[16.6845,57.5758],[16.7002,57.5716],[16.7102,57.5753],[16.7158,57.5869],[16.7248,57.5928],[16.7445,57.6003],[16.7664,57.6106],[16.822,57.6157],[16.8155,57.6545],[16.8196,57.6704],[16.8212,57.6767],[16.7843,57.7232],[16.7419,57.7245],[16.7364,57.7316],[16.7126,57.7625]]]}},{"type":"Feature","properties":{"code":"0884","name":"Vimmerby"},"geometry":{"type":"Polygon","coordinates":[[[15.4215,57.7047],[15.4213,57.7022],[15.4302,57.6981],[15.44,57.6848],[15.4472,57.6839],[15.4815,57.6716],[15.4885,57.6737],[15.4968,57.6664],[15.5045,57.661],[15.5163,57.6618],[15.5295,57.6539],[15.537,57.6528],[15.5405,57.6493],[15.5758,57.6373],[15.5827,57.6371],[15.5937,57.6301],[15.5932,57.6253],[15.6162,57.6142],[15.621,57.6091],[15.6323,57.6042],[15.6433,57.6034],[15.6539,57.5988],[15.6657,57.5993],[15.6799,57.5948],[15.6917,57.5875],[15.695,57.5774],[15.7012,57.574],[15.7488,57.5827],[15.7647,57.5725],[15.7704,57.5735],[15.7809,57.5622],[15.7832,57.5539],[15.788,57.5476],[15.794,57.5474],[15.8033,57.5394],[15.8163,57.5322],[15.8299,57.5328],[15.8406,57.5299],[15.8433,57.5348],[15.838,57.536],[15.8382,57.5404],[15.8443,57.5434],[15.854,57.5585],[15.8646,57.5609],[15.882,57.5561],[15.8899,57.5521],[15.8931,57.5552],[15.9101,57.5652],[15.926,57.5648],[15.93,57.5674],[15.9341,57.5689],[15.9677,57.5769],[15.9685,57.5835],[15.9952,57.5877],[16.0144,57.5716],[16.0296,57.5547],[16.0344,57.5479],[16.0644,57.5283],[16.074,57.5257],[16.0957,57.5252],[16.1048,57.5234],[16.1336,57.5109],[16.1442,57.5024],[16.1551,57.5005],[16.1562,57.5033],[16.1778,57.5046],[16.1826,57.5037],[16.1943,57.496],[16.2007,57.4941],[16.209,57.4834],[16.219,57.4818],[16.2159,57.4876],[16.2221,57.4938],[16.2444,57.4999],[16.2508,57.5053],[16.2647,57.5047],[16.2729,57.5069],[16.281,57.5057],[16.2989,57.5112],[16.3131,57.5129],[16.3114,57.5167],[16.3138,57.5242],[16.3099,57.5268],[16.2854,57.5344],[16.2748,57.5446],[16.2594,57.5697],[16.2417,57.5843],[16.23,57.5899],[16.2182,57.5936],[16.209,57.6051],[16.2389,57.6118],[16.2281,57.6214],[16.2122,57.6302],[16.2063,57.6312],[16.2007,57.6257],[16.1781,57.6202],[16.1662,57.6192],[16.145,57.614],[16.1364,57.622],[16.1284,57.6337],[16.1273,57.638],[16.1303,57.6438],[16.1237,57.6516],[16.119,57.661],[16.1171,57.6799],[16.1298,57.6808],[16.1414,57.6869],[16.1528,57.6856],[16.1779,57.6924],[16.1827,57.6925],[16.1797,57.7031],[16.1726,57.7129],[16.1715,57.7212],[16.1653,57.7415],[16.1673,57.7467],[16.164,57.7567],[16.1817,57.759],[16.1775,57.7628],[16.169,57.7595],[16.1472,57.757],[16.1369,57.7659],[16.1329,57.7716],[16.1361,57.7763],[16.1432,57.7735],[16.143,57.7843],[16.1332,57.7844],[16.1309,57.7872],[16.1325,57.7953],[16.1169,57.8091],[16.1134,57.8194],[16.1221,57.8349],[16.0983,57.8395],[16.0877,57.8432],[16.0928,57.848],[16.0907,57.8589],[16.0827,57.8758],[16.069,57.8759],[16.0624,57.8733],[16.0315,57.8613],[16.0205,57.854],[16.0045,57.8456],[15.9909,57.8363],[15.9645,57.8233],[15.9513,57.8129],[15.9442,57.8033],[15.9268,57.8095],[15.9119,57.8165],[15.8956,57.8296],[15.8684,57.8285],[15.8536,57.8287],[15.8291,57.8176],[15.8223,57.8166],[15.8052,57.8318],[15.7816,57.8439],[15.7711,57.8483],[15.7676,57.8516],[15.735,57.8498],[15.7134,57.8561],[15.7041,57.8574],[15.679,57.8578],[15.6771,57.8599],[15.6591,57.8567],[15.6462,57.8526],[15.6395,57.8489],[15.6289,57.8532],[15.6193,57.8546],[15.5991,57.8537],[15.6023,57.8384],[15.6061,57.8317],[15.5987,57.8251],[15.5971,57.8184],[15.57,57.8054],[15.5552,57.7965],[15.5521,57.7933],[15.5424,57.7902],[15.5426,57.7847],[15.5469,57.7785],[15.5542,57.7726],[15.5382,57.7711],[15.5252,57.7627],[15.5138,57.7684],[15.5051,57.7637],[15.5009,57.7579],[15.4924,57.7622],[15.4813,57.7595],[15.4809,57.756],[15.4681,57.7538],[15.4443,57.7469],[15.4346,57.746],[15.4408,57.7384],[15.4466,57.7373],[15.4525,57.7324],[15.4406,57.7274],[15.4463,57.7185],[15.4373,57.7116],[15.4215,57.7047]]]}},{"type":"Feature","properties":{"code":"0885","name":"Borgholm"},"geometry":{"type":"Polygon","coordinates":[[[16.6292,56.742],[16.6272,56.7286],[16.637,56.728],[16.6345,56.7179],[16.6249,56.7185],[16.6229,56.711],[16.6142,56.7],[16.6075,56.6822],[16.617,56.6795],[16.6174,56.677],[16.6397,56.6735],[16.6442,56.6706],[16.6637,56.6664],[16.6775,56.6689],[16.6956,56.669],[16.7122,56.6629],[16.7203,56.6622],[16.7459,56.657],[16.797,56.7566],[16.8055,56.7739],[16.799,56.7951],[16.8127,56.793],[16.8331,56.7937],[16.8509,56.7972],[16.8611,56.8039],[16.8705,56.8304],[16.8707,56.8352],[16.8834,56.8631],[16.9121,56.916],[16.9033,56.9722],[16.9338,56.9766],[16.9753,57.0278],[17.0465,57.1153],[17.0687,57.1426],[17.0929,57.171],[17.0954,57.2037],[17.1014,57.2839],[17.1789,57.3099],[17.1398,57.3772],[17.0367,57.3684],[16.9484,57.2896],[16.9486,57.2204],[16.8939,57.2017],[16.9181,57.1605],[16.904,57.1431],[16.892,57.1342],[16.8638,57.1155],[16.8508,57.086],[16.8329,57.0519],[16.8313,57.0507],[16.8063,57.0333],[16.793,57.0009],[16.7618,56.9843],[16.7413,56.9405],[16.6962,56.8973],[16.6826,56.8955],[16.6432,56.89],[16.5578,56.8782],[16.5564,56.8767],[16.5215,56.8013],[16.5155,56.7802],[16.5039,56.7641],[16.5213,56.7579],[16.5226,56.755],[16.5333,56.7546],[16.5422,56.7521],[16.5572,56.7508],[16.5625,56.7463],[16.5817,56.7473],[16.5984,56.7441],[16.6077,56.7448],[16.6292,56.742]]]}},{"type":"Feature","properties":{"code":"0980","name":"Gotland"},"geometry":{"type":"Polygon","coordinates":[[[18.2807,57.6528],[18.2674,57.6438],[18.2608,57.6394],[18.2288,57.6175],[18.1435,57.5763],[18.0931,57.5339],[18.112,57.4867],[18.1112,57.4792],[18.1182,57.4581],[18.1185,57.4571],[18.0786,57.4357],[18.0849,57.4253],[18.1354,57.4333],[18.143,57.4026],[18.1801,57.3856],[18.1654,57.3671],[18.1589,57.3347],[18.1552,57.3162],[18.0655,57.3229],[17.9534,57.293],[17.9535,57.2764],[18.0964,57.2556],[18.1106,57.243],[18.1346,57.2413],[18.1437,57.2171],[18.1445,57.1854],[18.1431,57.1648],[18.1662,57.1379],[18.2127,57.1319],[18.2131,57.1263],[18.1994,57.1225],[18.1704,57.0695],[18.1988,57.0555],[18.2345,57.0565],[18.2777,57.0801],[18.2865,57.0858],[18.2899,57.0807],[18.2831,57.057],[18.2727,57.0449],[18.2253,57.037],[18.1964,57.0296],[18.1469,56.9517],[18.1112,56.9134],[18.1169,56.9062],[18.1929,56.9012],[18.2628,56.9212],[18.2889,56.9185],[18.3064,56.9295],[18.3753,56.9814],[18.3759,56.9892],[18.4032,56.9891],[18.4092,56.9976],[18.3956,57.0138],[18.3585,57.0178],[18.3605,57.0506],[18.3681,57.0808],[18.4576,57.1112],[18.4963,57.1154],[18.5281,57.1274],[18.5271,57.1399],[18.4627,57.1371],[18.4438,57.13],[18.4098,57.1289],[18.4105,57.1359],[18.422,57.1432],[18.459,57.1484],[18.4775,57.15],[18.5471,57.1861],[18.5585,57.1861],[18.5888,57.1997],[18.5808,57.2154],[18.6876,57.2119],[18.7111,57.2202],[18.7159,57.242],[18.7257,57.2727],[18.7542,57.2654],[18.7754,57.2721],[18.7703,57.2981],[18.7237,57.3186],[18.7267,57.3353],[18.7478,57.3441],[18.7597,57.3591],[18.7695,57.3622],[18.7866,57.3673],[18.8086,57.3656],[18.8494,57.3799],[18.8903,57.3789],[18.9026,57.3887],[18.9937,57.4291],[18.9982,57.4515],[18.8873,57.4529],[18.8384,57.45],[18.8125,57.4468],[18.8081,57.4481],[18.811,57.4738],[18.7871,57.4812],[18.7947,57.489],[18.7637,57.5107],[18.7798,57.524],[18.804,57.5319],[18.8243,57.5586],[18.8179,57.6004],[18.81,57.6107],[18.7781,57.6175],[18.8256,57.6807],[18.852,57.6748],[18.8707,57.6773],[18.8598,57.7183],[18.8833,57.7206],[18.9013,57.7067],[18.9269,57.7063],[18.9618,57.7234],[19.0223,57.7345],[19.0804,57.7917],[19.0723,57.8075],[19.1033,57.8107],[19.137,57.8275],[19.2078,57.9201],[19.306,57.9236],[19.3687,57.9644],[19.3175,57.9964],[19.1548,58.0045],[19.065,57.9708],[19.0302,57.9268],[18.9473,57.9358],[18.8463,57.9305],[18.8244,57.9134],[18.8209,57.8845],[18.8061,57.8705],[18.8061,57.8686],[18.806,57.86],[18.796,57.8515],[18.7896,57.8553],[18.7857,57.872],[18.7873,57.8785],[18.7824,57.8913],[18.7683,57.9179],[18.7564,57.9299],[18.7329,57.9342],[18.7042,57.9306],[18.6382,57.9035],[18.6138,57.887],[18.5922,57.8551],[18.4395,57.8231],[18.3754,57.7407],[18.3392,57.6924],[18.2807,57.6528]]]}},{"type":"Feature","properties":{"code":"1060","name":"Olofström"},"geometry":{"type":"Polygon","coordinates":[[[14.7316,56.2788],[14.7346,56.2898],[14.7351,56.294],[14.7406,56.2979],[14.7328,56.3096],[14.732,56.3135],[14.7233,56.3165],[14.715,56.3242],[14.7141,56.3284],[14.7057,56.3298],[14.6958,56.3403],[14.6954,56.345],[14.6885,56.3611],[14.6787,56.3761],[14.6757,56.3868],[14.6727,56.3901],[14.6684,56.3987],[14.6641,56.4013],[14.6493,56.4038],[14.6497,56.4068],[14.6376,56.4129],[14.634,56.4173],[14.6245,56.4202],[14.6152,56.4375],[14.5969,56.4437],[14.5802,56.444],[14.5759,56.4458],[14.5554,56.4494],[14.542,56.4545],[14.5312,56.4556],[14.5145,56.46],[14.5115,56.458],[14.5071,56.446],[14.4993,56.4453],[14.4975,56.4395],[14.4905,56.4282],[14.4879,56.4238],[14.4718,56.408],[14.4551,56.4077],[14.4267,56.4008],[14.414,56.3996],[14.4152,56.3927],[14.4212,56.3842],[14.419,56.3759],[14.4188,56.3671],[14.4128,56.367],[14.4123,56.362],[14.4112,56.3534],[14.4051,56.343],[14.4058,56.3348],[14.3999,56.3309],[14.4005,56.3267],[14.3902,56.3013],[14.4012,56.302],[14.4087,56.3042],[14.4056,56.2942],[14.412,56.2922],[14.4268,56.2911],[14.429,56.2749],[14.4263,56.2599],[14.4288,56.2563],[14.4355,56.2534],[14.4344,56.2503],[14.4271,56.2476],[14.4351,56.2381],[14.4409,56.229],[14.4661,56.2247],[14.4666,56.2294],[14.4633,56.2367],[14.4674,56.2393],[14.4774,56.2327],[14.4925,56.2261],[14.5072,56.2217],[14.5157,56.2167],[14.5292,56.2209],[14.5383,56.2211],[14.5666,56.2241],[14.5647,56.213],[14.5682,56.2086],[14.5746,56.193],[14.5745,56.1905],[14.5913,56.1977],[14.5914,56.2024],[14.6004,56.2006],[14.6202,56.201],[14.6433,56.2074],[14.6506,56.2076],[14.6601,56.2096],[14.6612,56.2167],[14.658,56.2181],[14.6661,56.2214],[14.6726,56.2302],[14.6892,56.2302],[14.701,56.2314],[14.6991,56.232],[14.7037,56.2496],[14.7105,56.2537],[14.7125,56.2609],[14.7251,56.2559],[14.7351,56.2589],[14.7463,56.259],[14.7466,56.2628],[14.7413,56.266],[14.7397,56.2722],[14.7318,56.2762],[14.7316,56.2788]]]}},{"type":"Feature","properties":{"code":"1080","name":"Karlskrona"},"geometry":{"type":"Polygon","coordinates":[[[15.7469,56.4014],[15.743,56.4082],[15.7332,56.4157],[15.7164,56.4182],[15.7017,56.422],[15.6774,56.425],[15.6696,56.4407],[15.662,56.441],[15.6668,56.443],[15.6671,56.4472],[15.6629,56.4546],[15.6542,56.4634],[15.6455,56.4579],[15.6396,56.4568],[15.6302,56.462],[15.5987,56.4742],[15.5922,56.4818],[15.5859,56.4845],[15.5882,56.4909],[15.5809,56.4959],[15.5752,56.4947],[15.5677,56.4982],[15.543,56.5035],[15.5239,56.5025],[15.5118,56.4916],[15.5137,56.4824],[15.5117,56.4764],[15.5046,56.474],[15.4945,56.4755],[15.481,56.4798],[15.4776,56.4716],[15.4692,56.4691],[15.4727,56.4661],[15.4891,56.46],[15.496,56.4585],[15.5068,56.453],[15.5065,56.4477],[15.5005,56.4409],[15.5062,56.4349],[15.5002,56.4361],[15.4894,56.4453],[15.4738,56.4491],[15.4672,56.4462],[15.4556,56.4518],[15.4403,56.4464],[15.4342,56.4418],[15.4321,56.43],[15.4366,56.4247],[15.4271,56.4211],[15.4192,56.4129],[15.4183,56.4045],[15.4137,56.4025],[15.3974,56.4059],[15.3962,56.4096],[15.3883,56.4152],[15.3764,56.4162],[15.3672,56.4145],[15.3628,56.411],[15.345,56.4125],[15.3361,56.4076],[15.3431,56.4008],[15.3414,56.3977],[15.3497,56.3904],[15.3484,56.3814],[15.326,56.3833],[15.318,56.3817],[15.3076,56.3845],[15.2974,56.3832],[15.2998,56.3798],[15.3046,56.3606],[15.3141,56.361],[15.3222,56.3565],[15.3289,56.3554],[15.3502,56.3448],[15.3591,56.3431],[15.3752,56.343],[15.3794,56.3408],[15.3779,56.3361],[15.3814,56.3319],[15.3814,56.3213],[15.38,56.3182],[15.3707,56.3191],[15.377,56.3116],[15.3727,56.3057],[15.3835,56.3015],[15.385,56.2928],[15.3895,56.2873],[15.3868,56.2855],[15.3929,56.2795],[15.4044,56.2812],[15.4073,56.2785],[15.4335,56.2847],[15.4376,56.2837],[15.4444,56.2747],[15.4618,56.2781],[15.4753,56.2747],[15.4832,56.2778],[15.4829,56.2698],[15.4885,56.2608],[15.4718,56.2554],[15.4707,56.2479],[15.4655,56.2419],[15.4779,56.242],[15.4913,56.2384],[15.4842,56.2312],[15.4788,56.2178],[15.4732,56.2154],[15.4731,56.2071],[15.4798,56.198],[15.4799,56.198],[15.4902,56.1886],[15.4893,56.1794],[15.4936,56.1718],[15.4997,56.1705],[15.5023,56.1646],[15.5119,56.1624],[15.5193,56.1583],[15.5212,56.1531],[15.5186,56.1489],[15.5236,56.1412],[15.5058,56.131],[15.4888,56.1341],[15.4783,56.134],[15.466,56.1261],[15.453,56.1289],[15.4399,56.1234],[15.4269,56.1214],[15.4153,56.116],[15.4137,56.1127],[15.413,56.1111],[15.4123,56.1097],[15.4055,56.1077],[15.4117,56.0872],[15.444,56.0892],[15.4669,56.0849],[15.5069,56.086],[15.517,56.0883],[15.573,56.0845],[15.6221,56.0801],[15.6515,56.0733],[15.6823,56.0675],[15.7109,56.0578],[15.7281,56.0507],[15.7308,56.048],[15.7512,56.0184],[15.7722,56.0141],[15.794,56.0083],[15.818,56.0413],[15.8395,56.0661],[15.8621,56.0762],[15.858,56.0847],[15.8584,56.0901],[15.8813,56.0945],[15.8914,56.1141],[15.9188,56.1334],[15.9215,56.146],[15.9533,56.1653],[15.9733,56.1724],[15.9935,56.1866],[16.0325,56.2142],[16.047,56.2254],[16.0473,56.2379],[16.0512,56.2467],[16.0498,56.257],[16.0669,56.2584],[16.0766,56.283],[16.0725,56.3023],[16.0667,56.3215],[16.052,56.3213],[16.0483,56.3229],[16.0314,56.3198],[16.0273,56.3161],[16.0181,56.3132],[16.0137,56.308],[16.0191,56.3033],[16.0137,56.2982],[15.9998,56.3011],[15.991,56.2991],[15.9787,56.301],[15.9801,56.3041],[15.9727,56.3067],[15.9707,56.3121],[15.9596,56.3125],[15.9525,56.3178],[15.9399,56.316],[15.9331,56.3172],[15.9069,56.315],[15.9039,56.3166],[15.8888,56.3159],[15.8802,56.3183],[15.8667,56.3179],[15.8505,56.321],[15.8418,56.3227],[15.8212,56.3314],[15.7999,56.3481],[15.7988,56.3516],[15.7769,56.3695],[15.7781,56.3726],[15.7754,56.3802],[15.7627,56.3849],[15.7566,56.3904],[15.7525,56.3979],[15.7469,56.4014]],[[15.3848,56.3953],[15.3991,56.387],[15.3968,56.3844],[15.4005,56.3786],[15.4002,56.374],[15.4078,56.3612],[15.3973,56.3599],[15.3878,56.3634],[15.3857,56.3681],[15.3692,56.3791],[15.3749,56.3816],[15.3697,56.3891],[15.3723,56.3954],[15.3848,56.3953]]]}},{"type":"Feature","properties":{"code":"1081","name":"Ronneby"},"geometry":{"type":"MultiPolygon","coordinates":[[[[15.2262,56.1309],[15.2153,56.1185],[15.2225,56.1156],[15.2659,56.1219],[15.3863,56.1131],[15.413,56.1111],[15.4137,56.1127],[15.4153,56.116],[15.4269,56.1214],[15.4399,56.1234],[15.453,56.1289],[15.466,56.1261],[15.4783,56.134],[15.4888,56.1341],[15.5058,56.131],[15.5236,56.1412],[15.5186,56.1489],[15.5212,56.1531],[15.5193,56.1583],[15.5119,56.1624],[15.5023,56.1646],[15.4997,56.1705],[15.4936,56.1718],[15.4893,56.1794],[15.4902,56.1886],[15.4799,56.198],[15.4798,56.198],[15.4731,56.2071],[15.4732,56.2154],[15.4788,56.2178],[15.4842,56.2312],[15.4913,56.2384],[15.4779,56.242],[15.4655,56.2419],[15.4707,56.2479],[15.4718,56.2554],[15.4885,56.2608],[15.4829,56.2698],[15.4832,56.2778],[15.4753,56.2747],[15.4618,56.2781],[15.4444,56.2747],[15.4376,56.2837],[15.4335,56.2847],[15.4073,56.2785],[15.4044,56.2812],[15.3929,56.2795],[15.3868,56.2855],[15.3895,56.2873],[15.385,56.2928],[15.3835,56.3015],[15.3727,56.3057],[15.377,56.3116],[15.3707,56.3191],[15.38,56.3182],[15.3814,56.3213],[15.3814,56.3319],[15.3779,56.3361],[15.3794,56.3408],[15.3752,56.343],[15.3591,56.3431],[15.3502,56.3448],[15.3289,56.3554],[15.3222,56.3565],[15.3141,56.361],[15.3046,56.3606],[15.2998,56.3798],[15.2974,56.3832],[15.3076,56.3845],[15.318,56.3817],[15.326,56.3833],[15.3484,56.3814],[15.3497,56.3904],[15.3414,56.3977],[15.3431,56.4008],[15.3361,56.4076],[15.345,56.4125],[15.3628,56.411],[15.3672,56.4145],[15.3764,56.4162],[15.3883,56.4152],[15.3962,56.4096],[15.3974,56.4059],[15.4137,56.4025],[15.4183,56.4045],[15.4192,56.4129],[15.4271,56.4211],[15.4366,56.4247],[15.4321,56.43],[15.4342,56.4418],[15.4403,56.4464],[15.4556,56.4518],[15.4672,56.4462],[15.4738,56.4491],[15.4894,56.4453],[15.5002,56.4361],[15.5062,56.4349],[15.5005,56.4409],[15.5065,56.4477],[15.5068,56.453],[15.496,56.4585],[15.4891,56.46],[15.4727,56.4661],[15.4692,56.4691],[15.4776,56.4716],[15.481,56.4798],[15.4775,56.4837],[15.4685,56.4873],[15.4634,56.4848],[15.447,56.4825],[15.4388,56.4943],[15.4331,56.4951],[15.4319,56.4908],[15.4175,56.4927],[15.4099,56.4972],[15.3979,56.4976],[15.3865,56.5006],[15.3812,56.4999],[15.3672,56.4929],[15.3647,56.4821],[15.3409,56.4693],[15.3168,56.4555],[15.3072,56.4585],[15.2992,56.4559],[15.2868,56.4568],[15.2806,56.4605],[15.2819,56.4643],[15.2674,56.4667],[15.2644,56.471],[15.2508,56.4673],[15.249,56.4636],[15.2315,56.4629],[15.2113,56.4599],[15.2074,56.4585],[15.22,56.4509],[15.214,56.4459],[15.2143,56.4402],[15.21,56.4348],[15.2046,56.4362],[15.1943,56.4291],[15.1799,56.4276],[15.1593,56.4341],[15.1467,56.4363],[15.1352,56.4448],[15.1312,56.4537],[15.1234,56.4552],[15.0996,56.4531],[15.0967,56.4549],[15.0856,56.4524],[15.0687,56.4519],[15.055,56.4527],[15.0497,56.452],[15.0535,56.4413],[15.0496,56.4379],[15.0331,56.4508],[15.014,56.4488],[15.0009,56.4456],[14.9889,56.4375],[14.9792,56.434],[14.9783,56.4283],[14.9716,56.4091],[14.9508,56.3926],[14.9426,56.3912],[14.9405,56.3867],[14.9308,56.3837],[14.9308,56.3798],[14.952,56.3714],[14.9671,56.3707],[15.0054,56.3667],[15.0151,56.3628],[15.0211,56.3563],[15.0236,56.3475],[15.0272,56.333],[15.0312,56.3285],[15.0351,56.3191],[15.025,56.3074],[15.0205,56.2907],[15.0142,56.2813],[15.012,56.2718],[15.0254,56.268],[15.0328,56.262],[15.0403,56.2497],[15.0485,56.2414],[15.052,56.2274],[15.0603,56.2208],[15.0692,56.2113],[15.0706,56.2046],[15.0668,56.2012],[15.0598,56.1882],[15.063,56.1771],[15.0669,56.1757],[15.0656,56.1673],[15.0582,56.1643],[15.0554,56.1566],[15.0494,56.151],[15.0475,56.1375],[15.0624,56.1215],[15.0938,56.1275],[15.1282,56.1372],[15.138,56.1428],[15.1643,56.1351],[15.2262,56.1309]]],[[[15.3848,56.3953],[15.3723,56.3954],[15.3697,56.3891],[15.3749,56.3816],[15.3692,56.3791],[15.3857,56.3681],[15.3878,56.3634],[15.3973,56.3599],[15.4078,56.3612],[15.4002,56.374],[15.4005,56.3786],[15.3968,56.3844],[15.3991,56.387],[15.3848,56.3953]]]]}},{"type":"Feature","properties":{"code":"1082","name":"Karlshamn"},"geometry":{"type":"Polygon","coordinates":[[[14.858,56.1333],[14.8996,56.139],[14.9108,56.1444],[14.9317,56.1417],[14.9471,56.1165],[14.9706,56.1058],[14.9993,56.1144],[15.0284,56.1438],[15.0411,56.1272],[15.0624,56.1215],[15.0475,56.1375],[15.0494,56.151],[15.0554,56.1566],[15.0582,56.1643],[15.0656,56.1673],[15.0669,56.1757],[15.063,56.1771],[15.0598,56.1882],[15.0668,56.2012],[15.0706,56.2046],[15.0692,56.2113],[15.0603,56.2208],[15.052,56.2274],[15.0485,56.2414],[15.0403,56.2497],[15.0328,56.262],[15.0254,56.268],[15.012,56.2718],[15.0142,56.2813],[15.0205,56.2907],[15.025,56.3074],[15.0351,56.3191],[15.0312,56.3285],[15.0272,56.333],[15.0236,56.3475],[15.0211,56.3563],[15.0151,56.3628],[15.0054,56.3667],[14.9671,56.3707],[14.952,56.3714],[14.9308,56.3798],[14.9308,56.3837],[14.9111,56.3658],[14.9044,56.3614],[14.8899,56.3625],[14.8714,56.3614],[14.8598,56.3589],[14.855,56.363],[14.8147,56.3726],[14.801,56.3731],[14.7996,56.3756],[14.7776,56.3826],[14.7583,56.3831],[14.7551,56.3801],[14.7341,56.3843],[14.7176,56.3824],[14.7163,56.3844],[14.6787,56.3872],[14.6727,56.3901],[14.6757,56.3868],[14.6787,56.3761],[14.6885,56.3611],[14.6954,56.345],[14.6958,56.3403],[14.7057,56.3298],[14.7141,56.3284],[14.715,56.3242],[14.7233,56.3165],[14.732,56.3135],[14.7328,56.3096],[14.7406,56.2979],[14.7351,56.294],[14.7346,56.2898],[14.7316,56.2788],[14.7318,56.2762],[14.7397,56.2722],[14.7413,56.266],[14.7466,56.2628],[14.7463,56.259],[14.7351,56.2589],[14.7251,56.2559],[14.7125,56.2609],[14.7105,56.2537],[14.7037,56.2496],[14.6991,56.232],[14.701,56.2314],[14.6892,56.2302],[14.6726,56.2302],[14.6661,56.2214],[14.658,56.2181],[14.6612,56.2167],[14.6601,56.2096],[14.6506,56.2076],[14.6486,56.1906],[14.6615,56.1915],[14.6564,56.1725],[14.666,56.1681],[14.6651,56.1634],[14.685,56.1603],[14.6864,56.1517],[14.7023,56.1445],[14.7062,56.1455],[14.7529,56.1421],[14.7676,56.1469],[14.8131,56.1429],[14.8352,56.1302],[14.858,56.1333]]]}},{"type":"Feature","properties":{"code":"1083","name":"Sölvesborg"},"geometry":{"type":"Polygon","coordinates":[[[14.7373,56.0716],[14.7361,56.0721],[14.7392,56.0909],[14.724,56.1046],[14.7115,56.1047],[14.7106,56.1257],[14.6879,56.1284],[14.6861,56.1414],[14.7023,56.1445],[14.6864,56.1517],[14.685,56.1603],[14.6651,56.1634],[14.666,56.1681],[14.6564,56.1725],[14.6615,56.1915],[14.6486,56.1906],[14.6506,56.2076],[14.6433,56.2074],[14.6202,56.201],[14.6004,56.2006],[14.5914,56.2024],[14.5913,56.1977],[14.5745,56.1905],[14.5818,56.1731],[14.5775,56.1627],[14.5823,56.1488],[14.5798,56.1401],[14.5863,56.1292],[14.5811,56.1215],[14.5817,56.1169],[14.5783,56.1116],[14.5783,56.0975],[14.5606,56.0842],[14.5559,56.0829],[14.5525,56.0759],[14.5541,56.0685],[14.5514,56.0651],[14.5452,56.0596],[14.5416,56.0561],[14.5415,56.0435],[14.5321,56.0369],[14.5328,56.012],[14.5702,56.0069],[14.6048,55.9925],[14.6353,55.9849],[14.6492,55.9857],[14.8643,55.9976],[14.8638,56.0163],[14.8194,56.0324],[14.7921,56.0422],[14.7373,56.0716]]]}},{"type":"Feature","properties":{"code":"1214","name":"Svalöv"},"geometry":{"type":"Polygon","coordinates":[[[13.2084,55.902],[13.215,55.9079],[13.226,55.9128],[13.2403,55.9169],[13.2492,55.9119],[13.2515,55.907],[13.2478,55.902],[13.2537,55.8987],[13.2683,55.8945],[13.2861,55.8921],[13.2898,55.9034],[13.2923,55.9052],[13.288,55.9133],[13.2768,55.9204],[13.2759,55.9229],[13.2958,55.9379],[13.2985,55.9421],[13.2694,55.9465],[13.2675,55.9528],[13.277,55.9587],[13.2743,55.9626],[13.2908,55.9646],[13.2939,55.9717],[13.3111,55.9774],[13.3291,55.9966],[13.336,56.0067],[13.3347,56.0101],[13.3402,56.0145],[13.324,56.022],[13.312,56.0299],[13.2994,56.0244],[13.2923,56.024],[13.2797,56.0259],[13.2725,56.0251],[13.2654,56.0274],[13.2455,56.0255],[13.2378,56.0136],[13.2297,56.0169],[13.2264,56.0239],[13.2013,56.0282],[13.199,56.0298],[13.1816,56.0337],[13.1896,56.0414],[13.1783,56.0514],[13.1662,56.0534],[13.1727,56.0562],[13.1642,56.0664],[13.1546,56.0713],[13.1421,56.0722],[13.1267,56.0776],[13.1155,56.0801],[13.0979,56.0884],[13.0724,56.0839],[13.0728,56.0766],[13.0701,56.0745],[13.069,56.0671],[13.0605,56.0693],[13.0542,56.0664],[13.0578,56.0635],[13.0482,56.0587],[13.0354,56.0495],[13.0248,56.0483],[13.0175,56.0424],[13.0082,56.0395],[13.0201,56.0374],[13.0253,56.0319],[13.0206,56.0264],[13.0226,56.0184],[13.0133,56.0129],[13.0172,56.0104],[13.0336,56.005],[13.0249,56.0016],[13.0086,56.0031],[13.0039,55.9973],[13.0106,55.9918],[13.0019,55.9904],[12.9873,55.98],[12.9893,55.9769],[12.9859,55.9637],[12.9812,55.9636],[12.9807,55.9572],[12.9748,55.9587],[12.9701,55.9518],[12.9563,55.9507],[12.9523,55.9432],[12.952,55.9281],[12.9447,55.9285],[12.9437,55.922],[12.9696,55.9186],[12.9715,55.9082],[12.9804,55.9068],[12.9982,55.9072],[12.9999,55.9032],[12.9976,55.8963],[12.9883,55.8986],[12.9834,55.896],[12.9953,55.8928],[12.993,55.8892],[12.9815,55.8908],[12.9791,55.884],[12.9798,55.8786],[12.9726,55.876],[12.9617,55.8747],[12.9617,55.8678],[12.9573,55.8618],[12.9633,55.8596],[12.9722,55.852],[12.9726,55.848],[12.9947,55.8522],[13.0155,55.8593],[13.0161,55.8628],[13.0432,55.8588],[13.047,55.8592],[13.0537,55.8472],[13.059,55.8412],[13.0729,55.8459],[13.0798,55.8376],[13.1096,55.8312],[13.1462,55.8297],[13.1469,55.8394],[13.1519,55.8443],[13.1583,55.8461],[13.1559,55.8594],[13.1477,55.8593],[13.1423,55.8628],[13.1311,55.8638],[13.1324,55.8744],[13.1282,55.8807],[13.1269,55.8878],[13.1355,55.8924],[13.1504,55.8952],[13.1515,55.9006],[13.1723,55.8939],[13.1824,55.8897],[13.2,55.8954],[13.2013,55.9031],[13.2084,55.902]]]}},{"type":"Feature","properties":{"code":"1230","name":"Staffanstorp"},"geometry":{"type":"Polygon","coordinates":[[[13.1823,55.6782],[13.1813,55.6786],[13.1677,55.6815],[13.1707,55.6873],[13.1642,55.6909],[13.1567,55.6958],[13.156,55.6978],[13.1372,55.7047],[13.1244,55.7051],[13.119,55.7024],[13.1119,55.7023],[13.1063,55.698],[13.1037,55.6928],[13.1124,55.6907],[13.109,55.6785],[13.1134,55.6732],[13.112,55.6661],[13.1166,55.6623],[13.117,55.6621],[13.1182,55.6583],[13.1311,55.6585],[13.1351,55.6563],[13.1365,55.6556],[13.1275,55.6484],[13.1229,55.6498],[13.1191,55.6403],[13.115,55.6338],[13.109,55.6315],[13.113,55.6195],[13.1236,55.6209],[13.1305,55.6176],[13.125,55.6077],[13.1396,55.6056],[13.1404,55.6],[13.173,55.5955],[13.1824,55.5949],[13.1894,55.6054],[13.1904,55.613],[13.2062,55.6118],[13.2164,55.6166],[13.2229,55.6152],[13.232,55.6163],[13.2396,55.6143],[13.2417,55.6184],[13.2478,55.62],[13.2608,55.6174],[13.2706,55.6158],[13.2961,55.6037],[13.2957,55.6028],[13.3038,55.6058],[13.3079,55.614],[13.3134,55.6162],[13.3217,55.6116],[13.3381,55.61],[13.342,55.6099],[13.3456,55.6173],[13.3516,55.6153],[13.3545,55.6202],[13.3516,55.6298],[13.3428,55.6306],[13.3321,55.6373],[13.3149,55.6394],[13.3186,55.6487],[13.3136,55.6485],[13.2979,55.6583],[13.2897,55.6605],[13.2935,55.6665],[13.29,55.6768],[13.267,55.6841],[13.2505,55.6797],[13.2349,55.6772],[13.2179,55.6761],[13.207,55.6786],[13.1996,55.6823],[13.1912,55.6829],[13.1823,55.6782]]]}},{"type":"Feature","properties":{"code":"1231","name":"Burlöv"},"geometry":{"type":"Polygon","coordinates":[[[13.0576,55.6336],[13.0615,55.6299],[13.059,55.6279],[13.0678,55.6278],[13.0668,55.6234],[13.0695,55.6191],[13.0669,55.6126],[13.0764,55.6135],[13.0925,55.6091],[13.0954,55.6061],[13.096,55.6048],[13.0998,55.6048],[13.1081,55.6041],[13.1154,55.6076],[13.125,55.6077],[13.1305,55.6176],[13.1236,55.6209],[13.113,55.6195],[13.109,55.6315],[13.115,55.6338],[13.1191,55.6403],[13.1229,55.6498],[13.1275,55.6484],[13.1365,55.6556],[13.1351,55.6563],[13.1311,55.6585],[13.1182,55.6583],[13.117,55.6621],[13.1166,55.6623],[13.112,55.6661],[13.0988,55.6616],[13.0995,55.6534],[13.0911,55.6499],[13.0731,55.6465],[13.062,55.6422],[13.0526,55.6407],[13.0282,55.6409],[13.0228,55.6401],[13.0245,55.6399],[13.052,55.6356],[13.0576,55.6336]]]}},{"type":"Feature","properties":{"code":"1233","name":"Vellinge"},"geometry":{"type":"Polygon","coordinates":[[[12.9571,55.4724],[12.9608,55.4653],[12.9698,55.4595],[12.9697,55.4452],[12.9614,55.4427],[12.9616,55.4491],[12.9504,55.4578],[12.9429,55.457],[12.947,55.4513],[12.9518,55.4351],[12.9517,55.4221],[12.9464,55.4163],[12.9521,55.4105],[12.9464,55.4163],[12.934,55.411],[12.9219,55.4091],[12.9086,55.4087],[12.903,55.4112],[12.89,55.4096],[12.8806,55.4138],[12.8701,55.4229],[12.8674,55.4357],[12.8582,55.438],[12.847,55.4235],[12.8434,55.4227],[12.8388,55.4263],[12.8282,55.411],[12.8366,55.4089],[12.8282,55.411],[12.8252,55.4013],[12.8145,55.383],[12.8159,55.3789],[12.8302,55.3848],[12.8455,55.3895],[12.8599,55.3921],[12.8732,55.3923],[12.8861,55.3905],[12.9026,55.3877],[12.9114,55.3857],[12.9257,55.3855],[12.9365,55.3929],[12.9459,55.3967],[12.9589,55.4017],[12.9666,55.4019],[12.974,55.4012],[12.9844,55.397],[12.9984,55.3912],[13.0087,55.3897],[13.017,55.3862],[13.0257,55.3941],[13.0183,55.397],[13.0229,55.4016],[13.0317,55.4037],[13.0425,55.404],[13.0451,55.4074],[13.0463,55.4179],[13.0641,55.4212],[13.0625,55.4265],[13.0541,55.4302],[13.0526,55.4401],[13.055,55.4447],[13.0513,55.4592],[13.0641,55.4626],[13.0676,55.4605],[13.0818,55.4618],[13.1059,55.4627],[13.1093,55.458],[13.1182,55.455],[13.1202,55.4508],[13.1366,55.4521],[13.1367,55.4552],[13.1499,55.4684],[13.1565,55.4719],[13.1758,55.4754],[13.1701,55.4795],[13.1804,55.4827],[13.1762,55.4868],[13.1614,55.4865],[13.1404,55.4897],[13.137,55.4921],[13.1311,55.5026],[13.1317,55.5065],[13.1139,55.5118],[13.1063,55.5205],[13.1066,55.5241],[13.0973,55.5228],[13.0833,55.5234],[13.0644,55.5222],[13.0533,55.5224],[13.0475,55.5152],[13.0356,55.5129],[13.0341,55.5107],[13.0087,55.5061],[12.9913,55.5083],[12.957,55.505],[12.9444,55.5069],[12.9314,55.5023],[12.9387,55.4964],[12.9385,55.4924],[12.9471,55.4831],[12.9536,55.4802],[12.9571,55.4724]]]}},{"type":"Feature","properties":{"code":"1256","name":"Östra Göinge"},"geometry":{"type":"Polygon","coordinates":[[[14.2459,56.174],[14.247,56.1831],[14.2584,56.1972],[14.274,56.2009],[14.2786,56.2046],[14.2647,56.2165],[14.2683,56.2187],[14.2708,56.2283],[14.279,56.2353],[14.2844,56.2473],[14.2883,56.2481],[14.3012,56.26],[14.3124,56.2656],[14.322,56.2668],[14.3215,56.2715],[14.3267,56.2745],[14.3325,56.2733],[14.3396,56.2794],[14.3454,56.2911],[14.3302,56.2883],[14.3237,56.2934],[14.3257,56.2971],[14.3197,56.3009],[14.315,56.2953],[14.3023,56.296],[14.2999,56.2922],[14.2872,56.2874],[14.2801,56.3003],[14.2743,56.3023],[14.2743,56.3091],[14.28,56.3108],[14.2857,56.3276],[14.2901,56.3287],[14.3008,56.3256],[14.314,56.3361],[14.3064,56.3443],[14.3094,56.3522],[14.306,56.3602],[14.2948,56.3649],[14.2944,56.3715],[14.258,56.3698],[14.2536,56.3665],[14.2551,56.3588],[14.2507,56.3509],[14.2514,56.3443],[14.2485,56.3384],[14.2233,56.3427],[14.2171,56.3455],[14.2218,56.3556],[14.2073,56.3601],[14.2049,56.3648],[14.2093,56.3663],[14.2139,56.3812],[14.2147,56.3945],[14.2222,56.402],[14.2261,56.4116],[14.2364,56.4253],[14.2464,56.4481],[14.2388,56.4527],[14.2239,56.4533],[14.2096,56.4378],[14.1993,56.4327],[14.1905,56.4262],[14.1803,56.428],[14.1678,56.4109],[14.1646,56.4044],[14.1648,56.3951],[14.1591,56.389],[14.1389,56.3854],[14.1314,56.3733],[14.1301,56.3642],[14.1204,56.3655],[14.1045,56.3643],[14.0994,56.3603],[14.0925,56.3616],[14.0771,56.3552],[14.0731,56.3444],[14.0746,56.3376],[14.0687,56.3334],[14.051,56.3344],[14.022,56.3393],[14.0058,56.3263],[13.9894,56.3141],[13.9915,56.3062],[13.9926,56.2939],[13.984,56.2869],[13.9846,56.2802],[13.9912,56.2779],[14.0002,56.2844],[14.0088,56.2829],[14.0127,56.2795],[14.0003,56.2765],[14.0044,56.2679],[13.9995,56.2642],[13.9727,56.2544],[13.9859,56.2528],[13.9823,56.248],[13.9695,56.2368],[13.9782,56.2237],[13.9773,56.2143],[13.9809,56.2098],[13.9805,56.2001],[13.9759,56.1956],[13.9928,56.1866],[13.9931,56.1827],[13.988,56.1796],[13.9926,56.1746],[14.0143,56.1759],[14.0154,56.1723],[14.0192,56.1653],[14.007,56.1591],[14.0142,56.1564],[14.0274,56.1514],[14.0638,56.1344],[14.0707,56.1332],[14.084,56.1328],[14.1134,56.1281],[14.1259,56.1276],[14.142,56.1252],[14.144,56.1309],[14.1527,56.1317],[14.1586,56.1396],[14.1555,56.1463],[14.148,56.1465],[14.151,56.155],[14.1686,56.1487],[14.1758,56.1541],[14.2034,56.1514],[14.2075,56.1565],[14.203,56.1614],[14.2121,56.1622],[14.2191,56.1664],[14.2172,56.1719],[14.228,56.1709],[14.2459,56.174]]]}},{"type":"Feature","properties":{"code":"1257","name":"Örkelljunga"},"geometry":{"type":"Polygon","coordinates":[[[13.4316,56.2911],[13.4447,56.2921],[13.4533,56.2996],[13.4554,56.3053],[13.4599,56.3072],[13.467,56.3053],[13.4829,56.3035],[13.4902,56.2981],[13.493,56.2917],[13.5029,56.2936],[13.4973,56.3023],[13.5154,56.3072],[13.512,56.3131],[13.506,56.3308],[13.4961,56.3466],[13.5087,56.3503],[13.51,56.3543],[13.5209,56.3746],[13.523,56.3765],[13.5791,56.3951],[13.5778,56.4061],[13.5806,56.409],[13.5709,56.4101],[13.5498,56.4043],[13.5428,56.4037],[13.5313,56.4067],[13.5216,56.4117],[13.5111,56.4095],[13.5005,56.4056],[13.4948,56.4104],[13.4769,56.4205],[13.4641,56.4304],[13.4552,56.4244],[13.4393,56.4191],[13.396,56.4145],[13.3858,56.4144],[13.3753,56.4091],[13.3468,56.3904],[13.339,56.3887],[13.3172,56.3875],[13.305,56.3852],[13.2969,56.3811],[13.2927,56.3804],[13.2515,56.3577],[13.2553,56.3529],[13.2526,56.3494],[13.2288,56.3325],[13.2235,56.3299],[13.2164,56.3272],[13.196,56.3241],[13.1983,56.3165],[13.1958,56.3082],[13.1893,56.2999],[13.1721,56.2827],[13.1465,56.2667],[13.1349,56.2625],[13.1249,56.264],[13.1177,56.2586],[13.136,56.2565],[13.1472,56.2527],[13.1428,56.2504],[13.1225,56.2439],[13.1285,56.2392],[13.1206,56.2315],[13.1311,56.2269],[13.1464,56.2223],[13.1618,56.213],[13.1587,56.209],[13.1678,56.208],[13.1805,56.2108],[13.1785,56.1976],[13.1829,56.1978],[13.1988,56.194],[13.2071,56.195],[13.2085,56.1978],[13.2206,56.2],[13.2228,56.2058],[13.2203,56.211],[13.2332,56.2179],[13.2575,56.2149],[13.2718,56.2154],[13.2784,56.2195],[13.2794,56.2255],[13.2925,56.2313],[13.3077,56.2398],[13.3163,56.2463],[13.3214,56.246],[13.3458,56.2678],[13.3475,56.2693],[13.4179,56.266],[13.4226,56.2664],[13.4321,56.2777],[13.4316,56.2911]]]}},{"type":"Feature","properties":{"code":"1260","name":"Bjuv"},"geometry":{"type":"Polygon","coordinates":[[[12.9174,56.0554],[12.9092,56.047],[12.9131,56.0433],[12.9202,56.0307],[12.9262,56.0294],[12.9255,56.0232],[12.9335,56.0214],[12.9315,56.0173],[12.9224,56.0166],[12.8989,56.0199],[12.8939,56.0159],[12.9032,56.0087],[12.914,56.011],[12.9182,56.0025],[12.913,56.0018],[12.9118,55.995],[12.9152,55.9879],[12.9106,55.9824],[12.9258,55.9805],[12.9278,55.983],[12.9488,55.9744],[12.9558,55.9788],[12.9692,55.9763],[12.9782,55.9811],[12.9873,55.98],[13.0019,55.9904],[13.0106,55.9918],[13.0039,55.9973],[13.0086,56.0031],[13.0249,56.0016],[13.0336,56.005],[13.0172,56.0104],[13.0133,56.0129],[13.0226,56.0184],[13.0206,56.0264],[13.0253,56.0319],[13.0201,56.0374],[13.0082,56.0395],[13.0175,56.0424],[13.0248,56.0483],[13.0354,56.0495],[13.0482,56.0587],[13.0578,56.0635],[13.0542,56.0664],[13.0605,56.0693],[13.069,56.0671],[13.0701,56.0745],[13.0638,56.0766],[13.0463,56.0859],[13.0375,56.0936],[13.0248,56.0998],[13.0143,56.1029],[13.0045,56.1132],[12.9901,56.1087],[12.9872,56.1115],[12.9773,56.1138],[12.9687,56.1143],[12.9553,56.1206],[12.9521,56.1202],[12.9465,56.1217],[12.9392,56.1209],[12.9167,56.1186],[12.9194,56.1122],[12.9117,56.1134],[12.9001,56.1033],[12.8887,56.1047],[12.8837,56.107],[12.8797,56.0997],[12.874,56.0942],[12.8774,56.0843],[12.8901,56.073],[12.9045,56.0654],[12.9059,56.0629],[12.9162,56.0626],[12.9174,56.0554]]]}},{"type":"Feature","properties":{"code":"1261","name":"Kävlinge"},"geometry":{"type":"Polygon","coordinates":[[[13.1248,55.7474],[13.1386,55.7489],[13.1415,55.7519],[13.1345,55.7582],[13.1419,55.7652],[13.1351,55.7697],[13.1429,55.7804],[13.1369,55.7914],[13.1446,55.7918],[13.1532,55.7891],[13.1691,55.7904],[13.1828,55.7939],[13.1943,55.7911],[13.2065,55.7863],[13.2146,55.7861],[13.2187,55.7893],[13.215,55.7951],[13.213,55.8103],[13.2181,55.8146],[13.219,55.8232],[13.2096,55.8277],[13.215,55.8414],[13.2096,55.8446],[13.175,55.8388],[13.1625,55.8307],[13.1475,55.8291],[13.1462,55.8297],[13.1096,55.8312],[13.0798,55.8376],[13.0729,55.8459],[13.059,55.8412],[13.035,55.8315],[13.0276,55.8257],[13.0283,55.8219],[13.0189,55.8223],[13.0116,55.8249],[12.9929,55.8252],[12.9807,55.8266],[12.9777,55.8246],[12.9673,55.8254],[12.9698,55.8217],[12.9673,55.8254],[12.9507,55.8272],[12.9336,55.8253],[12.9302,55.8253],[12.93,55.8253],[12.9213,55.8239],[12.9211,55.8239],[12.9154,55.8231],[12.9048,55.8229],[12.9061,55.8184],[12.9161,55.7826],[12.9167,55.7804],[12.8978,55.7711],[12.8846,55.7496],[12.8904,55.7424],[12.9331,55.7309],[12.9878,55.7154],[12.9908,55.7257],[12.9975,55.7312],[13.0037,55.7343],[13.007,55.7416],[13.0107,55.7416],[13.0171,55.7516],[13.0225,55.7569],[13.0273,55.7531],[13.0367,55.7525],[13.0485,55.757],[13.0603,55.7502],[13.067,55.7444],[13.0732,55.7435],[13.0773,55.7395],[13.0871,55.7444],[13.1089,55.7482],[13.1185,55.7473],[13.1248,55.7474]]]}},{"type":"Feature","properties":{"code":"1262","name":"Lomma"},"geometry":{"type":"Polygon","coordinates":[[[13.0442,55.666],[13.0443,55.6633],[13.0272,55.6471],[13.0183,55.6413],[13.0228,55.6401],[13.0282,55.6409],[13.0526,55.6407],[13.062,55.6422],[13.0731,55.6465],[13.0911,55.6499],[13.0995,55.6534],[13.0988,55.6616],[13.112,55.6661],[13.1134,55.6732],[13.109,55.6785],[13.1124,55.6907],[13.1037,55.6928],[13.1063,55.698],[13.1119,55.7023],[13.1113,55.7094],[13.1153,55.7142],[13.1301,55.7195],[13.1291,55.7245],[13.1273,55.7326],[13.137,55.7344],[13.1347,55.7376],[13.1359,55.7431],[13.1232,55.7417],[13.1185,55.7473],[13.1089,55.7482],[13.0871,55.7444],[13.0773,55.7395],[13.0732,55.7435],[13.067,55.7444],[13.0603,55.7502],[13.0485,55.757],[13.0367,55.7525],[13.0273,55.7531],[13.0225,55.7569],[13.0171,55.7516],[13.0107,55.7416],[13.007,55.7416],[13.0037,55.7343],[12.9975,55.7312],[12.9908,55.7257],[12.9901,55.7163],[13.0004,55.7115],[13.0187,55.7058],[13.0431,55.694],[13.0436,55.6823],[13.0438,55.676],[13.0442,55.666]]]}},{"type":"Feature","properties":{"code":"1263","name":"Svedala"},"geometry":{"type":"Polygon","coordinates":[[[13.2217,55.4821],[13.2388,55.4815],[13.2412,55.4707],[13.2505,55.4689],[13.257,55.4714],[13.2673,55.4728],[13.2742,55.4774],[13.2748,55.4809],[13.2814,55.483],[13.2972,55.4767],[13.3193,55.4755],[13.3216,55.4715],[13.3292,55.4707],[13.3399,55.4753],[13.3474,55.4706],[13.3546,55.4729],[13.3821,55.4681],[13.3811,55.4729],[13.3873,55.4733],[13.4018,55.4812],[13.4111,55.4817],[13.4247,55.4941],[13.4301,55.504],[13.4359,55.509],[13.4477,55.5105],[13.4546,55.5155],[13.4519,55.5195],[13.4549,55.5241],[13.4743,55.5253],[13.4816,55.5274],[13.4784,55.5301],[13.4677,55.5287],[13.4603,55.5254],[13.449,55.5312],[13.4362,55.5294],[13.4305,55.525],[13.4164,55.5286],[13.4021,55.5252],[13.3906,55.5389],[13.3767,55.5417],[13.3817,55.5469],[13.376,55.5517],[13.3657,55.5559],[13.3613,55.5548],[13.3492,55.5576],[13.3453,55.5508],[13.3408,55.5502],[13.3434,55.5611],[13.336,55.5645],[13.3306,55.5624],[13.316,55.5618],[13.3136,55.5645],[13.3228,55.5721],[13.3095,55.5884],[13.3006,55.5931],[13.2957,55.6028],[13.2961,55.6037],[13.2706,55.6158],[13.2608,55.6174],[13.2478,55.62],[13.2417,55.6184],[13.2396,55.6143],[13.232,55.6163],[13.2229,55.6152],[13.2164,55.6166],[13.2062,55.6118],[13.1904,55.613],[13.1894,55.6054],[13.1824,55.5949],[13.173,55.5955],[13.1404,55.6],[13.1426,55.5943],[13.1401,55.5918],[13.1456,55.5849],[13.1514,55.5812],[13.1402,55.5717],[13.1478,55.5681],[13.1456,55.564],[13.1385,55.5603],[13.1292,55.5604],[13.1157,55.5571],[13.1183,55.5521],[13.1229,55.5516],[13.122,55.5468],[13.1352,55.5412],[13.127,55.537],[13.1129,55.5331],[13.1071,55.532],[13.1066,55.5241],[13.1063,55.5205],[13.1139,55.5118],[13.1317,55.5065],[13.1311,55.5026],[13.137,55.4921],[13.1404,55.4897],[13.1614,55.4865],[13.1762,55.4868],[13.1804,55.4827],[13.1701,55.4795],[13.1758,55.4754],[13.1818,55.4701],[13.1896,55.468],[13.2008,55.4688],[13.2112,55.4745],[13.2217,55.4821]]]}},{"type":"Feature","properties":{"code":"1264","name":"Skurup"},"geometry":{"type":"Polygon","coordinates":[[[13.4703,55.4595],[13.4744,55.4508],[13.4737,55.446],[13.4633,55.4451],[13.4521,55.4469],[13.4595,55.439],[13.4579,55.4319],[13.4525,55.4246],[13.4488,55.4244],[13.4464,55.4219],[13.465,55.4172],[13.4725,55.4137],[13.4796,55.4014],[13.4907,55.3935],[13.4872,55.3843],[13.4801,55.3797],[13.4839,55.377],[13.5088,55.3827],[13.5399,55.3835],[13.562,55.3805],[13.5801,55.3848],[13.5937,55.3846],[13.6052,55.388],[13.6174,55.4038],[13.6395,55.4136],[13.6573,55.414],[13.656,55.4179],[13.6558,55.4247],[13.6454,55.424],[13.6381,55.4303],[13.6266,55.4332],[13.6268,55.4391],[13.6195,55.446],[13.6338,55.4527],[13.6351,55.4615],[13.6427,55.4654],[13.6401,55.4739],[13.646,55.4762],[13.646,55.4763],[13.6462,55.4845],[13.6572,55.4824],[13.6642,55.5003],[13.6539,55.5025],[13.655,55.5055],[13.6512,55.5135],[13.6611,55.5166],[13.6574,55.524],[13.6531,55.5244],[13.6481,55.5265],[13.6368,55.5256],[13.6411,55.5304],[13.6401,55.5343],[13.6304,55.5375],[13.6256,55.5359],[13.6161,55.5392],[13.6132,55.5354],[13.5948,55.5352],[13.5793,55.5382],[13.5748,55.5357],[13.5688,55.5387],[13.5646,55.5452],[13.5588,55.5412],[13.5484,55.5444],[13.5421,55.5446],[13.5421,55.5489],[13.5376,55.5538],[13.5354,55.5609],[13.5303,55.5659],[13.5192,55.5632],[13.5187,55.5702],[13.5294,55.5722],[13.5319,55.5781],[13.5235,55.5836],[13.5172,55.5801],[13.5175,55.5754],[13.5038,55.5742],[13.4993,55.5688],[13.5069,55.5684],[13.504,55.5622],[13.5079,55.5565],[13.4942,55.5431],[13.4852,55.5434],[13.4834,55.5372],[13.4793,55.534],[13.4869,55.5289],[13.4816,55.5274],[13.4743,55.5253],[13.4549,55.5241],[13.4519,55.5195],[13.4546,55.5155],[13.4477,55.5105],[13.4436,55.4958],[13.4457,55.4821],[13.4525,55.4819],[13.4462,55.4794],[13.4713,55.4712],[13.4633,55.4694],[13.4703,55.4595]]]}},{"type":"Feature","properties":{"code":"1265","name":"Sjöbo"},"geometry":{"type":"Polygon","coordinates":[[[13.6017,55.6313],[13.5907,55.6317],[13.5802,55.634],[13.5609,55.6331],[13.5467,55.6364],[13.5418,55.6298],[13.5348,55.6261],[13.5302,55.6203],[13.5331,55.6083],[13.5295,55.5962],[13.5206,55.5892],[13.5235,55.5836],[13.5319,55.5781],[13.5294,55.5722],[13.5187,55.5702],[13.5192,55.5632],[13.5303,55.5659],[13.5354,55.5609],[13.5376,55.5538],[13.5421,55.5489],[13.5421,55.5446],[13.5484,55.5444],[13.5588,55.5412],[13.5646,55.5452],[13.5688,55.5387],[13.5748,55.5357],[13.5793,55.5382],[13.5948,55.5352],[13.6132,55.5354],[13.6161,55.5392],[13.6256,55.5359],[13.6304,55.5375],[13.6401,55.5343],[13.6411,55.5304],[13.6368,55.5256],[13.6481,55.5265],[13.6531,55.5244],[13.6574,55.524],[13.6654,55.5267],[13.6667,55.5333],[13.6792,55.5294],[13.6686,55.5266],[13.6716,55.523],[13.6709,55.5114],[13.6809,55.5112],[13.6767,55.5215],[13.6853,55.5209],[13.6838,55.515],[13.6919,55.5097],[13.7058,55.5122],[13.7156,55.5222],[13.7123,55.5316],[13.7372,55.5315],[13.7429,55.5342],[13.7464,55.5396],[13.7538,55.5381],[13.7608,55.5343],[13.781,55.542],[13.7802,55.5482],[13.7756,55.5506],[13.7807,55.5576],[13.7953,55.5615],[13.8123,55.5613],[13.823,55.5694],[13.8262,55.5752],[13.8323,55.5721],[13.8438,55.5694],[13.8504,55.5661],[13.85,55.57],[13.8593,55.5765],[13.8596,55.5825],[13.8673,55.5898],[13.8769,55.5933],[13.8956,55.5889],[13.9007,55.5908],[13.9111,55.591],[13.9213,55.5975],[13.9316,55.5981],[13.937,55.6079],[13.9282,55.611],[13.9239,55.616],[13.9153,55.6172],[13.92,55.6257],[13.937,55.6196],[13.948,55.6205],[13.9443,55.6257],[13.9574,55.6312],[13.9484,55.6357],[13.9538,55.6389],[13.9614,55.6363],[13.9747,55.6352],[13.9797,55.637],[13.9816,55.6419],[13.9863,55.6493],[13.9822,55.6545],[13.9748,55.6595],[13.953,55.6692],[13.9473,55.6755],[13.9491,55.6807],[13.9273,55.6885],[13.925,55.6918],[13.9283,55.6959],[13.9164,55.699],[13.9114,55.7022],[13.9048,55.7129],[13.8926,55.7132],[13.8897,55.7179],[13.8968,55.7255],[13.8967,55.7306],[13.9088,55.7325],[13.9113,55.7389],[13.9186,55.7435],[13.9212,55.7486],[13.9154,55.7509],[13.9128,55.7591],[13.899,55.7585],[13.8856,55.7534],[13.8794,55.753],[13.8575,55.7557],[13.8463,55.7579],[13.8445,55.7651],[13.8176,55.7659],[13.8072,55.7683],[13.8034,55.7763],[13.7867,55.7754],[13.7713,55.7692],[13.7727,55.7668],[13.7611,55.7629],[13.7562,55.753],[13.7588,55.7466],[13.7573,55.7427],[13.722,55.7428],[13.7164,55.7436],[13.6963,55.7378],[13.6912,55.7408],[13.6659,55.738],[13.6641,55.7276],[13.6581,55.7224],[13.6503,55.7265],[13.6284,55.7242],[13.6142,55.7237],[13.6137,55.7301],[13.6038,55.7308],[13.5901,55.7278],[13.5918,55.7208],[13.5996,55.7144],[13.5938,55.7122],[13.5837,55.7033],[13.5817,55.6978],[13.5712,55.6888],[13.5727,55.6871],[13.5873,55.6851],[13.5994,55.6783],[13.6019,55.6739],[13.6139,55.6677],[13.6175,55.663],[13.6089,55.6505],[13.6084,55.6406],[13.6028,55.6314],[13.6017,55.6313]]]}},{"type":"Feature","properties":{"code":"1266","name":"Hörby"},"geometry":{"type":"Polygon","coordinates":[[[13.9123,55.879],[13.8869,55.8808],[13.8893,55.8848],[13.9075,55.8999],[13.9048,55.9046],[13.9067,55.9106],[13.8975,55.9087],[13.8843,55.9146],[13.8767,55.9219],[13.8678,55.9194],[13.8615,55.9128],[13.8592,55.9053],[13.8383,55.9052],[13.8244,55.9021],[13.8144,55.8911],[13.815,55.8863],[13.7829,55.8967],[13.7697,55.8982],[13.7767,55.9013],[13.7813,55.9084],[13.7709,55.9132],[13.7476,55.9316],[13.7497,55.9416],[13.7231,55.9494],[13.7131,55.9567],[13.7113,55.961],[13.6999,55.9568],[13.6847,55.9565],[13.6668,55.9608],[13.6572,55.9597],[13.6444,55.9531],[13.626,55.954],[13.6203,55.9559],[13.6167,55.9497],[13.6175,55.9423],[13.611,55.9343],[13.6149,55.9277],[13.5931,55.9178],[13.5786,55.9099],[13.579,55.9071],[13.5752,55.9008],[13.5629,55.9024],[13.5478,55.8926],[13.5595,55.8785],[13.5452,55.8675],[13.5489,55.86],[13.5581,55.8396],[13.5572,55.8345],[13.5527,55.8287],[13.5555,55.8208],[13.5614,55.815],[13.5613,55.8078],[13.5747,55.8064],[13.6004,55.8016],[13.6191,55.8042],[13.6247,55.8002],[13.6404,55.8002],[13.6379,55.7936],[13.6308,55.7921],[13.6184,55.7935],[13.6115,55.7914],[13.5978,55.783],[13.5834,55.7812],[13.5774,55.7599],[13.575,55.7597],[13.5679,55.7524],[13.5694,55.7487],[13.576,55.7448],[13.5658,55.7426],[13.5654,55.7383],[13.5869,55.7368],[13.5978,55.7382],[13.6114,55.735],[13.6137,55.7301],[13.6142,55.7237],[13.6284,55.7242],[13.6503,55.7265],[13.6581,55.7224],[13.6641,55.7276],[13.6659,55.738],[13.6912,55.7408],[13.6963,55.7378],[13.7164,55.7436],[13.722,55.7428],[13.7573,55.7427],[13.7588,55.7466],[13.7562,55.753],[13.7611,55.7629],[13.7727,55.7668],[13.7713,55.7692],[13.7867,55.7754],[13.8034,55.7763],[13.8072,55.7683],[13.8176,55.7659],[13.8445,55.7651],[13.8463,55.7579],[13.8575,55.7557],[13.8794,55.753],[13.8856,55.7534],[13.899,55.7585],[13.9128,55.7591],[13.9154,55.7509],[13.9212,55.7486],[13.9484,55.7616],[13.9614,55.7767],[13.9777,55.773],[13.9854,55.7694],[13.9777,55.773],[13.9614,55.7767],[13.9633,55.781],[13.9508,55.7896],[13.9582,55.795],[13.952,55.8015],[13.9192,55.8024],[13.9153,55.8101],[13.9143,55.8191],[13.8915,55.8235],[13.8833,55.8373],[13.8927,55.8441],[13.91,55.8513],[13.9046,55.8573],[13.9181,55.864],[13.9176,55.8741],[13.9123,55.879]]]}},{"type":"Feature","properties":{"code":"1267","name":"Höör"},"geometry":{"type":"Polygon","coordinates":[[[13.579,55.9071],[13.5786,55.9099],[13.5931,55.9178],[13.6149,55.9277],[13.611,55.9343],[13.6175,55.9423],[13.6167,55.9497],[13.6203,55.9559],[13.621,55.9639],[13.6221,55.9726],[13.6261,55.9773],[13.6435,55.9772],[13.6445,55.9804],[13.6592,55.983],[13.6517,55.996],[13.6704,56.0037],[13.6606,56.0118],[13.6585,56.0169],[13.6486,56.0205],[13.6589,56.0279],[13.6579,56.0343],[13.6415,56.0308],[13.6495,56.0376],[13.6408,56.0447],[13.6335,56.0389],[13.5839,56.0476],[13.5854,56.0542],[13.5621,56.0616],[13.5687,56.071],[13.5594,56.0859],[13.5416,56.0885],[13.5225,56.0887],[13.5131,56.0686],[13.5091,56.0641],[13.5005,56.0611],[13.4956,56.0552],[13.475,56.0597],[13.4643,56.0557],[13.4653,56.0486],[13.4557,56.0364],[13.4456,56.0327],[13.4436,56.0284],[13.4446,56.0219],[13.4344,56.0127],[13.4334,56.0082],[13.4258,56.0091],[13.4103,56.008],[13.3909,56.0109],[13.3808,56.001],[13.389,55.9914],[13.3762,55.975],[13.3865,55.9687],[13.3888,55.965],[13.3755,55.9495],[13.3786,55.9437],[13.3762,55.9364],[13.3859,55.9376],[13.3887,55.9406],[13.3975,55.9422],[13.3986,55.9353],[13.4037,55.9308],[13.4114,55.9311],[13.4274,55.928],[13.4307,55.9247],[13.4393,55.9233],[13.4422,55.9188],[13.4423,55.9116],[13.4597,55.8971],[13.435,55.8914],[13.4282,55.889],[13.4296,55.8829],[13.4221,55.8811],[13.4258,55.8728],[13.4432,55.8676],[13.4428,55.867],[13.4413,55.8649],[13.4362,55.8577],[13.4368,55.8281],[13.4249,55.8278],[13.4224,55.826],[13.4277,55.8194],[13.4436,55.8229],[13.4477,55.8139],[13.4487,55.8074],[13.4596,55.806],[13.4618,55.7945],[13.4783,55.7935],[13.4774,55.7834],[13.4859,55.7829],[13.4889,55.7862],[13.5058,55.7779],[13.5109,55.7779],[13.5226,55.784],[13.5095,55.7939],[13.5157,55.8029],[13.525,55.8081],[13.5201,55.8114],[13.5452,55.8204],[13.5555,55.8208],[13.5527,55.8287],[13.5572,55.8345],[13.5581,55.8396],[13.5489,55.86],[13.5452,55.8675],[13.5595,55.8785],[13.5478,55.8926],[13.5629,55.9024],[13.5752,55.9008],[13.579,55.9071]]]}},{"type":"Feature","properties":{"code":"1270","name":"Tomelilla"},"geometry":{"type":"MultiPolygon","coordinates":[[[[13.8593,55.5765],[13.85,55.57],[13.8504,55.5661],[13.8564,55.5619],[13.8641,55.5488],[13.8702,55.5462],[13.8805,55.5333],[13.8937,55.5283],[13.8982,55.5207],[13.8962,55.5188],[13.9085,55.5019],[13.9149,55.4968],[13.9222,55.4953],[13.9352,55.496],[13.9393,55.4917],[13.9371,55.4846],[13.9446,55.4849],[13.9586,55.4806],[13.9759,55.4708],[13.9888,55.467],[14.005,55.4727],[14.0093,55.4765],[14.0231,55.4775],[14.0352,55.4727],[14.0386,55.4744],[14.0575,55.4767],[14.0742,55.48],[14.0734,55.4832],[14.0895,55.495],[14.0909,55.499],[14.0984,55.5034],[14.1109,55.5052],[14.1247,55.512],[14.1369,55.5162],[14.1299,55.5311],[14.1301,55.5389],[14.1384,55.5411],[14.1369,55.5475],[14.1507,55.5552],[14.1488,55.5594],[14.1419,55.5644],[14.1383,55.571],[14.1405,55.5745],[14.1524,55.5804],[14.1552,55.5794],[14.1667,55.5837],[14.1588,55.5981],[14.1627,55.6063],[14.1394,55.6118],[14.1349,55.6086],[14.123,55.6129],[14.117,55.617],[14.1052,55.6179],[14.0859,55.6251],[14.0732,55.635],[14.0668,55.6365],[14.0725,55.6429],[14.0691,55.6507],[14.0697,55.6574],[14.0611,55.6584],[14.0608,55.6618],[14.0676,55.6753],[14.0773,55.6749],[14.066,55.683],[14.0692,55.6896],[14.0819,55.6981],[14.0901,55.6995],[14.0918,55.703],[14.1,55.7067],[14.0982,55.7112],[14.1053,55.7153],[14.1208,55.7161],[14.1304,55.7183],[14.1424,55.7189],[14.1395,55.7235],[14.1309,55.7273],[14.1237,55.733],[14.109,55.7341],[14.1026,55.7361],[14.089,55.7364],[14.0891,55.7412],[14.0998,55.7418],[14.093,55.7498],[14.0998,55.7501],[14.1048,55.7563],[14.0955,55.7578],[14.0872,55.757],[14.0914,55.7643],[14.087,55.77],[14.0943,55.7745],[14.0945,55.7777],[14.0847,55.7788],[14.075,55.7837],[14.0665,55.7845],[14.0542,55.7852],[14.058,55.7743],[14.0546,55.7689],[14.0276,55.7611],[14.011,55.7614],[14.0125,55.7687],[14.002,55.768],[13.9958,55.7723],[13.9854,55.7694],[13.9777,55.773],[13.9614,55.7767],[13.9484,55.7616],[13.9212,55.7486],[13.9186,55.7435],[13.9113,55.7389],[13.9088,55.7325],[13.8967,55.7306],[13.8968,55.7255],[13.8897,55.7179],[13.8926,55.7132],[13.9048,55.7129],[13.9114,55.7022],[13.9164,55.699],[13.9283,55.6959],[13.925,55.6918],[13.9273,55.6885],[13.9491,55.6807],[13.9473,55.6755],[13.953,55.6692],[13.9748,55.6595],[13.9822,55.6545],[13.9863,55.6493],[13.9816,55.6419],[13.9797,55.637],[13.9747,55.6352],[13.9614,55.6363],[13.9538,55.6389],[13.9484,55.6357],[13.9574,55.6312],[13.9443,55.6257],[13.948,55.6205],[13.937,55.6196],[13.92,55.6257],[13.9153,55.6172],[13.9239,55.616],[13.9282,55.611],[13.937,55.6079],[13.9316,55.5981],[13.9213,55.5975],[13.9111,55.591],[13.9007,55.5908],[13.8956,55.5889],[13.8769,55.5933],[13.8673,55.5898],[13.8596,55.5825],[13.8593,55.5765]]],[[[14.1063,55.7391],[14.1154,55.7395],[14.1106,55.7478],[14.1037,55.7485],[14.1017,55.7424],[14.1063,55.7391]]],[[[14.1063,55.7573],[14.1215,55.7562],[14.1234,55.7532],[14.1339,55.7588],[14.1236,55.7658],[14.1136,55.7657],[14.107,55.7606],[14.1063,55.7573]]]]}},{"type":"Feature","properties":{"code":"1272","name":"Bromölla"},"geometry":{"type":"Polygon","coordinates":[[[14.4473,56.0831],[14.4446,56.0749],[14.4146,56.0706],[14.4033,56.0695],[14.3856,56.0533],[14.3835,56.0419],[14.3806,56.037],[14.3895,56.0348],[14.396,56.0357],[14.417,56.0305],[14.4242,56.025],[14.4377,56.0233],[14.439,56.0286],[14.4454,56.0298],[14.4643,56.0249],[14.4718,56.0212],[14.5097,56.0154],[14.5025,56.0115],[14.5328,56.012],[14.5321,56.0369],[14.5415,56.0435],[14.5416,56.0561],[14.5452,56.0596],[14.5514,56.0651],[14.5541,56.0685],[14.5525,56.0759],[14.5559,56.0829],[14.5606,56.0842],[14.5783,56.0975],[14.5783,56.1116],[14.5817,56.1169],[14.5811,56.1215],[14.5863,56.1292],[14.5798,56.1401],[14.5823,56.1488],[14.5775,56.1627],[14.5818,56.1731],[14.5745,56.1905],[14.5746,56.193],[14.5682,56.2086],[14.5647,56.213],[14.5666,56.2241],[14.5383,56.2211],[14.5292,56.2209],[14.5157,56.2167],[14.5072,56.2217],[14.4925,56.2261],[14.4774,56.2327],[14.4674,56.2393],[14.4633,56.2367],[14.4666,56.2294],[14.4661,56.2247],[14.4409,56.229],[14.4393,56.2172],[14.4341,56.2145],[14.4349,56.2085],[14.425,56.205],[14.4224,56.2012],[14.4118,56.1976],[14.4125,56.1934],[14.4222,56.1864],[14.4247,56.1785],[14.4284,56.1758],[14.4209,56.1691],[14.4206,56.159],[14.4222,56.151],[14.4206,56.14],[14.4376,56.1237],[14.4636,56.149],[14.4748,56.15],[14.4755,56.1462],[14.4688,56.1372],[14.4703,56.131],[14.462,56.1195],[14.462,56.1102],[14.4459,56.1045],[14.4507,56.0935],[14.4473,56.0831]]]}},{"type":"Feature","properties":{"code":"1273","name":"Osby"},"geometry":{"type":"Polygon","coordinates":[[[13.9894,56.3141],[14.0058,56.3263],[14.022,56.3393],[14.051,56.3344],[14.0687,56.3334],[14.0746,56.3376],[14.0731,56.3444],[14.0771,56.3552],[14.0925,56.3616],[14.0994,56.3603],[14.1045,56.3643],[14.1204,56.3655],[14.1301,56.3642],[14.1314,56.3733],[14.1389,56.3854],[14.1591,56.389],[14.1648,56.3951],[14.1646,56.4044],[14.1678,56.4109],[14.1803,56.428],[14.1905,56.4262],[14.1993,56.4327],[14.2096,56.4378],[14.2239,56.4533],[14.2388,56.4527],[14.2464,56.4481],[14.2364,56.4253],[14.2261,56.4116],[14.2222,56.402],[14.2147,56.3945],[14.2139,56.3812],[14.2093,56.3663],[14.2049,56.3648],[14.2073,56.3601],[14.2218,56.3556],[14.2171,56.3455],[14.2233,56.3427],[14.2485,56.3384],[14.2514,56.3443],[14.2507,56.3509],[14.2551,56.3588],[14.2536,56.3665],[14.258,56.3698],[14.2944,56.3715],[14.2948,56.3649],[14.306,56.3602],[14.3094,56.3522],[14.3064,56.3443],[14.314,56.3361],[14.3008,56.3256],[14.2901,56.3287],[14.2857,56.3276],[14.28,56.3108],[14.2743,56.3091],[14.2743,56.3023],[14.2801,56.3003],[14.2872,56.2874],[14.2999,56.2922],[14.3023,56.296],[14.315,56.2953],[14.3197,56.3009],[14.3257,56.2971],[14.3237,56.2934],[14.3302,56.2883],[14.3454,56.2911],[14.3618,56.2995],[14.3746,56.2996],[14.3902,56.3013],[14.4005,56.3267],[14.3999,56.3309],[14.4058,56.3348],[14.4051,56.343],[14.4112,56.3534],[14.4123,56.362],[14.4128,56.367],[14.4188,56.3671],[14.419,56.3759],[14.4212,56.3842],[14.4152,56.3927],[14.414,56.3996],[14.4267,56.4008],[14.4551,56.4077],[14.4718,56.408],[14.4879,56.4238],[14.4905,56.4282],[14.4975,56.4395],[14.4993,56.4453],[14.5071,56.446],[14.5115,56.458],[14.4956,56.4638],[14.4711,56.4639],[14.4589,56.4726],[14.4508,56.4704],[14.439,56.4696],[14.4102,56.4756],[14.3866,56.4797],[14.3778,56.4796],[14.3525,56.4838],[14.3441,56.4844],[14.318,56.494],[14.2875,56.4986],[14.276,56.4982],[14.2778,56.5056],[14.2674,56.5068],[14.2409,56.4938],[14.2311,56.4928],[14.1994,56.4968],[14.1892,56.4945],[14.1799,56.4941],[14.1651,56.4972],[14.1643,56.5003],[14.1433,56.5075],[14.1284,56.5061],[14.124,56.5088],[14.1173,56.5177],[14.1202,56.5215],[14.1061,56.5301],[14.0913,56.5328],[14.0719,56.5289],[14.0618,56.5257],[14.0652,56.5217],[14.0622,56.5137],[14.0563,56.5098],[14.0562,56.5007],[14.0482,56.4946],[14.043,56.4858],[14.031,56.4767],[14.0252,56.4679],[14.0174,56.4703],[14.0037,56.4673],[13.9521,56.4671],[13.9259,56.4575],[13.9163,56.4581],[13.9009,56.4569],[13.8902,56.4519],[13.8781,56.4412],[13.8769,56.4368],[13.8246,56.4419],[13.794,56.4482],[13.7604,56.4441],[13.7332,56.435],[13.7158,56.4311],[13.6997,56.4272],[13.6964,56.4246],[13.703,56.4231],[13.7105,56.4098],[13.7162,56.4046],[13.7244,56.4068],[13.7459,56.4024],[13.7532,56.3858],[13.7617,56.3899],[13.7728,56.3931],[13.7912,56.3938],[13.7991,56.3923],[13.8171,56.382],[13.8291,56.3892],[13.8434,56.3956],[13.8456,56.3895],[13.8612,56.3917],[13.8852,56.4025],[13.8925,56.4008],[13.9002,56.3904],[13.8987,56.388],[13.9025,56.3819],[13.9028,56.3766],[13.8918,56.3719],[13.8916,56.3607],[13.8966,56.358],[13.9031,56.3634],[13.9109,56.366],[13.9238,56.3601],[13.9342,56.3628],[13.9309,56.3528],[13.9319,56.3468],[13.9162,56.3193],[13.9339,56.3277],[13.9459,56.3253],[13.9592,56.3234],[13.9636,56.3257],[13.9715,56.3242],[13.9886,56.3171],[13.9894,56.3141]]]}},{"type":"Feature","properties":{"code":"1275","name":"Perstorp"},"geometry":{"type":"Polygon","coordinates":[[[13.4179,56.266],[13.3475,56.2693],[13.3458,56.2678],[13.3214,56.246],[13.3163,56.2463],[13.3077,56.2398],[13.2925,56.2313],[13.2794,56.2255],[13.2784,56.2195],[13.2718,56.2154],[13.2784,56.1955],[13.2651,56.1836],[13.28,56.1751],[13.303,56.1714],[13.3068,56.169],[13.3088,56.1625],[13.3056,56.1578],[13.29,56.147],[13.3005,56.1406],[13.3062,56.1355],[13.2982,56.1317],[13.2976,56.1274],[13.3075,56.1285],[13.3106,56.1291],[13.3317,56.1219],[13.3434,56.1235],[13.3655,56.119],[13.3725,56.1214],[13.373,56.1122],[13.3926,56.1071],[13.4006,56.0949],[13.4089,56.1005],[13.421,56.1026],[13.4278,56.1004],[13.4268,56.103],[13.4381,56.113],[13.4391,56.1193],[13.4464,56.1253],[13.4462,56.1325],[13.4569,56.1332],[13.4614,56.1402],[13.4632,56.1413],[13.4616,56.1595],[13.4685,56.1642],[13.4541,56.1745],[13.4513,56.1921],[13.4664,56.2105],[13.4444,56.2352],[13.4276,56.2502],[13.4179,56.266]]]}},{"type":"Feature","properties":{"code":"1276","name":"Klippan"},"geometry":{"type":"Polygon","coordinates":[[[13.1206,56.2315],[13.1056,56.2263],[13.0994,56.2219],[13.0882,56.2184],[13.0799,56.2133],[13.0721,56.2134],[13.0656,56.2081],[13.0556,56.2072],[13.0424,56.2123],[13.0185,56.2097],[13.0164,56.2057],[13.0079,56.2101],[13.003,56.2079],[12.9976,56.2111],[12.987,56.2077],[12.9814,56.1993],[12.9889,56.1967],[12.9978,56.198],[13.0061,56.1966],[13.006,56.1928],[13.0125,56.1874],[13.0179,56.1852],[13.0176,56.1813],[13.0324,56.1723],[13.0361,56.1619],[13.0537,56.1635],[13.0638,56.1666],[13.0663,56.1631],[13.0636,56.1584],[13.0754,56.1531],[13.0774,56.1431],[13.0835,56.1366],[13.0945,56.1333],[13.0951,56.1299],[13.1033,56.1266],[13.102,56.119],[13.0935,56.1163],[13.086,56.1037],[13.1052,56.0964],[13.1062,56.0943],[13.0979,56.0884],[13.1155,56.0801],[13.1267,56.0776],[13.1421,56.0722],[13.1546,56.0713],[13.1642,56.0664],[13.1727,56.0562],[13.1662,56.0534],[13.1783,56.0514],[13.1896,56.0414],[13.1816,56.0337],[13.199,56.0298],[13.2013,56.0282],[13.2264,56.0239],[13.2297,56.0169],[13.2378,56.0136],[13.2455,56.0255],[13.2654,56.0274],[13.2725,56.0251],[13.2797,56.0259],[13.2923,56.024],[13.2994,56.0244],[13.312,56.0299],[13.324,56.022],[13.3402,56.0145],[13.3347,56.0101],[13.336,56.0067],[13.3808,56.001],[13.3909,56.0109],[13.4103,56.008],[13.4258,56.0091],[13.4334,56.0082],[13.4344,56.0127],[13.4446,56.0219],[13.4436,56.0284],[13.4456,56.0327],[13.4557,56.0364],[13.4653,56.0486],[13.4643,56.0557],[13.475,56.0597],[13.4956,56.0552],[13.5005,56.0611],[13.5091,56.0641],[13.5131,56.0686],[13.5225,56.0887],[13.5183,56.0932],[13.5054,56.0886],[13.4969,56.0832],[13.489,56.0809],[13.4693,56.086],[13.4591,56.0922],[13.449,56.0894],[13.4469,56.0929],[13.4352,56.0957],[13.4278,56.1004],[13.421,56.1026],[13.4089,56.1005],[13.4006,56.0949],[13.3926,56.1071],[13.373,56.1122],[13.3725,56.1214],[13.3655,56.119],[13.3434,56.1235],[13.3317,56.1219],[13.3106,56.1291],[13.3075,56.1285],[13.2976,56.1274],[13.2982,56.1317],[13.3062,56.1355],[13.3005,56.1406],[13.29,56.147],[13.3056,56.1578],[13.3088,56.1625],[13.3068,56.169],[13.303,56.1714],[13.28,56.1751],[13.2651,56.1836],[13.2784,56.1955],[13.2718,56.2154],[13.2575,56.2149],[13.2332,56.2179],[13.2203,56.211],[13.2228,56.2058],[13.2206,56.2],[13.2085,56.1978],[13.2071,56.195],[13.1988,56.194],[13.1829,56.1978],[13.1785,56.1976],[13.1805,56.2108],[13.1678,56.208],[13.1587,56.209],[13.1618,56.213],[13.1464,56.2223],[13.1311,56.2269],[13.1206,56.2315]]]}},{"type":"Feature","properties":{"code":"1277","name":"Åstorp"},"geometry":{"type":"Polygon","coordinates":[[[12.9495,56.1534],[12.9486,56.149],[12.9421,56.1489],[12.9373,56.144],[12.9289,56.1409],[12.9144,56.1381],[12.9062,56.1387],[12.8983,56.137],[12.8966,56.1426],[12.8824,56.1421],[12.8825,56.1392],[12.873,56.1375],[12.8732,56.1333],[12.855,56.1328],[12.8457,56.1282],[12.839,56.1285],[12.8368,56.1246],[12.8474,56.1154],[12.8468,56.1066],[12.8408,56.1052],[12.843,56.101],[12.8584,56.0963],[12.874,56.0942],[12.8797,56.0997],[12.8837,56.107],[12.8887,56.1047],[12.9001,56.1033],[12.9117,56.1134],[12.9194,56.1122],[12.9167,56.1186],[12.9392,56.1209],[12.9465,56.1217],[12.9521,56.1202],[12.9553,56.1206],[12.9687,56.1143],[12.9773,56.1138],[12.9872,56.1115],[12.9901,56.1087],[13.0045,56.1132],[13.0143,56.1029],[13.0248,56.0998],[13.0375,56.0936],[13.0463,56.0859],[13.0638,56.0766],[13.0701,56.0745],[13.0728,56.0766],[13.0724,56.0839],[13.0979,56.0884],[13.1062,56.0943],[13.1052,56.0964],[13.086,56.1037],[13.0935,56.1163],[13.102,56.119],[13.1033,56.1266],[13.0951,56.1299],[13.0945,56.1333],[13.0835,56.1366],[13.0774,56.1431],[13.0754,56.1531],[13.0636,56.1584],[13.0663,56.1631],[13.0638,56.1666],[13.0537,56.1635],[13.0361,56.1619],[13.0324,56.1723],[13.0176,56.1813],[13.0179,56.1852],[13.0125,56.1874],[12.9933,56.1797],[12.9817,56.1786],[12.9628,56.1784],[12.9626,56.1738],[12.9556,56.1722],[12.9559,56.1648],[12.9488,56.1601],[12.9495,56.1534]]]}},{"type":"Feature","properties":{"code":"1278","name":"Båstad"},"geometry":{"type":"Polygon","coordinates":[[[12.8586,56.441],[12.8568,56.4412],[12.8188,56.4447],[12.8167,56.4448],[12.7857,56.4574],[12.7042,56.4828],[12.6417,56.4504],[12.6124,56.4348],[12.5475,56.4605],[12.5173,56.4376],[12.6199,56.3975],[12.6248,56.3871],[12.6699,56.3624],[12.7078,56.3413],[12.7453,56.3205],[12.7595,56.3218],[12.7685,56.3197],[12.7759,56.321],[12.7818,56.3193],[12.7839,56.327],[12.8099,56.3283],[12.811,56.3259],[12.8265,56.3221],[12.8335,56.3231],[12.8363,56.3342],[12.8387,56.336],[12.8594,56.3361],[12.862,56.3456],[12.8689,56.3506],[12.8703,56.3561],[12.8791,56.3574],[12.8878,56.3608],[12.8937,56.3675],[12.8798,56.3749],[12.8797,56.3772],[12.8884,56.3781],[12.8949,56.3745],[12.9198,56.3635],[12.9488,56.3676],[12.9524,56.3743],[12.9605,56.3823],[12.968,56.389],[12.9589,56.3941],[12.9605,56.4053],[12.9685,56.4115],[12.9578,56.4134],[12.9625,56.418],[12.9658,56.4277],[12.9524,56.4311],[12.9543,56.4414],[12.9409,56.4395],[12.9301,56.4419],[12.8955,56.4495],[12.8908,56.4537],[12.8586,56.441]]]}},{"type":"Feature","properties":{"code":"1280","name":"Malmö"},"geometry":{"type":"Polygon","coordinates":[[[13.0954,55.6061],[13.0925,55.6091],[13.0764,55.6135],[13.0669,55.6126],[13.0695,55.6191],[13.0668,55.6234],[13.0678,55.6278],[13.059,55.6279],[13.0615,55.6299],[13.0576,55.6336],[13.052,55.6356],[13.0245,55.6399],[13.0075,55.6421],[12.9968,55.6374],[12.9902,55.6328],[12.9897,55.624],[12.9959,55.6177],[12.9929,55.6158],[12.9877,55.6211],[12.9809,55.6202],[12.9786,55.62],[12.9714,55.6149],[12.9723,55.61],[12.9706,55.6053],[12.9524,55.5987],[12.9444,55.598],[12.9378,55.5979],[12.9306,55.5944],[12.9274,55.5916],[12.9261,55.5903],[12.9247,55.5887],[12.9234,55.5891],[12.919,55.5909],[12.9158,55.5873],[12.919,55.5812],[12.9061,55.5761],[12.892,55.566],[12.8963,55.5601],[12.9008,55.5596],[12.9044,55.5538],[12.9075,55.5468],[12.91,55.5357],[12.9104,55.5261],[12.8939,55.5247],[12.899,55.52],[12.9097,55.5201],[12.9186,55.5211],[12.9238,55.5187],[12.927,55.5129],[12.9248,55.5104],[12.9314,55.5023],[12.9444,55.5069],[12.957,55.505],[12.9913,55.5083],[13.0087,55.5061],[13.0341,55.5107],[13.0356,55.5129],[13.0475,55.5152],[13.0533,55.5224],[13.0644,55.5222],[13.0833,55.5234],[13.0973,55.5228],[13.1066,55.5241],[13.1071,55.532],[13.1129,55.5331],[13.127,55.537],[13.1352,55.5412],[13.122,55.5468],[13.1229,55.5516],[13.1183,55.5521],[13.1157,55.5571],[13.1292,55.5604],[13.1385,55.5603],[13.1456,55.564],[13.1478,55.5681],[13.1402,55.5717],[13.1514,55.5812],[13.1456,55.5849],[13.1401,55.5918],[13.1426,55.5943],[13.1404,55.6],[13.1396,55.6056],[13.125,55.6077],[13.1154,55.6076],[13.1081,55.6041],[13.0998,55.6048],[13.096,55.6048],[13.0954,55.6061]]]}},{"type":"Feature","properties":{"code":"1281","name":"Lund"},"geometry":{"type":"Polygon","coordinates":[[[13.1185,55.7473],[13.1232,55.7417],[13.1359,55.7431],[13.1347,55.7376],[13.137,55.7344],[13.1273,55.7326],[13.1291,55.7245],[13.1301,55.7195],[13.1153,55.7142],[13.1113,55.7094],[13.1119,55.7023],[13.119,55.7024],[13.1244,55.7051],[13.1372,55.7047],[13.156,55.6978],[13.1567,55.6958],[13.1642,55.6909],[13.1707,55.6873],[13.1677,55.6815],[13.1813,55.6786],[13.1823,55.6782],[13.1912,55.6829],[13.1996,55.6823],[13.207,55.6786],[13.2179,55.6761],[13.2349,55.6772],[13.2505,55.6797],[13.267,55.6841],[13.29,55.6768],[13.2935,55.6665],[13.2897,55.6605],[13.2979,55.6583],[13.3136,55.6485],[13.3186,55.6487],[13.3149,55.6394],[13.3321,55.6373],[13.3428,55.6306],[13.3516,55.6298],[13.3545,55.6202],[13.3516,55.6153],[13.3456,55.6173],[13.342,55.6099],[13.3381,55.61],[13.3217,55.6116],[13.3134,55.6162],[13.3079,55.614],[13.3038,55.6058],[13.2957,55.6028],[13.3006,55.5931],[13.3095,55.5884],[13.3228,55.5721],[13.3136,55.5645],[13.316,55.5618],[13.3306,55.5624],[13.336,55.5645],[13.3434,55.5611],[13.3408,55.5502],[13.3453,55.5508],[13.3492,55.5576],[13.3613,55.5548],[13.3657,55.5559],[13.376,55.5517],[13.3817,55.5469],[13.3767,55.5417],[13.3906,55.5389],[13.4021,55.5252],[13.4164,55.5286],[13.4305,55.525],[13.4362,55.5294],[13.449,55.5312],[13.4603,55.5254],[13.4677,55.5287],[13.4784,55.5301],[13.4816,55.5274],[13.4869,55.5289],[13.4793,55.534],[13.4834,55.5372],[13.4852,55.5434],[13.4942,55.5431],[13.5079,55.5565],[13.504,55.5622],[13.5069,55.5684],[13.4993,55.5688],[13.5038,55.5742],[13.5175,55.5754],[13.5172,55.5801],[13.5235,55.5836],[13.5206,55.5892],[13.5295,55.5962],[13.5331,55.6083],[13.5302,55.6203],[13.5348,55.6261],[13.5418,55.6298],[13.5467,55.6364],[13.5609,55.6331],[13.5802,55.634],[13.5907,55.6317],[13.6017,55.6313],[13.6028,55.6314],[13.6084,55.6406],[13.6089,55.6505],[13.6175,55.663],[13.6139,55.6677],[13.6019,55.6739],[13.5994,55.6783],[13.5873,55.6851],[13.5727,55.6871],[13.5712,55.6888],[13.5652,55.696],[13.5406,55.7],[13.5259,55.7058],[13.5214,55.7102],[13.5121,55.7119],[13.5059,55.7149],[13.5057,55.7185],[13.4989,55.7216],[13.487,55.7216],[13.4748,55.7255],[13.4668,55.7305],[13.4428,55.7294],[13.4382,55.7322],[13.4191,55.737],[13.4194,55.739],[13.4129,55.7401],[13.3993,55.7442],[13.3856,55.7423],[13.3679,55.7442],[13.3591,55.7487],[13.3377,55.7507],[13.3313,55.7543],[13.3223,55.7532],[13.316,55.7525],[13.3025,55.7479],[13.2951,55.7509],[13.2875,55.7509],[13.3014,55.766],[13.3057,55.7684],[13.3015,55.769],[13.2927,55.7756],[13.2833,55.7782],[13.2733,55.7777],[13.2627,55.779],[13.2521,55.7783],[13.2426,55.7757],[13.2324,55.7776],[13.2305,55.781],[13.2231,55.7844],[13.2164,55.7824],[13.2065,55.7863],[13.1943,55.7911],[13.1828,55.7939],[13.1691,55.7904],[13.1532,55.7891],[13.1446,55.7918],[13.1369,55.7914],[13.1429,55.7804],[13.1351,55.7697],[13.1419,55.7652],[13.1345,55.7582],[13.1415,55.7519],[13.1386,55.7489],[13.1248,55.7474],[13.1185,55.7473]]]}},{"type":"Feature","properties":{"code":"1282","name":"Landskrona"},"geometry":{"type":"MultiPolygon","coordinates":[[[[13.059,55.8412],[13.0537,55.8472],[13.047,55.8592],[13.0432,55.8588],[13.0161,55.8628],[13.0155,55.8593],[12.9947,55.8522],[12.9726,55.848],[12.9722,55.852],[12.9633,55.8596],[12.9573,55.8618],[12.9617,55.8678],[12.9617,55.8747],[12.9726,55.876],[12.9798,55.8786],[12.9791,55.884],[12.9815,55.8908],[12.993,55.8892],[12.9953,55.8928],[12.9834,55.896],[12.9883,55.8986],[12.9976,55.8963],[12.9999,55.9032],[12.9982,55.9072],[12.9804,55.9068],[12.9715,55.9082],[12.9696,55.9186],[12.9437,55.922],[12.9248,55.9194],[12.9163,55.9255],[12.9196,55.9403],[12.891,55.956],[12.8878,55.9526],[12.8881,55.9457],[12.8603,55.9508],[12.8521,55.939],[12.8453,55.935],[12.8292,55.9367],[12.8274,55.9383],[12.8292,55.943],[12.8358,55.9508],[12.8273,55.9552],[12.8185,55.9554],[12.8108,55.9605],[12.8108,55.9631],[12.7976,55.9636],[12.797,55.9595],[12.7896,55.9583],[12.7578,55.9578],[12.7598,55.9521],[12.7707,55.943],[12.7721,55.9391],[12.7789,55.9388],[12.7838,55.9355],[12.7904,55.9299],[12.8048,55.9125],[12.8035,55.8996],[12.8041,55.8945],[12.8115,55.8847],[12.8191,55.8726],[12.8178,55.8677],[12.8271,55.8641],[12.8314,55.8541],[12.8381,55.8539],[12.8511,55.8572],[12.8663,55.8579],[12.8694,55.8624],[12.8766,55.86],[12.8823,55.8587],[12.8839,55.854],[12.8945,55.8474],[12.9053,55.8426],[12.9166,55.8311],[12.9202,55.8238],[12.9299,55.8254],[12.9333,55.8253],[12.9509,55.8272],[12.9777,55.8246],[12.9807,55.8267],[12.9929,55.8252],[13.0116,55.8249],[13.0189,55.8223],[13.0283,55.8219],[13.0276,55.8257],[13.035,55.8315],[13.059,55.8412]]],[[[12.7223,55.9046],[12.7254,55.9098],[12.7147,55.9126],[12.7105,55.9162],[12.699,55.9203],[12.6877,55.9217],[12.6694,55.9209],[12.6673,55.915],[12.6727,55.91],[12.6809,55.907],[12.6954,55.896],[12.6981,55.8911],[12.7082,55.8904],[12.7179,55.892],[12.7208,55.8956],[12.7223,55.9046]]],[[[12.8241,55.8637],[12.8139,55.8622],[12.8223,55.8567],[12.8137,55.8522],[12.8178,55.849],[12.8261,55.8504],[12.8241,55.8637]]]]}},{"type":"Feature","properties":{"code":"1283","name":"Helsingborg"},"geometry":{"type":"Polygon","coordinates":[[[12.7493,55.979],[12.7447,55.9632],[12.7433,55.958],[12.7744,55.9582],[12.7791,55.9582],[12.7896,55.9583],[12.797,55.9595],[12.7976,55.9636],[12.8108,55.9631],[12.8108,55.9605],[12.8185,55.9554],[12.8273,55.9552],[12.8358,55.9508],[12.8292,55.943],[12.8274,55.9383],[12.8292,55.9367],[12.8453,55.935],[12.8521,55.939],[12.8603,55.9508],[12.8881,55.9457],[12.8878,55.9526],[12.891,55.956],[12.9196,55.9403],[12.9163,55.9255],[12.9248,55.9194],[12.9437,55.922],[12.9447,55.9285],[12.952,55.9281],[12.9523,55.9432],[12.9563,55.9507],[12.9701,55.9518],[12.9748,55.9587],[12.9807,55.9572],[12.9812,55.9636],[12.9859,55.9637],[12.9893,55.9769],[12.9873,55.98],[12.9782,55.9811],[12.9692,55.9763],[12.9558,55.9788],[12.9488,55.9744],[12.9278,55.983],[12.9258,55.9805],[12.9106,55.9824],[12.9152,55.9879],[12.9118,55.995],[12.913,56.0018],[12.9182,56.0025],[12.914,56.011],[12.9032,56.0087],[12.8939,56.0159],[12.8989,56.0199],[12.9224,56.0166],[12.9315,56.0173],[12.9335,56.0214],[12.9255,56.0232],[12.9262,56.0294],[12.9202,56.0307],[12.9131,56.0433],[12.9092,56.047],[12.9174,56.0554],[12.9162,56.0626],[12.9059,56.0629],[12.9045,56.0654],[12.8901,56.073],[12.8774,56.0843],[12.874,56.0942],[12.8584,56.0963],[12.843,56.101],[12.8408,56.1052],[12.8468,56.1066],[12.8474,56.1154],[12.8368,56.1246],[12.839,56.1285],[12.8309,56.1289],[12.8263,56.1265],[12.8202,56.1334],[12.8209,56.1381],[12.8099,56.1445],[12.803,56.1507],[12.8047,56.1574],[12.7924,56.1677],[12.8271,56.1822],[12.8315,56.1902],[12.8286,56.1923],[12.8165,56.1935],[12.8068,56.1894],[12.7933,56.1886],[12.7768,56.1923],[12.7883,56.2033],[12.7933,56.202],[12.7991,56.2091],[12.7963,56.2144],[12.7853,56.2178],[12.7856,56.2277],[12.7747,56.2325],[12.7643,56.2331],[12.77,56.2248],[12.7656,56.2153],[12.7592,56.2162],[12.7524,56.2093],[12.7431,56.2096],[12.7474,56.2043],[12.7493,56.1954],[12.7345,56.1963],[12.7288,56.1855],[12.7167,56.185],[12.6999,56.1795],[12.6978,56.1733],[12.6788,56.1701],[12.6787,56.169],[12.6784,56.1506],[12.6801,56.1467],[12.6526,56.1464],[12.6551,56.1532],[12.6434,56.157],[12.6393,56.1492],[12.629,56.1504],[12.5921,56.1414],[12.5885,56.1373],[12.5835,56.136],[12.5869,56.1287],[12.6009,56.1145],[12.6048,56.1143],[12.6166,56.1055],[12.6238,56.1034],[12.6206,56.099],[12.6305,56.0957],[12.6416,56.0892],[12.6522,56.0813],[12.6636,56.0708],[12.6722,56.0644],[12.6765,56.0572],[12.6789,56.05],[12.6844,56.041],[12.6855,56.0258],[12.6914,56.0233],[12.6921,56.018],[12.6961,56.0159],[12.7004,56.0059],[12.7067,56.001],[12.7192,56.002],[12.7313,55.9971],[12.7472,55.9843],[12.7493,55.979]]]}},{"type":"Feature","properties":{"code":"1284","name":"Höganäs"},"geometry":{"type":"Polygon","coordinates":[[[12.5286,56.3004],[12.515,56.3046],[12.4463,56.313],[12.4279,56.3057],[12.4352,56.2922],[12.4705,56.2822],[12.5204,56.2393],[12.5183,56.2347],[12.5228,56.2274],[12.53,56.2155],[12.5273,56.2017],[12.5287,56.1975],[12.5418,56.1904],[12.5429,56.1812],[12.5474,56.1745],[12.5521,56.1684],[12.5541,56.156],[12.5603,56.1495],[12.5637,56.1416],[12.5739,56.1376],[12.5835,56.136],[12.5885,56.1373],[12.5921,56.1414],[12.629,56.1504],[12.6393,56.1492],[12.6434,56.157],[12.6551,56.1532],[12.6526,56.1464],[12.6801,56.1467],[12.6784,56.1506],[12.6787,56.169],[12.6788,56.1701],[12.6978,56.1733],[12.6999,56.1795],[12.7167,56.185],[12.7288,56.1855],[12.7345,56.1963],[12.7493,56.1954],[12.7474,56.2043],[12.7431,56.2096],[12.7524,56.2093],[12.7592,56.2162],[12.7656,56.2153],[12.77,56.2248],[12.7643,56.2331],[12.7477,56.2389],[12.7187,56.2404],[12.705,56.2334],[12.6892,56.2427],[12.6822,56.252],[12.6663,56.2611],[12.6325,56.2705],[12.5832,56.2837],[12.5286,56.3004]]]}},{"type":"Feature","properties":{"code":"1285","name":"Eslöv"},"geometry":{"type":"Polygon","coordinates":[[[13.2065,55.7863],[13.2164,55.7824],[13.2231,55.7844],[13.2305,55.781],[13.2324,55.7776],[13.2426,55.7757],[13.2521,55.7783],[13.2627,55.779],[13.2733,55.7777],[13.2833,55.7782],[13.2927,55.7756],[13.3015,55.769],[13.3057,55.7684],[13.3014,55.766],[13.2875,55.7509],[13.2951,55.7509],[13.3025,55.7479],[13.316,55.7525],[13.3223,55.7532],[13.3313,55.7543],[13.3377,55.7507],[13.3591,55.7487],[13.3679,55.7442],[13.3856,55.7423],[13.3993,55.7442],[13.4129,55.7401],[13.4194,55.739],[13.4191,55.737],[13.4382,55.7322],[13.4428,55.7294],[13.4668,55.7305],[13.4748,55.7255],[13.487,55.7216],[13.4989,55.7216],[13.5057,55.7185],[13.5059,55.7149],[13.5121,55.7119],[13.5214,55.7102],[13.5259,55.7058],[13.5406,55.7],[13.5652,55.696],[13.5712,55.6888],[13.5817,55.6978],[13.5837,55.7033],[13.5938,55.7122],[13.5996,55.7144],[13.5918,55.7208],[13.5901,55.7278],[13.6038,55.7308],[13.6137,55.7301],[13.6114,55.735],[13.5978,55.7382],[13.5869,55.7368],[13.5654,55.7383],[13.5658,55.7426],[13.576,55.7448],[13.5694,55.7487],[13.5679,55.7524],[13.575,55.7597],[13.5774,55.7599],[13.5834,55.7812],[13.5978,55.783],[13.6115,55.7914],[13.6184,55.7935],[13.6308,55.7921],[13.6379,55.7936],[13.6404,55.8002],[13.6247,55.8002],[13.6191,55.8042],[13.6004,55.8016],[13.5747,55.8064],[13.5613,55.8078],[13.5614,55.815],[13.5555,55.8208],[13.5452,55.8204],[13.5201,55.8114],[13.525,55.8081],[13.5157,55.8029],[13.5095,55.7939],[13.5226,55.784],[13.5109,55.7779],[13.5058,55.7779],[13.4889,55.7862],[13.4859,55.7829],[13.4774,55.7834],[13.4783,55.7935],[13.4618,55.7945],[13.4596,55.806],[13.4487,55.8074],[13.4477,55.8139],[13.4436,55.8229],[13.4277,55.8194],[13.4224,55.826],[13.4249,55.8278],[13.4368,55.8281],[13.4362,55.8577],[13.4413,55.8649],[13.4428,55.867],[13.4432,55.8676],[13.4258,55.8728],[13.4221,55.8811],[13.4296,55.8829],[13.4282,55.889],[13.435,55.8914],[13.4597,55.8971],[13.4423,55.9116],[13.4422,55.9188],[13.4393,55.9233],[13.4307,55.9247],[13.4274,55.928],[13.4114,55.9311],[13.4037,55.9308],[13.3986,55.9353],[13.3975,55.9422],[13.3887,55.9406],[13.3859,55.9376],[13.3762,55.9364],[13.3786,55.9437],[13.3755,55.9495],[13.3888,55.965],[13.3865,55.9687],[13.3762,55.975],[13.389,55.9914],[13.3808,56.001],[13.336,56.0067],[13.3291,55.9966],[13.3111,55.9774],[13.2939,55.9717],[13.2908,55.9646],[13.2743,55.9626],[13.277,55.9587],[13.2675,55.9528],[13.2694,55.9465],[13.2985,55.9421],[13.2958,55.9379],[13.2759,55.9229],[13.2768,55.9204],[13.288,55.9133],[13.2923,55.9052],[13.2898,55.9034],[13.2861,55.8921],[13.2683,55.8945],[13.2537,55.8987],[13.2478,55.902],[13.2515,55.907],[13.2492,55.9119],[13.2403,55.9169],[13.226,55.9128],[13.215,55.9079],[13.2084,55.902],[13.2013,55.9031],[13.2,55.8954],[13.1824,55.8897],[13.1723,55.8939],[13.1515,55.9006],[13.1504,55.8952],[13.1355,55.8924],[13.1269,55.8878],[13.1282,55.8807],[13.1324,55.8744],[13.1311,55.8638],[13.1423,55.8628],[13.1477,55.8593],[13.1559,55.8594],[13.1583,55.8461],[13.1519,55.8443],[13.1469,55.8394],[13.1462,55.8297],[13.1475,55.8291],[13.1625,55.8307],[13.175,55.8388],[13.2096,55.8446],[13.215,55.8414],[13.2096,55.8277],[13.219,55.8232],[13.2181,55.8146],[13.213,55.8103],[13.215,55.7951],[13.2187,55.7893],[13.2146,55.7861],[13.2065,55.7863]]]}},{"type":"Feature","properties":{"code":"1286","name":"Ystad"},"geometry":{"type":"Polygon","coordinates":[[[13.8173,55.4156],[13.8399,55.4169],[13.8597,55.4245],[13.8768,55.4288],[13.899,55.4315],[13.9124,55.4317],[13.9284,55.4301],[13.9467,55.426],[13.9687,55.4178],[13.9962,55.405],[14.0241,55.3898],[14.0457,55.3792],[14.0586,55.374],[14.0752,55.3796],[14.095,55.379],[14.1268,55.3751],[14.1521,55.3713],[14.1672,55.3714],[14.1874,55.3738],[14.207,55.3814],[14.2153,55.3912],[14.2168,55.398],[14.2125,55.3999],[14.2048,55.4137],[14.1873,55.4175],[14.1821,55.4225],[14.1696,55.4263],[14.1644,55.4295],[14.1469,55.437],[14.1394,55.4493],[14.133,55.4511],[14.1346,55.455],[14.129,55.4653],[14.1456,55.4689],[14.1392,55.4733],[14.14,55.4763],[14.128,55.4774],[14.1223,55.4803],[14.1118,55.4795],[14.106,55.4762],[14.0868,55.4692],[14.0792,55.4728],[14.0742,55.48],[14.0575,55.4767],[14.0386,55.4744],[14.0352,55.4727],[14.0231,55.4775],[14.0093,55.4765],[14.005,55.4727],[13.9888,55.467],[13.9759,55.4708],[13.9586,55.4806],[13.9446,55.4849],[13.9371,55.4846],[13.9393,55.4917],[13.9352,55.496],[13.9222,55.4953],[13.9149,55.4968],[13.9085,55.5019],[13.8962,55.5188],[13.8982,55.5207],[13.8937,55.5283],[13.8805,55.5333],[13.8702,55.5462],[13.8641,55.5488],[13.8564,55.5619],[13.8504,55.5661],[13.8438,55.5694],[13.8323,55.5721],[13.8262,55.5752],[13.823,55.5694],[13.8123,55.5613],[13.7953,55.5615],[13.7807,55.5576],[13.7756,55.5506],[13.7802,55.5482],[13.781,55.542],[13.7608,55.5343],[13.7538,55.5381],[13.7464,55.5396],[13.7429,55.5342],[13.7372,55.5315],[13.7123,55.5316],[13.7156,55.5222],[13.7058,55.5122],[13.6919,55.5097],[13.6838,55.515],[13.6853,55.5209],[13.6767,55.5215],[13.6809,55.5112],[13.6709,55.5114],[13.6716,55.523],[13.6686,55.5266],[13.6792,55.5294],[13.6667,55.5333],[13.6654,55.5267],[13.6574,55.524],[13.6611,55.5166],[13.6512,55.5135],[13.655,55.5055],[13.6539,55.5025],[13.6642,55.5003],[13.6572,55.4824],[13.6462,55.4845],[13.646,55.4763],[13.646,55.4762],[13.6401,55.4739],[13.6427,55.4654],[13.6351,55.4615],[13.6338,55.4527],[13.6195,55.446],[13.6268,55.4391],[13.6266,55.4332],[13.6381,55.4303],[13.6454,55.424],[13.6558,55.4247],[13.656,55.4179],[13.6573,55.414],[13.6762,55.4133],[13.6903,55.4162],[13.7003,55.4203],[13.7132,55.4232],[13.7602,55.4237],[13.785,55.4222],[13.7997,55.4225],[13.8089,55.423],[13.8128,55.4183],[13.8173,55.4156]]]}},{"type":"Feature","properties":{"code":"1287","name":"Trelleborg"},"geometry":{"type":"Polygon","coordinates":[[[13.1309,55.3671],[13.1471,55.3611],[13.1532,55.3623],[13.1554,55.3627],[13.162,55.364],[13.166,55.3648],[13.1793,55.3627],[13.1963,55.36],[13.2014,55.3592],[13.2213,55.3525],[13.273,55.3405],[13.2709,55.3371],[13.3305,55.3303],[13.3565,55.3276],[13.3957,55.3401],[13.4627,55.37],[13.4839,55.377],[13.4801,55.3797],[13.4872,55.3843],[13.4907,55.3935],[13.4796,55.4014],[13.4725,55.4137],[13.465,55.4172],[13.4464,55.4219],[13.4488,55.4244],[13.4525,55.4246],[13.4579,55.4319],[13.4595,55.439],[13.4521,55.4469],[13.4633,55.4451],[13.4737,55.446],[13.4744,55.4508],[13.4703,55.4595],[13.4633,55.4694],[13.4713,55.4712],[13.4462,55.4794],[13.4525,55.4819],[13.4457,55.4821],[13.4436,55.4958],[13.4477,55.5105],[13.4359,55.509],[13.4301,55.504],[13.4247,55.4941],[13.4111,55.4817],[13.4018,55.4812],[13.3873,55.4733],[13.3811,55.4729],[13.3821,55.4681],[13.3546,55.4729],[13.3474,55.4706],[13.3399,55.4753],[13.3292,55.4707],[13.3216,55.4715],[13.3193,55.4755],[13.2972,55.4767],[13.2814,55.483],[13.2748,55.4809],[13.2742,55.4774],[13.2673,55.4728],[13.257,55.4714],[13.2505,55.4689],[13.2412,55.4707],[13.2388,55.4815],[13.2217,55.4821],[13.2112,55.4745],[13.2008,55.4688],[13.1896,55.468],[13.1818,55.4701],[13.1758,55.4754],[13.1565,55.4719],[13.1499,55.4684],[13.1367,55.4552],[13.1366,55.4521],[13.1202,55.4508],[13.1182,55.455],[13.1093,55.458],[13.1059,55.4627],[13.0818,55.4618],[13.0676,55.4605],[13.0641,55.4626],[13.0513,55.4592],[13.055,55.4447],[13.0526,55.4401],[13.0541,55.4302],[13.0625,55.4265],[13.0641,55.4212],[13.0463,55.4179],[13.0451,55.4074],[13.0425,55.404],[13.0317,55.4037],[13.0229,55.4016],[13.0183,55.397],[13.0257,55.3941],[13.0191,55.388],[13.014,55.3836],[13.0127,55.3805],[13.0825,55.3626],[13.0998,55.3698],[13.1309,55.3671]]]}},{"type":"Feature","properties":{"code":"1290","name":"Kristianstad"},"geometry":{"type":"Polygon","coordinates":[[[14.3225,55.9417],[14.3356,55.9564],[14.3559,55.9601],[14.3634,55.9538],[14.38,55.958],[14.3839,55.9703],[14.4007,55.9717],[14.4084,55.9673],[14.4268,55.961],[14.449,55.9618],[14.4742,55.9606],[14.4782,55.9663],[14.4706,55.9689],[14.4593,55.9885],[14.5025,56.0115],[14.5097,56.0154],[14.4718,56.0212],[14.4643,56.0249],[14.4454,56.0298],[14.439,56.0286],[14.4377,56.0233],[14.4242,56.025],[14.417,56.0305],[14.396,56.0357],[14.3895,56.0348],[14.3806,56.037],[14.3835,56.0419],[14.3856,56.0533],[14.4033,56.0695],[14.4146,56.0706],[14.4446,56.0749],[14.4473,56.0831],[14.4507,56.0935],[14.4459,56.1045],[14.462,56.1102],[14.462,56.1195],[14.4703,56.131],[14.4688,56.1372],[14.4755,56.1462],[14.4748,56.15],[14.4636,56.149],[14.4376,56.1237],[14.4206,56.14],[14.4222,56.151],[14.4206,56.159],[14.4209,56.1691],[14.4284,56.1758],[14.4247,56.1785],[14.4222,56.1864],[14.4125,56.1934],[14.4118,56.1976],[14.4224,56.2012],[14.425,56.205],[14.4349,56.2085],[14.4341,56.2145],[14.4393,56.2172],[14.4409,56.229],[14.4351,56.2381],[14.4271,56.2476],[14.4344,56.2503],[14.4355,56.2534],[14.4288,56.2563],[14.4263,56.2599],[14.429,56.2749],[14.4268,56.2911],[14.412,56.2922],[14.4056,56.2942],[14.4087,56.3042],[14.4012,56.302],[14.3902,56.3013],[14.3746,56.2996],[14.3618,56.2995],[14.3454,56.2911],[14.3396,56.2794],[14.3325,56.2733],[14.3267,56.2745],[14.3215,56.2715],[14.322,56.2668],[14.3124,56.2656],[14.3012,56.26],[14.2883,56.2481],[14.2844,56.2473],[14.279,56.2353],[14.2708,56.2283],[14.2683,56.2187],[14.2647,56.2165],[14.2786,56.2046],[14.274,56.2009],[14.2584,56.1972],[14.247,56.1831],[14.2459,56.174],[14.228,56.1709],[14.2172,56.1719],[14.2191,56.1664],[14.2121,56.1622],[14.203,56.1614],[14.2075,56.1565],[14.2034,56.1514],[14.1758,56.1541],[14.1686,56.1487],[14.151,56.155],[14.148,56.1465],[14.1555,56.1463],[14.1586,56.1396],[14.1527,56.1317],[14.144,56.1309],[14.142,56.1252],[14.1259,56.1276],[14.1134,56.1281],[14.084,56.1328],[14.0707,56.1332],[14.0638,56.1344],[14.0274,56.1514],[14.0142,56.1564],[14.0032,56.1372],[13.9979,56.1231],[13.9972,56.107],[13.995,56.0958],[13.9915,56.092],[13.9812,56.0896],[13.9781,56.0857],[13.9702,56.0896],[13.9704,56.0791],[13.9498,56.0634],[13.9298,56.0502],[13.9198,56.0393],[13.9126,56.0381],[13.887,56.0208],[13.8834,56.0235],[13.8592,56.0268],[13.8598,56.0237],[13.8556,56.0153],[13.8377,56.016],[13.8297,56.027],[13.8226,56.0301],[13.8107,56.0267],[13.8031,56.0116],[13.789,56.0062],[13.7825,55.9976],[13.7742,55.9945],[13.7739,55.9871],[13.7649,55.9825],[13.7583,55.9741],[13.7798,55.9647],[13.7771,55.9605],[13.7636,55.9538],[13.7574,55.9465],[13.7497,55.9416],[13.7476,55.9316],[13.7709,55.9132],[13.7813,55.9084],[13.7767,55.9013],[13.7697,55.8982],[13.7829,55.8967],[13.815,55.8863],[13.8144,55.8911],[13.8244,55.9021],[13.8383,55.9052],[13.8592,55.9053],[13.8615,55.9128],[13.8678,55.9194],[13.8767,55.9219],[13.8843,55.9146],[13.8975,55.9087],[13.9067,55.9106],[13.9048,55.9046],[13.9075,55.8999],[13.8893,55.8848],[13.8869,55.8808],[13.9123,55.879],[13.9176,55.8741],[13.9181,55.864],[13.9046,55.8573],[13.91,55.8513],[13.8927,55.8441],[13.8833,55.8373],[13.8915,55.8235],[13.9143,55.8191],[13.9153,55.8101],[13.9192,55.8024],[13.952,55.8015],[13.9582,55.795],[13.9508,55.7896],[13.9633,55.781],[13.9614,55.7767],[13.9777,55.773],[13.9854,55.7694],[13.9958,55.7723],[14.002,55.768],[14.0125,55.7687],[14.011,55.7614],[14.0276,55.7611],[14.0546,55.7689],[14.058,55.7743],[14.0542,55.7852],[14.0665,55.7845],[14.075,55.7837],[14.0847,55.7788],[14.0945,55.7777],[14.0943,55.7745],[14.087,55.77],[14.0914,55.7643],[14.0872,55.757],[14.0955,55.7578],[14.1048,55.7563],[14.1063,55.7573],[14.107,55.7606],[14.1136,55.7657],[14.1236,55.7658],[14.1339,55.7588],[14.1433,55.7589],[14.1501,55.7617],[14.1609,55.7628],[14.1698,55.7665],[14.1848,55.763],[14.1962,55.7658],[14.2041,55.7912],[14.2158,55.8211],[14.2234,55.8358],[14.2373,55.8561],[14.2422,55.8652],[14.2565,55.8825],[14.2681,55.8933],[14.2833,55.9024],[14.2935,55.9067],[14.3167,55.9145],[14.3289,55.9212],[14.3274,55.9277],[14.323,55.9324],[14.3203,55.9361],[14.3225,55.9417]]]}},{"type":"Feature","properties":{"code":"1291","name":"Simrishamn"},"geometry":{"type":"Polygon","coordinates":[[[14.3427,55.5772],[14.3392,55.5891],[14.3074,55.6054],[14.284,55.6472],[14.2847,55.6799],[14.2276,55.6923],[14.2088,55.7029],[14.2079,55.712],[14.2025,55.7214],[14.1991,55.7334],[14.199,55.7502],[14.2014,55.7652],[14.1962,55.7658],[14.1848,55.763],[14.1698,55.7665],[14.1609,55.7628],[14.1501,55.7617],[14.1433,55.7589],[14.1339,55.7588],[14.1234,55.7532],[14.1215,55.7562],[14.1063,55.7573],[14.1048,55.7563],[14.0998,55.7501],[14.093,55.7498],[14.0998,55.7418],[14.0891,55.7412],[14.089,55.7364],[14.1026,55.7361],[14.109,55.7341],[14.1237,55.733],[14.1309,55.7273],[14.1395,55.7235],[14.1424,55.7189],[14.1304,55.7183],[14.1208,55.7161],[14.1053,55.7153],[14.0982,55.7112],[14.1,55.7067],[14.0918,55.703],[14.0901,55.6995],[14.0819,55.6981],[14.0692,55.6896],[14.066,55.683],[14.0773,55.6749],[14.0676,55.6753],[14.0608,55.6618],[14.0611,55.6584],[14.0697,55.6574],[14.0691,55.6507],[14.0725,55.6429],[14.0668,55.6365],[14.0732,55.635],[14.0859,55.6251],[14.1052,55.6179],[14.117,55.617],[14.123,55.6129],[14.1349,55.6086],[14.1394,55.6118],[14.1627,55.6063],[14.1588,55.5981],[14.1667,55.5837],[14.1552,55.5794],[14.1524,55.5804],[14.1405,55.5745],[14.1383,55.571],[14.1419,55.5644],[14.1488,55.5594],[14.1507,55.5552],[14.1369,55.5475],[14.1384,55.5411],[14.1301,55.5389],[14.1299,55.5311],[14.1369,55.5162],[14.1247,55.512],[14.1109,55.5052],[14.0984,55.5034],[14.0909,55.499],[14.0895,55.495],[14.0734,55.4832],[14.0742,55.48],[14.0792,55.4728],[14.0868,55.4692],[14.106,55.4762],[14.1118,55.4795],[14.1223,55.4803],[14.128,55.4774],[14.14,55.4763],[14.1392,55.4733],[14.1456,55.4689],[14.129,55.4653],[14.1346,55.455],[14.133,55.4511],[14.1394,55.4493],[14.1469,55.437],[14.1644,55.4295],[14.1696,55.4263],[14.1821,55.4225],[14.1873,55.4175],[14.2048,55.4137],[14.2125,55.3999],[14.2168,55.398],[14.2327,55.4181],[14.2441,55.4358],[14.2622,55.4432],[14.2774,55.4524],[14.294,55.4738],[14.3234,55.4834],[14.351,55.5047],[14.3553,55.5098],[14.3523,55.5153],[14.3605,55.5363],[14.3673,55.5513],[14.3662,55.5581],[14.3599,55.561],[14.3501,55.5655],[14.3427,55.5772]],[[14.1063,55.7391],[14.1017,55.7424],[14.1037,55.7485],[14.1106,55.7478],[14.1154,55.7395],[14.1063,55.7391]]]}},{"type":"Feature","properties":{"code":"1292","name":"Ängelholm"},"geometry":{"type":"Polygon","coordinates":[[[12.8143,56.2456],[12.7999,56.2336],[12.7856,56.2277],[12.7853,56.2178],[12.7963,56.2144],[12.7991,56.2091],[12.7933,56.202],[12.7883,56.2033],[12.7768,56.1923],[12.7933,56.1886],[12.8068,56.1894],[12.8165,56.1935],[12.8286,56.1923],[12.8315,56.1902],[12.8271,56.1822],[12.7924,56.1677],[12.8047,56.1574],[12.803,56.1507],[12.8099,56.1445],[12.8209,56.1381],[12.8202,56.1334],[12.8263,56.1265],[12.8309,56.1289],[12.839,56.1285],[12.8457,56.1282],[12.855,56.1328],[12.8732,56.1333],[12.873,56.1375],[12.8825,56.1392],[12.8824,56.1421],[12.8966,56.1426],[12.8983,56.137],[12.9062,56.1387],[12.9144,56.1381],[12.9289,56.1409],[12.9373,56.144],[12.9421,56.1489],[12.9486,56.149],[12.9495,56.1534],[12.9488,56.1601],[12.9559,56.1648],[12.9556,56.1722],[12.9626,56.1738],[12.9628,56.1784],[12.9817,56.1786],[12.9933,56.1797],[13.0125,56.1874],[13.006,56.1928],[13.0061,56.1966],[12.9978,56.198],[12.9889,56.1967],[12.9814,56.1993],[12.987,56.2077],[12.9976,56.2111],[13.003,56.2079],[13.0079,56.2101],[13.0164,56.2057],[13.0185,56.2097],[13.0424,56.2123],[13.0556,56.2072],[13.0656,56.2081],[13.0721,56.2134],[13.0799,56.2133],[13.0882,56.2184],[13.0994,56.2219],[13.1056,56.2263],[13.1206,56.2315],[13.1285,56.2392],[13.1225,56.2439],[13.1428,56.2504],[13.1472,56.2527],[13.136,56.2565],[13.1177,56.2586],[13.1249,56.264],[13.1349,56.2625],[13.1465,56.2667],[13.1721,56.2827],[13.1893,56.2999],[13.1958,56.3082],[13.1983,56.3165],[13.196,56.3241],[13.188,56.3255],[13.1859,56.3329],[13.1812,56.3401],[13.1724,56.3429],[13.1526,56.3518],[13.1309,56.3558],[13.1093,56.3538],[13.0746,56.3518],[13.0665,56.3531],[13.0636,56.354],[13.0599,56.354],[13.0564,56.3545],[13.0489,56.3554],[13.037,56.3549],[12.9921,56.3572],[12.981,56.3583],[12.9744,56.3668],[12.9675,56.3684],[12.9498,56.3693],[12.9524,56.3743],[12.9605,56.3823],[12.9524,56.3743],[12.9488,56.3676],[12.9198,56.3635],[12.8949,56.3745],[12.8884,56.3781],[12.8797,56.3772],[12.8798,56.3749],[12.8937,56.3675],[12.8878,56.3608],[12.8791,56.3574],[12.8703,56.3561],[12.8689,56.3506],[12.862,56.3456],[12.8594,56.3361],[12.8387,56.336],[12.8363,56.3342],[12.8335,56.3231],[12.8265,56.3221],[12.811,56.3259],[12.8099,56.3283],[12.7839,56.327],[12.7818,56.3193],[12.7759,56.321],[12.7685,56.3197],[12.7595,56.3218],[12.7453,56.3204],[12.7503,56.3046],[12.7542,56.3019],[12.7608,56.2974],[12.7792,56.2937],[12.8003,56.2835],[12.8108,56.2824],[12.8153,56.2797],[12.8229,56.2752],[12.8263,56.2667],[12.8261,56.2616],[12.8221,56.2541],[12.8143,56.2456]]]}},{"type":"Feature","properties":{"code":"1293","name":"Hässleholm"},"geometry":{"type":"Polygon","coordinates":[[[14.0142,56.1564],[14.007,56.1591],[14.0192,56.1653],[14.0154,56.1723],[14.0143,56.1759],[13.9926,56.1746],[13.988,56.1796],[13.9931,56.1827],[13.9928,56.1866],[13.9759,56.1956],[13.9805,56.2001],[13.9809,56.2098],[13.9773,56.2143],[13.9782,56.2237],[13.9695,56.2368],[13.9823,56.248],[13.9859,56.2528],[13.9727,56.2544],[13.9995,56.2642],[14.0044,56.2679],[14.0003,56.2765],[14.0127,56.2795],[14.0088,56.2829],[14.0002,56.2844],[13.9912,56.2779],[13.9846,56.2802],[13.984,56.2869],[13.9926,56.2939],[13.9915,56.3062],[13.9894,56.3141],[13.9886,56.3171],[13.9715,56.3242],[13.9636,56.3257],[13.9592,56.3234],[13.9459,56.3253],[13.9339,56.3277],[13.9162,56.3193],[13.9319,56.3468],[13.9309,56.3528],[13.9342,56.3628],[13.9238,56.3601],[13.9109,56.366],[13.9031,56.3634],[13.8966,56.358],[13.8916,56.3607],[13.8918,56.3719],[13.9028,56.3766],[13.9025,56.3819],[13.8987,56.388],[13.9002,56.3904],[13.8925,56.4008],[13.8852,56.4025],[13.8612,56.3917],[13.8456,56.3895],[13.8434,56.3956],[13.8291,56.3892],[13.8171,56.382],[13.7991,56.3923],[13.7912,56.3938],[13.7728,56.3931],[13.7617,56.3899],[13.7532,56.3858],[13.7459,56.4024],[13.7244,56.4068],[13.7162,56.4046],[13.7105,56.4098],[13.703,56.4231],[13.6964,56.4246],[13.6887,56.4247],[13.6482,56.4184],[13.628,56.4181],[13.6023,56.4121],[13.5969,56.4158],[13.5806,56.409],[13.5778,56.4061],[13.5791,56.3951],[13.523,56.3765],[13.5209,56.3746],[13.51,56.3543],[13.5087,56.3503],[13.4961,56.3466],[13.506,56.3308],[13.512,56.3131],[13.5154,56.3072],[13.4973,56.3023],[13.5029,56.2936],[13.493,56.2917],[13.4902,56.2981],[13.4829,56.3035],[13.467,56.3053],[13.4599,56.3072],[13.4554,56.3053],[13.4533,56.2996],[13.4447,56.2921],[13.4316,56.2911],[13.4321,56.2777],[13.4226,56.2664],[13.4179,56.266],[13.4276,56.2502],[13.4444,56.2352],[13.4664,56.2105],[13.4513,56.1921],[13.4541,56.1745],[13.4685,56.1642],[13.4616,56.1595],[13.4632,56.1413],[13.4614,56.1402],[13.4569,56.1332],[13.4462,56.1325],[13.4464,56.1253],[13.4391,56.1193],[13.4381,56.113],[13.4268,56.103],[13.4278,56.1004],[13.4352,56.0957],[13.4469,56.0929],[13.449,56.0894],[13.4591,56.0922],[13.4693,56.086],[13.489,56.0809],[13.4969,56.0832],[13.5054,56.0886],[13.5183,56.0932],[13.5225,56.0887],[13.5416,56.0885],[13.5594,56.0859],[13.5687,56.071],[13.5621,56.0616],[13.5854,56.0542],[13.5839,56.0476],[13.6335,56.0389],[13.6408,56.0447],[13.6495,56.0376],[13.6415,56.0308],[13.6579,56.0343],[13.6589,56.0279],[13.6486,56.0205],[13.6585,56.0169],[13.6606,56.0118],[13.6704,56.0037],[13.6517,55.996],[13.6592,55.983],[13.6445,55.9804],[13.6435,55.9772],[13.6261,55.9773],[13.6221,55.9726],[13.621,55.9639],[13.6203,55.9559],[13.626,55.954],[13.6444,55.9531],[13.6572,55.9597],[13.6668,55.9608],[13.6847,55.9565],[13.6999,55.9568],[13.7113,55.961],[13.7131,55.9567],[13.7231,55.9494],[13.7497,55.9416],[13.7574,55.9465],[13.7636,55.9538],[13.7771,55.9605],[13.7798,55.9647],[13.7583,55.9741],[13.7649,55.9825],[13.7739,55.9871],[13.7742,55.9945],[13.7825,55.9976],[13.789,56.0062],[13.8031,56.0116],[13.8107,56.0267],[13.8226,56.0301],[13.8297,56.027],[13.8377,56.016],[13.8556,56.0153],[13.8598,56.0237],[13.8592,56.0268],[13.8834,56.0235],[13.887,56.0208],[13.9126,56.0381],[13.9198,56.0393],[13.9298,56.0502],[13.9498,56.0634],[13.9704,56.0791],[13.9702,56.0896],[13.9781,56.0857],[13.9812,56.0896],[13.9915,56.092],[13.995,56.0958],[13.9972,56.107],[13.9979,56.1231],[14.0032,56.1372],[14.0142,56.1564]]]}},{"type":"Feature","properties":{"code":"1315","name":"Hylte"},"geometry":{"type":"Polygon","coordinates":[[[13.1509,56.8884],[13.1559,56.8835],[13.172,56.8808],[13.1787,56.8744],[13.1617,56.8499],[13.1561,56.8398],[13.1582,56.8363],[13.1631,56.8272],[13.1807,56.826],[13.185,56.8299],[13.1927,56.83],[13.202,56.8357],[13.2131,56.8323],[13.24,56.8411],[13.2433,56.848],[13.2555,56.847],[13.262,56.853],[13.2666,56.8529],[13.2806,56.843],[13.2864,56.8373],[13.2971,56.8309],[13.2982,56.8237],[13.3246,56.8329],[13.3379,56.8382],[13.3399,56.85],[13.3315,56.8619],[13.3355,56.8701],[13.344,56.8728],[13.3462,56.8639],[13.352,56.8636],[13.359,56.8573],[13.3728,56.8627],[13.3904,56.8671],[13.3963,56.8671],[13.4065,56.8708],[13.4322,56.869],[13.4366,56.8718],[13.4437,56.8798],[13.4528,56.8794],[13.4715,56.8756],[13.4735,56.8711],[13.4867,56.8711],[13.5048,56.8776],[13.5218,56.8879],[13.5299,56.8913],[13.5365,56.8913],[13.5438,56.8869],[13.5552,56.8928],[13.5766,56.8893],[13.5902,56.8922],[13.6036,56.8972],[13.6182,56.9086],[13.6234,56.9076],[13.662,56.9136],[13.666,56.9209],[13.6874,56.9268],[13.6849,56.9318],[13.6889,56.9371],[13.6822,56.9397],[13.6841,56.9449],[13.6892,56.9462],[13.6936,56.9635],[13.6807,56.9721],[13.667,56.9801],[13.6642,56.9846],[13.6564,56.984],[13.6477,56.9877],[13.6304,56.9862],[13.6269,56.9914],[13.629,56.994],[13.6162,56.9999],[13.6135,57.003],[13.6025,57.0084],[13.5955,57.0153],[13.6026,57.024],[13.5934,57.0302],[13.5855,57.0326],[13.5989,57.0369],[13.6079,57.042],[13.6024,57.0461],[13.6057,57.0506],[13.6036,57.0597],[13.5989,57.0633],[13.5824,57.0652],[13.5737,57.0628],[13.5688,57.0655],[13.5742,57.07],[13.5464,57.0794],[13.535,57.0815],[13.5273,57.0874],[13.5054,57.0851],[13.5046,57.0738],[13.5009,57.0735],[13.4897,57.0855],[13.5008,57.0898],[13.4959,57.0949],[13.4972,57.1045],[13.4939,57.1108],[13.489,57.1138],[13.4725,57.1078],[13.469,57.1026],[13.4608,57.0993],[13.4508,57.105],[13.4424,57.1068],[13.44,57.1104],[13.4237,57.1129],[13.387,57.1139],[13.3861,57.1108],[13.366,57.1137],[13.3514,57.1133],[13.3428,57.1092],[13.3249,57.1047],[13.3207,57.1024],[13.3107,57.1019],[13.3,57.1037],[13.2893,57.1034],[13.2856,57.0996],[13.2745,57.0933],[13.2538,57.0893],[13.2325,57.0978],[13.2266,57.0948],[13.2334,57.0902],[13.2239,57.0837],[13.2337,57.0791],[13.2294,57.0768],[13.2176,57.0759],[13.2064,57.071],[13.2009,57.0722],[13.1867,57.0642],[13.1799,57.0668],[13.1719,57.0549],[13.1619,57.0515],[13.1681,57.0485],[13.1898,57.0579],[13.1964,57.0508],[13.1898,57.0487],[13.1787,57.0481],[13.1656,57.0411],[13.1563,57.0374],[13.145,57.0376],[13.1367,57.0346],[13.1333,57.0271],[13.1221,57.0268],[13.118,57.0333],[13.1219,57.0355],[13.1133,57.0408],[13.1145,57.047],[13.1218,57.0536],[13.1164,57.0632],[13.107,57.0656],[13.0991,57.0701],[13.0945,57.0757],[13.0874,57.078],[13.0812,57.0836],[13.0896,57.0861],[13.0848,57.0937],[13.0791,57.0989],[13.0628,57.0945],[13.0664,57.0909],[13.0589,57.0869],[13.0393,57.0876],[13.0238,57.0819],[13.0252,57.0803],[13.0141,57.0565],[13.0098,57.0506],[13.0168,57.0471],[13.0027,57.0411],[12.9808,57.0477],[12.9721,57.047],[12.9719,57.051],[12.9547,57.0447],[12.9423,57.047],[12.9381,57.0511],[12.9439,57.0574],[12.9367,57.0583],[12.9187,57.0542],[12.9203,57.0504],[12.9081,57.0428],[12.9145,57.0372],[12.9003,57.027],[12.8986,57.0211],[12.8829,57.0183],[12.8705,57.0234],[12.8597,57.0226],[12.8454,57.0151],[12.8513,57.0041],[12.8456,57.0017],[12.8348,57.0027],[12.8328,56.9955],[12.8247,56.9915],[12.825,56.9882],[12.821,56.9826],[12.8227,56.9749],[12.8386,56.9655],[12.8478,56.9689],[12.8576,56.9668],[12.8642,56.9712],[12.8699,56.969],[12.8734,56.9641],[12.8685,56.9599],[12.8689,56.9559],[12.8807,56.9584],[12.8913,56.9546],[12.9,56.9576],[12.9116,56.9578],[12.9162,56.9492],[12.9119,56.9433],[12.9196,56.941],[12.9335,56.9444],[12.9429,56.9269],[12.9421,56.9223],[12.9727,56.9238],[12.9757,56.9194],[12.982,56.916],[13.0026,56.9151],[13.0055,56.9119],[13.0008,56.8995],[13.0074,56.8954],[13.0041,56.8879],[12.9997,56.8878],[13.0014,56.8751],[12.9989,56.873],[13.0011,56.8653],[13.0153,56.8613],[13.0314,56.8542],[13.0354,56.8507],[13.0345,56.8435],[13.0431,56.8411],[13.0537,56.8417],[13.0674,56.8442],[13.0744,56.851],[13.0761,56.8581],[13.0876,56.8659],[13.0961,56.868],[13.1036,56.8648],[13.1127,56.8677],[13.118,56.8738],[13.1181,56.8844],[13.1213,56.8876],[13.1372,56.8921],[13.1509,56.8884]]]}},{"type":"Feature","properties":{"code":"1380","name":"Halmstad"},"geometry":{"type":"Polygon","coordinates":[[[12.7374,56.8446],[12.7304,56.8457],[12.7271,56.842],[12.7033,56.8294],[12.695,56.827],[12.6939,56.8242],[12.6843,56.8207],[12.6825,56.8135],[12.6752,56.8153],[12.6659,56.8147],[12.6598,56.811],[12.6524,56.8008],[12.6462,56.8059],[12.642,56.8024],[12.6299,56.8031],[12.6318,56.7978],[12.6431,56.7945],[12.6316,56.7847],[12.6266,56.7854],[12.6147,56.778],[12.6051,56.7772],[12.622,56.7262],[12.6284,56.7069],[12.6389,56.6958],[12.6537,56.6837],[12.7126,56.6343],[12.7461,56.6355],[12.8021,56.6374],[12.8262,56.6382],[12.8351,56.6312],[12.865,56.6075],[12.8767,56.598],[12.9322,56.553],[12.9448,56.5536],[12.9682,56.5482],[12.974,56.5424],[12.9876,56.5568],[12.9964,56.5592],[13.0066,56.5677],[13.0093,56.5731],[13.0215,56.5752],[13.0161,56.585],[13.025,56.5906],[13.0283,56.5947],[13.0574,56.6011],[13.0757,56.6078],[13.0928,56.613],[13.1014,56.6145],[13.1128,56.6216],[13.13,56.6306],[13.1344,56.625],[13.1418,56.6245],[13.1478,56.6289],[13.1616,56.6324],[13.1642,56.6343],[13.1659,56.6461],[13.1641,56.6503],[13.1887,56.6508],[13.1963,56.654],[13.1891,56.6625],[13.1809,56.6637],[13.1751,56.6668],[13.1732,56.6729],[13.1898,56.6769],[13.2046,56.6761],[13.2252,56.6762],[13.2493,56.6753],[13.2597,56.6764],[13.278,56.6801],[13.2885,56.6791],[13.2913,56.6836],[13.2984,56.6876],[13.3078,56.6855],[13.3159,56.6923],[13.3172,56.7036],[13.325,56.7092],[13.3171,56.7195],[13.3165,56.7303],[13.3183,56.74],[13.3197,56.7614],[13.3189,56.7822],[13.315,56.7939],[13.3049,56.804],[13.2982,56.8237],[13.2971,56.8309],[13.2864,56.8373],[13.2806,56.843],[13.2666,56.8529],[13.262,56.853],[13.2555,56.847],[13.2433,56.848],[13.24,56.8411],[13.2131,56.8323],[13.202,56.8357],[13.1927,56.83],[13.185,56.8299],[13.1807,56.826],[13.1631,56.8272],[13.1582,56.8363],[13.1561,56.8398],[13.1617,56.8499],[13.1787,56.8744],[13.172,56.8808],[13.1559,56.8835],[13.1509,56.8884],[13.1372,56.8921],[13.1213,56.8876],[13.1181,56.8844],[13.118,56.8738],[13.1127,56.8677],[13.1036,56.8648],[13.0961,56.868],[13.0876,56.8659],[13.0761,56.8581],[13.0744,56.851],[13.0674,56.8442],[13.0537,56.8417],[13.0431,56.8411],[13.0345,56.8435],[13.0354,56.8507],[13.0314,56.8542],[13.0153,56.8613],[13.0011,56.8653],[12.9989,56.873],[13.0014,56.8751],[12.9997,56.8878],[13.0041,56.8879],[13.0074,56.8954],[13.0008,56.8995],[13.0055,56.9119],[13.0026,56.9151],[12.982,56.916],[12.9757,56.9194],[12.9727,56.9238],[12.9421,56.9223],[12.9429,56.9269],[12.9335,56.9444],[12.9196,56.941],[12.9119,56.9433],[12.8953,56.9336],[12.8922,56.9293],[12.8938,56.9252],[12.8859,56.9164],[12.8794,56.9143],[12.8782,56.9105],[12.871,56.9039],[12.8732,56.8947],[12.8672,56.8921],[12.8682,56.8846],[12.8736,56.8806],[12.8719,56.8739],[12.865,56.8771],[12.8595,56.8741],[12.8492,56.8725],[12.8509,56.8695],[12.8277,56.8726],[12.8019,56.8637],[12.7821,56.8604],[12.7823,56.8581],[12.8107,56.8617],[12.8234,56.8657],[12.8407,56.8673],[12.8506,56.8622],[12.8416,56.8558],[12.8318,56.8539],[12.8132,56.8529],[12.8074,56.8554],[12.7709,56.8557],[12.7583,56.8603],[12.7531,56.8581],[12.7467,56.8516],[12.7439,56.8453],[12.7374,56.8446]]]}},{"type":"Feature","properties":{"code":"1381","name":"Laholm"},"geometry":{"type":"Polygon","coordinates":[[[13.3078,56.6855],[13.2984,56.6876],[13.2913,56.6836],[13.2885,56.6791],[13.278,56.6801],[13.2597,56.6764],[13.2493,56.6753],[13.2252,56.6762],[13.2046,56.6761],[13.1898,56.6769],[13.1732,56.6729],[13.1751,56.6668],[13.1809,56.6637],[13.1891,56.6625],[13.1963,56.654],[13.1887,56.6508],[13.1641,56.6503],[13.1659,56.6461],[13.1642,56.6343],[13.1616,56.6324],[13.1478,56.6289],[13.1418,56.6245],[13.1344,56.625],[13.13,56.6306],[13.1128,56.6216],[13.1014,56.6145],[13.0928,56.613],[13.0757,56.6078],[13.0574,56.6011],[13.0283,56.5947],[13.025,56.5906],[13.0161,56.585],[13.0215,56.5752],[13.0093,56.5731],[13.0066,56.5677],[12.9964,56.5592],[12.9876,56.5568],[12.974,56.5424],[12.9682,56.5482],[12.9448,56.5536],[12.9322,56.553],[12.9178,56.5523],[12.7971,56.5522],[12.8152,56.5332],[12.8506,56.496],[12.8908,56.4537],[12.8955,56.4495],[12.9301,56.4419],[12.9409,56.4395],[12.9543,56.4414],[12.9524,56.4311],[12.9658,56.4277],[12.9625,56.418],[12.9578,56.4134],[12.9685,56.4115],[12.9605,56.4053],[12.9589,56.3941],[12.968,56.389],[12.9605,56.3823],[12.9524,56.3743],[12.9498,56.3693],[12.9675,56.3684],[12.9744,56.3668],[12.981,56.3583],[12.9921,56.3572],[13.037,56.3549],[13.0489,56.3554],[13.0564,56.3545],[13.0599,56.354],[13.0636,56.354],[13.0665,56.3531],[13.0746,56.3518],[13.1093,56.3538],[13.1309,56.3558],[13.1526,56.3518],[13.1724,56.3429],[13.1812,56.3401],[13.1859,56.3329],[13.188,56.3255],[13.196,56.3241],[13.2164,56.3272],[13.2235,56.3299],[13.2288,56.3325],[13.2526,56.3494],[13.2553,56.3529],[13.2515,56.3577],[13.2927,56.3804],[13.2969,56.3811],[13.305,56.3852],[13.3172,56.3875],[13.339,56.3887],[13.3468,56.3904],[13.3753,56.4091],[13.3858,56.4144],[13.396,56.4145],[13.4393,56.4191],[13.4552,56.4244],[13.4641,56.4304],[13.4673,56.4318],[13.4629,56.4459],[13.4646,56.4476],[13.4499,56.468],[13.4498,56.4722],[13.4543,56.4884],[13.4546,56.4971],[13.4648,56.514],[13.4613,56.521],[13.4596,56.528],[13.4523,56.5409],[13.4402,56.5541],[13.4399,56.5713],[13.4178,56.5776],[13.4088,56.5881],[13.4025,56.5925],[13.4043,56.5949],[13.3976,56.6088],[13.3973,56.6158],[13.3805,56.6356],[13.3767,56.6437],[13.3641,56.6651],[13.3283,56.6877],[13.3235,56.6863],[13.3132,56.6879],[13.3078,56.6855]]]}},{"type":"Feature","properties":{"code":"1382","name":"Falkenberg"},"geometry":{"type":"Polygon","coordinates":[[[12.4434,56.8817],[12.4621,56.8784],[12.4834,56.8747],[12.5121,56.8697],[12.5295,56.8544],[12.5549,56.832],[12.5614,56.8263],[12.6026,56.7869],[12.6051,56.7772],[12.6147,56.778],[12.6266,56.7854],[12.6316,56.7847],[12.6431,56.7945],[12.6318,56.7978],[12.6299,56.8031],[12.642,56.8024],[12.6462,56.8059],[12.6524,56.8008],[12.6598,56.811],[12.6659,56.8147],[12.6752,56.8153],[12.6825,56.8135],[12.6843,56.8207],[12.6939,56.8242],[12.695,56.827],[12.7033,56.8294],[12.7271,56.842],[12.7304,56.8457],[12.7374,56.8446],[12.7439,56.8453],[12.7467,56.8516],[12.7531,56.8581],[12.7583,56.8603],[12.7709,56.8557],[12.8074,56.8554],[12.8132,56.8529],[12.8318,56.8539],[12.8416,56.8558],[12.8506,56.8622],[12.8407,56.8673],[12.8234,56.8657],[12.8107,56.8617],[12.7823,56.8581],[12.7821,56.8604],[12.8019,56.8637],[12.8277,56.8726],[12.8509,56.8695],[12.8492,56.8725],[12.8595,56.8741],[12.865,56.8771],[12.8719,56.8739],[12.8736,56.8806],[12.8682,56.8846],[12.8672,56.8921],[12.8732,56.8947],[12.871,56.9039],[12.8782,56.9105],[12.8794,56.9143],[12.8859,56.9164],[12.8938,56.9252],[12.8922,56.9293],[12.8953,56.9336],[12.9119,56.9433],[12.9162,56.9492],[12.9116,56.9578],[12.9,56.9576],[12.8913,56.9546],[12.8807,56.9584],[12.8689,56.9559],[12.8685,56.9599],[12.8734,56.9641],[12.8699,56.969],[12.8642,56.9712],[12.8576,56.9668],[12.8478,56.9689],[12.8386,56.9655],[12.8227,56.9749],[12.821,56.9826],[12.825,56.9882],[12.8247,56.9915],[12.8328,56.9955],[12.8348,57.0027],[12.8456,57.0017],[12.8513,57.0041],[12.8454,57.0151],[12.8597,57.0226],[12.8705,57.0234],[12.8829,57.0183],[12.8986,57.0211],[12.9003,57.027],[12.9145,57.0372],[12.9081,57.0428],[12.9203,57.0504],[12.9187,57.0542],[12.9367,57.0583],[12.9439,57.0574],[12.9381,57.0511],[12.9423,57.047],[12.9547,57.0447],[12.9719,57.051],[12.9721,57.047],[12.9808,57.0477],[13.0027,57.0411],[13.0168,57.0471],[13.0098,57.0506],[13.0141,57.0565],[13.0252,57.0803],[13.0238,57.0819],[13.0393,57.0876],[13.0589,57.0869],[13.0664,57.0909],[13.0628,57.0945],[13.0791,57.0989],[13.0899,57.1056],[13.0846,57.1127],[13.0935,57.1204],[13.0905,57.123],[13.0991,57.1285],[13.0911,57.1291],[13.0817,57.1248],[13.0807,57.1323],[13.1003,57.1456],[13.094,57.1515],[13.0974,57.1579],[13.0753,57.1563],[13.0718,57.1512],[13.0598,57.1472],[13.0513,57.1487],[13.0454,57.1555],[13.0375,57.1541],[13.0266,57.155],[13.0209,57.1575],[13.0225,57.1666],[13.0317,57.1751],[13.0391,57.1779],[13.0215,57.1813],[13.0083,57.1813],[12.9996,57.1773],[12.9887,57.1813],[12.9856,57.1788],[12.974,57.1832],[12.9688,57.1792],[12.9603,57.177],[12.9474,57.1783],[12.9347,57.1742],[12.9208,57.1756],[12.9122,57.1806],[12.9108,57.184],[12.915,57.1872],[12.916,57.1935],[12.9198,57.197],[12.9203,57.2023],[12.9144,57.2198],[12.9254,57.2283],[12.935,57.2275],[12.9391,57.2314],[12.9542,57.2412],[12.9503,57.2478],[12.9447,57.2474],[12.9306,57.2521],[12.9277,57.2576],[12.9336,57.2612],[12.9213,57.2646],[12.9061,57.2704],[12.9016,57.2678],[12.8938,57.2703],[12.8819,57.2715],[12.8608,57.2656],[12.8514,57.2679],[12.8361,57.2697],[12.8269,57.2777],[12.817,57.2934],[12.8075,57.3011],[12.7791,57.2843],[12.7795,57.2805],[12.7628,57.2734],[12.7636,57.2701],[12.7542,57.268],[12.7405,57.2674],[12.7152,57.2515],[12.7078,57.2466],[12.6864,57.2363],[12.6731,57.2286],[12.6672,57.232],[12.6563,57.2252],[12.6412,57.2256],[12.6335,57.2176],[12.6338,57.2143],[12.6235,57.2095],[12.6228,57.1991],[12.6253,57.1929],[12.6328,57.1908],[12.6372,57.1858],[12.6297,57.1825],[12.63,57.1787],[12.6444,57.1717],[12.6491,57.1659],[12.6362,57.1591],[12.6309,57.1612],[12.6143,57.1536],[12.6193,57.1369],[12.6131,57.1301],[12.5846,57.1161],[12.576,57.1092],[12.5772,57.1036],[12.5767,57.0853],[12.5827,57.0765],[12.5995,57.0664],[12.591,57.063],[12.5732,57.0537],[12.5774,57.0494],[12.5877,57.0453],[12.6021,57.0414],[12.6038,57.0322],[12.6094,57.0291],[12.6091,57.024],[12.5781,57.019],[12.5739,57.0151],[12.5589,57.018],[12.5505,57.018],[12.5498,57.0126],[12.5429,57.0013],[12.534,56.9989],[12.527,56.9934],[12.5104,56.9971],[12.517,57.001],[12.4872,57.0056],[12.4842,57.0097],[12.4886,57.0152],[12.483,57.0161],[12.4567,57.013],[12.4534,57.0074],[12.4273,57.0121],[12.4265,57.0098],[12.3962,56.9979],[12.3897,56.9967],[12.3815,56.9958],[12.3726,56.9954],[12.3562,56.9905],[12.2605,56.9864],[12.2597,56.9864],[12.374,56.9012],[12.3814,56.8957],[12.4008,56.8913],[12.4434,56.8817]]]}},{"type":"Feature","properties":{"code":"1383","name":"Varberg"},"geometry":{"type":"Polygon","coordinates":[[[12.7628,57.2734],[12.7523,57.2774],[12.7445,57.286],[12.7419,57.2957],[12.7379,57.3024],[12.7327,57.3025],[12.7029,57.314],[12.7064,57.3187],[12.7055,57.3235],[12.6932,57.3293],[12.6753,57.33],[12.6691,57.3385],[12.6553,57.3414],[12.6517,57.3359],[12.639,57.3317],[12.6225,57.3319],[12.6246,57.3423],[12.6092,57.3467],[12.6033,57.3455],[12.599,57.3423],[12.5924,57.3431],[12.5896,57.3388],[12.5798,57.3337],[12.56,57.3303],[12.5588,57.3212],[12.5372,57.3195],[12.5335,57.3138],[12.5295,57.3027],[12.5191,57.2973],[12.5119,57.2882],[12.5046,57.2811],[12.4977,57.2822],[12.4958,57.2867],[12.4817,57.2791],[12.4619,57.2754],[12.4558,57.2795],[12.4506,57.2733],[12.4302,57.2694],[12.4291,57.2774],[12.4297,57.2831],[12.4257,57.2874],[12.424,57.2971],[12.4256,57.3054],[12.4211,57.3071],[12.4322,57.315],[12.4265,57.3225],[12.4175,57.3196],[12.3975,57.3287],[12.3896,57.337],[12.393,57.3404],[12.3854,57.3437],[12.387,57.3515],[12.374,57.3454],[12.3523,57.3349],[12.3463,57.3343],[12.3391,57.3303],[12.333,57.3225],[12.3144,57.3093],[12.2883,57.3025],[12.2745,57.3005],[12.2685,57.3024],[12.2391,57.3132],[12.2266,57.3162],[12.2179,57.3154],[12.2156,57.3223],[12.2057,57.3215],[12.1886,57.3142],[12.1792,57.3113],[12.1721,57.3123],[12.1544,57.3036],[12.1453,57.3031],[12.1413,57.3122],[12.135,57.3214],[12.1305,57.3224],[12.1045,57.3285],[12.0658,57.3257],[12.0391,57.318],[12.0263,57.3118],[12.0252,57.3113],[12.0653,57.239],[12.0832,57.2067],[12.1095,57.172],[12.1408,57.1288],[12.1818,57.0798],[12.212,57.0434],[12.2242,57.0285],[12.2447,57.0037],[12.2584,56.9873],[12.2605,56.9864],[12.3562,56.9905],[12.3726,56.9954],[12.3815,56.9958],[12.3897,56.9967],[12.3962,56.9979],[12.4265,57.0098],[12.4273,57.0121],[12.4534,57.0074],[12.4567,57.013],[12.483,57.0161],[12.4886,57.0152],[12.4842,57.0097],[12.4872,57.0056],[12.517,57.001],[12.5104,56.9971],[12.527,56.9934],[12.534,56.9989],[12.5429,57.0013],[12.5498,57.0126],[12.5505,57.018],[12.5589,57.018],[12.5739,57.0151],[12.5781,57.019],[12.6091,57.024],[12.6094,57.0291],[12.6038,57.0322],[12.6021,57.0414],[12.5877,57.0453],[12.5774,57.0494],[12.5732,57.0537],[12.591,57.063],[12.5995,57.0664],[12.5827,57.0765],[12.5767,57.0853],[12.5772,57.1036],[12.576,57.1092],[12.5846,57.1161],[12.6131,57.1301],[12.6193,57.1369],[12.6143,57.1536],[12.6309,57.1612],[12.6362,57.1591],[12.6491,57.1659],[12.6444,57.1717],[12.63,57.1787],[12.6297,57.1825],[12.6372,57.1858],[12.6328,57.1908],[12.6253,57.1929],[12.6228,57.1991],[12.6235,57.2095],[12.6338,57.2143],[12.6335,57.2176],[12.6412,57.2256],[12.6563,57.2252],[12.6672,57.232],[12.6731,57.2286],[12.6864,57.2363],[12.7078,57.2466],[12.7152,57.2515],[12.7405,57.2674],[12.7542,57.268],[12.7636,57.2701],[12.7628,57.2734]]]}},{"type":"Feature","properties":{"code":"1384","name":"Kungsbacka"},"geometry":{"type":"Polygon","coordinates":[[[12.1305,57.3224],[12.135,57.3214],[12.1413,57.3122],[12.1453,57.3031],[12.1544,57.3036],[12.1721,57.3123],[12.1792,57.3113],[12.1886,57.3142],[12.2057,57.3215],[12.2156,57.3223],[12.2179,57.3154],[12.2266,57.3162],[12.2391,57.3132],[12.2685,57.3024],[12.2745,57.3005],[12.2883,57.3025],[12.3144,57.3093],[12.333,57.3225],[12.3391,57.3303],[12.3463,57.3343],[12.3523,57.3349],[12.374,57.3454],[12.387,57.3515],[12.391,57.3608],[12.396,57.3812],[12.4092,57.3934],[12.4111,57.3978],[12.4176,57.3986],[12.4174,57.4063],[12.4073,57.4111],[12.4055,57.4147],[12.4118,57.4171],[12.4082,57.4205],[12.4068,57.429],[12.4023,57.4362],[12.39,57.44],[12.3895,57.443],[12.3802,57.4456],[12.3765,57.4493],[12.3665,57.4493],[12.3583,57.4528],[12.3455,57.4505],[12.3377,57.4511],[12.331,57.4549],[12.324,57.4631],[12.3341,57.4748],[12.3444,57.4864],[12.3409,57.4935],[12.3254,57.5076],[12.313,57.5163],[12.3116,57.521],[12.326,57.5478],[12.3388,57.5596],[12.341,57.5617],[12.3299,57.5666],[12.3195,57.5743],[12.3074,57.5811],[12.2831,57.5914],[12.2772,57.5975],[12.2514,57.5883],[12.2264,57.5809],[12.2079,57.5742],[12.1763,57.5669],[12.1385,57.5633],[12.1224,57.5617],[12.1033,57.5597],[12.1005,57.5618],[12.0872,57.5588],[12.0904,57.5541],[12.0531,57.5502],[12.049,57.5517],[12.0293,57.55],[12.0127,57.5457],[12.0071,57.5522],[11.9985,57.559],[11.9878,57.565],[11.9635,57.5622],[11.9579,57.564],[11.948,57.5624],[11.946,57.5618],[11.9248,57.5625],[11.9224,57.5637],[11.8978,57.5608],[11.8899,57.5622],[11.8813,57.56],[11.8556,57.5581],[11.8195,57.5565],[11.818,57.5564],[11.8059,57.5387],[11.7791,57.4997],[11.8215,57.4001],[11.8457,57.3651],[11.9185,57.2592],[12.0252,57.3113],[12.0263,57.3118],[12.0391,57.318],[12.0658,57.3257],[12.1045,57.3285],[12.1305,57.3224]]]}},{"type":"Feature","properties":{"code":"1401","name":"Härryda"},"geometry":{"type":"Polygon","coordinates":[[[12.1376,57.6877],[12.1286,57.6912],[12.1045,57.6831],[12.0887,57.6822],[12.0758,57.6839],[12.0567,57.6782],[12.0702,57.6716],[12.0716,57.6666],[12.0773,57.6597],[12.0822,57.659],[12.0743,57.6513],[12.0671,57.6512],[12.0797,57.6452],[12.075,57.6361],[12.0993,57.6318],[12.0972,57.6265],[12.1004,57.6232],[12.1123,57.6227],[12.1159,57.6271],[12.1318,57.629],[12.1356,57.6333],[12.1419,57.6342],[12.1492,57.6329],[12.1669,57.6344],[12.1684,57.6323],[12.1737,57.6296],[12.2098,57.6274],[12.2248,57.6266],[12.2709,57.6096],[12.2733,57.6058],[12.306,57.6116],[12.3091,57.6169],[12.3177,57.6178],[12.3426,57.6305],[12.3589,57.632],[12.369,57.6266],[12.3762,57.6174],[12.3745,57.613],[12.4014,57.6162],[12.4069,57.619],[12.4207,57.6181],[12.4323,57.614],[12.4598,57.5996],[12.4601,57.605],[12.4788,57.6106],[12.4834,57.6142],[12.4917,57.6158],[12.5105,57.6154],[12.5221,57.6207],[12.5506,57.6175],[12.5622,57.6198],[12.5593,57.6337],[12.5555,57.6357],[12.5445,57.6364],[12.5357,57.6473],[12.5246,57.645],[12.5257,57.652],[12.5221,57.6568],[12.5261,57.6617],[12.5176,57.6708],[12.5065,57.6825],[12.5006,57.6888],[12.5108,57.6985],[12.4913,57.7074],[12.4844,57.7096],[12.4799,57.7152],[12.485,57.7182],[12.4832,57.7216],[12.4755,57.7229],[12.4626,57.7221],[12.458,57.7185],[12.4516,57.7231],[12.4431,57.7246],[12.4276,57.7313],[12.4163,57.7298],[12.3944,57.7326],[12.3824,57.7342],[12.3679,57.7339],[12.3354,57.733],[12.3049,57.7316],[12.3031,57.7241],[12.2907,57.7298],[12.2814,57.7304],[12.2828,57.7236],[12.2755,57.7247],[12.2664,57.7291],[12.2559,57.7292],[12.2249,57.7276],[12.1993,57.7252],[12.1866,57.7209],[12.1706,57.714],[12.1627,57.7059],[12.1544,57.6996],[12.1452,57.6933],[12.1376,57.6877]]]}},{"type":"Feature","properties":{"code":"1402","name":"Partille"},"geometry":{"type":"Polygon","coordinates":[[[12.0703,57.7075],[12.0887,57.6822],[12.1045,57.6831],[12.1286,57.6912],[12.1376,57.6877],[12.1452,57.6933],[12.1544,57.6996],[12.1627,57.7059],[12.1706,57.714],[12.1866,57.7209],[12.1993,57.7252],[12.2249,57.7276],[12.1851,57.7355],[12.1801,57.7503],[12.1946,57.7533],[12.1951,57.7583],[12.1768,57.7733],[12.1737,57.776],[12.1641,57.7751],[12.114,57.7724],[12.0969,57.7655],[12.0798,57.7621],[12.0828,57.7556],[12.0793,57.7526],[12.0791,57.7446],[12.0794,57.7423],[12.0788,57.741],[12.077,57.7349],[12.0541,57.7339],[12.0557,57.7286],[12.0606,57.7215],[12.0609,57.7211],[12.0624,57.719],[12.0628,57.7184],[12.0703,57.7075]]]}},{"type":"Feature","properties":{"code":"1407","name":"Öckerö"},"geometry":{"type":"Polygon","coordinates":[[[11.5563,57.8065],[11.5575,57.8045],[11.58,57.7238],[11.5821,57.7163],[11.5938,57.6745],[11.6,57.6521],[11.6157,57.6516],[11.6313,57.6477],[11.6437,57.6519],[11.6636,57.6474],[11.6961,57.6547],[11.7042,57.6652],[11.7013,57.6692],[11.6979,57.6738],[11.6958,57.6905],[11.6909,57.7025],[11.6978,57.7136],[11.6983,57.7217],[11.7054,57.7314],[11.7185,57.7461],[11.7316,57.7711],[11.6799,57.7873],[11.6483,57.7914],[11.6145,57.8085],[11.584,57.809],[11.5647,57.8053],[11.5563,57.8065]]]}},{"type":"Feature","properties":{"code":"1415","name":"Stenungsund"},"geometry":{"type":"Polygon","coordinates":[[[12.0416,58.031],[12.039,58.04],[12.0445,58.0505],[12.0466,58.0588],[12.042,58.0625],[12.0403,58.0715],[12.0415,58.0785],[12.034,58.0857],[12.0413,58.0885],[12.0445,58.0934],[12.0372,58.1082],[12.036,58.1212],[12.0196,58.121],[11.9964,58.1327],[11.9866,58.1426],[11.9832,58.1499],[11.9762,58.151],[11.9297,58.1526],[11.926,58.1517],[11.9247,58.158],[11.9131,58.1572],[11.8741,58.159],[11.8642,58.1587],[11.8533,58.1602],[11.8473,58.153],[11.8379,58.1453],[11.8323,58.1284],[11.8347,58.1225],[11.8234,58.1146],[11.8054,58.117],[11.7874,58.1203],[11.7694,58.1104],[11.7572,58.1094],[11.7484,58.1057],[11.7545,58.1028],[11.7581,58.095],[11.7602,58.0827],[11.7581,58.0783],[11.7683,58.0718],[11.7779,58.071],[11.7843,58.0635],[11.7797,58.0566],[11.7821,58.0533],[11.7921,58.0487],[11.7874,58.0434],[11.7874,58.0378],[11.7951,58.0344],[11.789,58.0299],[11.7802,58.0145],[11.7764,58.008],[11.7585,57.9915],[11.7519,57.9854],[11.737,57.9788],[11.7496,57.9728],[11.7895,57.9715],[11.7899,57.9665],[11.8122,57.9687],[11.8308,57.9667],[11.8303,57.9638],[11.8383,57.9602],[11.8453,57.9614],[11.8592,57.9597],[11.8929,57.9657],[11.8973,57.9592],[11.9148,57.9576],[11.9231,57.9625],[11.9322,57.9629],[11.9476,57.9579],[11.93,57.9541],[11.9516,57.9532],[11.9598,57.9568],[11.9713,57.9564],[11.9768,57.9593],[11.9829,57.9621],[11.9932,57.9611],[11.9953,57.9666],[11.9927,57.9866],[11.9925,57.9882],[12.0114,58.0038],[12.0255,58.0061],[12.0309,58.011],[12.0416,58.031]]]}},{"type":"Feature","properties":{"code":"1419","name":"Tjörn"},"geometry":{"type":"Polygon","coordinates":[[[11.7216,57.9716],[11.737,57.9788],[11.7519,57.9854],[11.7585,57.9915],[11.7764,58.008],[11.7802,58.0145],[11.789,58.0299],[11.7951,58.0344],[11.7874,58.0378],[11.7874,58.0434],[11.7921,58.0487],[11.7821,58.0533],[11.7797,58.0566],[11.7843,58.0635],[11.7779,58.071],[11.7683,58.0718],[11.7581,58.0783],[11.7602,58.0827],[11.7581,58.095],[11.7545,58.1028],[11.7484,58.1057],[11.7424,58.1059],[11.728,58.0968],[11.7231,58.0866],[11.7155,58.0837],[11.694,58.099],[11.6824,58.0981],[11.6739,58.0958],[11.6654,58.1018],[11.658,58.0992],[11.6513,58.0998],[11.6473,58.0941],[11.6312,58.0908],[11.6218,58.0835],[11.598,58.0703],[11.5855,58.0779],[11.5589,58.0841],[11.5557,58.0725],[11.5484,58.0711],[11.5456,58.0672],[11.5287,58.0591],[11.51,58.0578],[11.5047,58.0529],[11.4954,58.052],[11.4612,58.0491],[11.3798,58.0491],[11.4272,57.9975],[11.4843,57.9686],[11.4183,57.8884],[11.4589,57.863],[11.4868,57.8819],[11.4943,57.886],[11.5346,57.908],[11.5342,57.9171],[11.6107,57.9181],[11.639,57.9185],[11.6777,57.9323],[11.6941,57.939],[11.6691,57.9507],[11.7098,57.9586],[11.7216,57.9716]]]}},{"type":"Feature","properties":{"code":"1421","name":"Orust"},"geometry":{"type":"Polygon","coordinates":[[[11.7564,58.3071],[11.7468,58.3089],[11.7228,58.3022],[11.7161,58.3086],[11.7101,58.3062],[11.6942,58.3062],[11.6914,58.3028],[11.6779,58.3008],[11.6738,58.2981],[11.673,58.2938],[11.678,58.2898],[11.6692,58.2809],[11.675,58.2767],[11.6772,58.2693],[11.6689,58.2557],[11.6611,58.257],[11.6485,58.2624],[11.6461,58.2581],[11.6385,58.2554],[11.6309,58.2561],[11.6099,58.247],[11.6089,58.2451],[11.5883,58.2388],[11.5818,58.2404],[11.5748,58.2332],[11.5594,58.2272],[11.5555,58.2342],[11.5418,58.2401],[11.531,58.2387],[11.5199,58.2407],[11.4951,58.2333],[11.4811,58.2297],[11.4776,58.2236],[11.4795,58.2144],[11.4667,58.2012],[11.4628,58.1911],[11.4576,58.1894],[11.4515,58.1822],[11.4418,58.1815],[11.4292,58.1831],[11.4018,58.1924],[11.3903,58.1868],[11.3526,58.1742],[11.3153,58.1742],[11.2764,58.0932],[11.3214,58.0496],[11.3798,58.0491],[11.4612,58.0491],[11.4954,58.052],[11.5047,58.0529],[11.51,58.0578],[11.5287,58.0591],[11.5456,58.0672],[11.5484,58.0711],[11.5557,58.0725],[11.5589,58.0841],[11.5855,58.0779],[11.598,58.0703],[11.6218,58.0835],[11.6312,58.0908],[11.6473,58.0941],[11.6513,58.0998],[11.658,58.0992],[11.6654,58.1018],[11.6739,58.0958],[11.6824,58.0981],[11.694,58.099],[11.7155,58.0837],[11.7231,58.0866],[11.728,58.0968],[11.7424,58.1059],[11.7484,58.1057],[11.7572,58.1094],[11.7694,58.1104],[11.7874,58.1203],[11.8054,58.117],[11.8234,58.1146],[11.8347,58.1225],[11.8323,58.1284],[11.8379,58.1453],[11.8473,58.153],[11.8533,58.1602],[11.856,58.1667],[11.8505,58.1781],[11.8508,58.1952],[11.8541,58.2074],[11.8651,58.2069],[11.8678,58.2138],[11.8509,58.2156],[11.8491,58.2247],[11.8518,58.2276],[11.8484,58.235],[11.842,58.2433],[11.8365,58.2469],[11.8374,58.2533],[11.8318,58.2575],[11.8311,58.2633],[11.8197,58.268],[11.8237,58.2748],[11.8186,58.279],[11.8079,58.2742],[11.8041,58.2686],[11.7876,58.2697],[11.7771,58.2755],[11.7753,58.2812],[11.761,58.2972],[11.7615,58.3007],[11.7564,58.3071]]]}},{"type":"Feature","properties":{"code":"1427","name":"Sotenäs"},"geometry":{"type":"Polygon","coordinates":[[[11.4659,58.4713],[11.4612,58.472],[11.4554,58.4784],[11.4487,58.4811],[11.4469,58.4857],[11.4569,58.4937],[11.4541,58.4985],[11.438,58.4983],[11.4374,58.5002],[11.414,58.4989],[11.3845,58.4925],[11.3643,58.4898],[11.342,58.4852],[11.3372,58.4855],[11.3207,58.4795],[11.3004,58.4751],[11.2925,58.4715],[11.2823,58.4701],[11.2738,58.4669],[11.2617,58.4655],[11.2402,58.4556],[11.2378,58.4516],[11.2377,58.4515],[11.236,58.4487],[11.2189,58.4489],[11.2141,58.4477],[11.1788,58.4478],[11.154,58.387],[11.1856,58.3307],[11.2183,58.3243],[11.2752,58.3177],[11.2879,58.2929],[11.3084,58.293],[11.322,58.3022],[11.3538,58.3169],[11.3538,58.3506],[11.3574,58.358],[11.3666,58.3635],[11.3708,58.371],[11.388,58.3843],[11.3877,58.3886],[11.4052,58.4023],[11.4163,58.4165],[11.4282,58.4234],[11.4326,58.4336],[11.4426,58.4436],[11.4563,58.4541],[11.4562,58.4582],[11.4659,58.4713]]]}},{"type":"Feature","properties":{"code":"1430","name":"Munkedal"},"geometry":{"type":"Polygon","coordinates":[[[11.5852,58.4329],[11.5928,58.4186],[11.5929,58.4038],[11.599,58.4006],[11.6192,58.3948],[11.6278,58.4027],[11.6472,58.4177],[11.6607,58.4236],[11.665,58.427],[11.6776,58.432],[11.6957,58.4316],[11.7014,58.426],[11.7051,58.4187],[11.7173,58.4204],[11.7489,58.427],[11.7704,58.4292],[11.766,58.4323],[11.777,58.4351],[11.7894,58.4417],[11.7996,58.4452],[11.8146,58.4421],[11.823,58.4358],[11.8407,58.4264],[11.872,58.43],[11.8791,58.4359],[11.8877,58.4382],[11.8974,58.4446],[11.8966,58.449],[11.9018,58.4514],[11.8953,58.4577],[11.8951,58.4648],[11.8798,58.4654],[11.8783,58.4691],[11.879,58.4808],[11.8864,58.4877],[11.8842,58.4908],[11.8745,58.492],[11.8754,58.4995],[11.86,58.5072],[11.8836,58.5092],[11.8843,58.5173],[11.8745,58.5199],[11.8613,58.5172],[11.8631,58.5244],[11.843,58.5326],[11.8435,58.5429],[11.8461,58.5528],[11.8548,58.5585],[11.8525,58.5727],[11.8492,58.5739],[11.8585,58.5822],[11.8558,58.5908],[11.8476,58.5931],[11.844,58.6036],[11.859,58.6113],[11.8611,58.6157],[11.8684,58.6221],[11.8815,58.6242],[11.8843,58.6298],[11.8974,58.6367],[11.9063,58.6401],[11.9093,58.6447],[11.9131,58.6595],[11.907,58.665],[11.9091,58.6715],[11.9221,58.6759],[11.9139,58.6954],[11.9058,58.7019],[11.9063,58.7061],[11.8997,58.7106],[11.8811,58.7128],[11.8703,58.7183],[11.852,58.7227],[11.844,58.7292],[11.8474,58.7425],[11.8414,58.754],[11.8211,58.749],[11.8131,58.753],[11.8032,58.7525],[11.7991,58.7557],[11.7988,58.7634],[11.7942,58.7651],[11.7946,58.7804],[11.7912,58.7884],[11.7919,58.795],[11.7859,58.7994],[11.7781,58.8083],[11.7561,58.819],[11.751,58.8168],[11.7356,58.8142],[11.7149,58.8147],[11.7109,58.8108],[11.7253,58.8002],[11.722,58.7864],[11.7245,58.7817],[11.721,58.776],[11.7234,58.7713],[11.7185,58.7603],[11.7104,58.7579],[11.7084,58.7419],[11.7048,58.7286],[11.6978,58.7229],[11.6976,58.7175],[11.701,58.7099],[11.687,58.7033],[11.6851,58.6982],[11.6939,58.6965],[11.6805,58.6897],[11.6786,58.6721],[11.6851,58.6709],[11.6909,58.659],[11.6957,58.6543],[11.6822,58.6465],[11.6809,58.6386],[11.6714,58.6319],[11.6656,58.6376],[11.661,58.6349],[11.6434,58.6384],[11.6352,58.6368],[11.6241,58.6435],[11.6225,58.6467],[11.5982,58.6497],[11.586,58.6556],[11.5764,58.6571],[11.566,58.6613],[11.565,58.6655],[11.5551,58.6643],[11.5451,58.6657],[11.5414,58.6628],[11.5422,58.6557],[11.5294,58.656],[11.5303,58.6525],[11.5157,58.6395],[11.5199,58.6252],[11.5266,58.6198],[11.5181,58.6057],[11.5054,58.602],[11.4893,58.5846],[11.4941,58.5795],[11.5,58.5777],[11.4952,58.572],[11.5028,58.564],[11.4986,58.5544],[11.5063,58.5516],[11.5034,58.5465],[11.4885,58.5375],[11.4797,58.5392],[11.4667,58.5356],[11.4652,58.5315],[11.4524,58.5323],[11.4468,58.5229],[11.4387,58.5182],[11.444,58.5068],[11.4418,58.5009],[11.4374,58.5002],[11.438,58.4983],[11.4541,58.4985],[11.4569,58.4937],[11.4469,58.4857],[11.4487,58.4811],[11.4554,58.4784],[11.4612,58.472],[11.4659,58.4713],[11.4759,58.4766],[11.478,58.482],[11.4875,58.4825],[11.51,58.4816],[11.5118,58.489],[11.5202,58.496],[11.5448,58.4926],[11.5562,58.4872],[11.5527,58.4833],[11.5616,58.4816],[11.568,58.4859],[11.5751,58.4799],[11.5718,58.4778],[11.5793,58.4679],[11.578,58.4666],[11.5823,58.4535],[11.5806,58.4461],[11.5836,58.4425],[11.5852,58.4329]]]}},{"type":"Feature","properties":{"code":"1435","name":"Tanum"},"geometry":{"type":"Polygon","coordinates":[[[11.4374,58.5002],[11.4418,58.5009],[11.444,58.5068],[11.4387,58.5182],[11.4468,58.5229],[11.4524,58.5323],[11.4652,58.5315],[11.4667,58.5356],[11.4797,58.5392],[11.4885,58.5375],[11.5034,58.5465],[11.5063,58.5516],[11.4986,58.5544],[11.5028,58.564],[11.4952,58.572],[11.5,58.5777],[11.4941,58.5795],[11.4893,58.5846],[11.5054,58.602],[11.5181,58.6057],[11.5266,58.6198],[11.5199,58.6252],[11.5157,58.6395],[11.5303,58.6525],[11.5294,58.656],[11.5422,58.6557],[11.5414,58.6628],[11.5451,58.6657],[11.5551,58.6643],[11.565,58.6655],[11.566,58.6613],[11.5764,58.6571],[11.586,58.6556],[11.5982,58.6497],[11.6225,58.6467],[11.6241,58.6435],[11.6352,58.6368],[11.6434,58.6384],[11.661,58.6349],[11.6656,58.6376],[11.6714,58.6319],[11.6809,58.6386],[11.6822,58.6465],[11.6957,58.6543],[11.6909,58.659],[11.6851,58.6709],[11.6786,58.6721],[11.6805,58.6897],[11.6939,58.6965],[11.6851,58.6982],[11.687,58.7033],[11.701,58.7099],[11.6976,58.7175],[11.6978,58.7229],[11.7048,58.7286],[11.7084,58.7419],[11.7104,58.7579],[11.7185,58.7603],[11.7234,58.7713],[11.721,58.776],[11.7245,58.7817],[11.722,58.7864],[11.7253,58.8002],[11.7109,58.8108],[11.7149,58.8147],[11.7205,58.8273],[11.7114,58.8358],[11.7028,58.8413],[11.7035,58.8436],[11.715,58.8493],[11.7102,58.8587],[11.702,58.8636],[11.7075,58.8695],[11.695,58.8761],[11.6891,58.8737],[11.6822,58.875],[11.6788,58.8806],[11.6702,58.8865],[11.6759,58.8905],[11.6778,58.8958],[11.6689,58.8989],[11.6608,58.9065],[11.6518,58.9063],[11.6312,58.9086],[11.6264,58.9055],[11.5903,58.8909],[11.577,58.8972],[11.5733,58.8885],[11.5642,58.8925],[11.556,58.8988],[11.5454,58.8941],[11.5426,58.8882],[11.5351,58.8853],[11.539,58.8802],[11.5295,58.8772],[11.5171,58.881],[11.5,58.8894],[11.4917,58.8891],[11.483,58.8915],[11.4607,58.8897],[11.4567,58.8876],[11.4537,58.8765],[11.4563,58.8691],[11.4425,58.8654],[11.3972,58.8462],[11.3957,58.8417],[11.373,58.8405],[11.3797,58.8488],[11.3744,58.8502],[11.3665,58.8609],[11.3491,58.8643],[11.3317,58.8451],[11.3146,58.8473],[11.2983,58.8517],[11.2864,58.8429],[11.2735,58.8429],[11.2651,58.8405],[11.2669,58.8363],[11.2555,58.8365],[11.242,58.8316],[11.2324,58.8302],[11.2247,58.8368],[11.235,58.8362],[11.2469,58.8423],[11.264,58.8461],[11.2573,58.8487],[11.2222,58.8408],[11.209,58.8359],[11.2048,58.8285],[11.1958,58.8253],[11.1868,58.8257],[11.1688,58.818],[11.1531,58.8155],[11.1433,58.8111],[11.1311,58.8102],[11.1046,58.8183],[11.1073,58.7289],[11.1374,58.6616],[11.1573,58.6418],[11.1727,58.6265],[11.1553,58.5971],[11.1847,58.574],[11.1216,58.5477],[11.0582,58.6063],[11.0129,58.5854],[11.0162,58.5357],[11.0227,58.5289],[11.1711,58.521],[11.1759,58.5112],[11.2377,58.4515],[11.2378,58.4516],[11.2402,58.4556],[11.2617,58.4655],[11.2738,58.4669],[11.2823,58.4701],[11.2925,58.4715],[11.3004,58.4751],[11.3207,58.4795],[11.3372,58.4855],[11.342,58.4852],[11.3643,58.4898],[11.3845,58.4925],[11.414,58.4989],[11.4374,58.5002]]]}},{"type":"Feature","properties":{"code":"1438","name":"Dals-Ed"},"geometry":{"type":"Polygon","coordinates":[[[12.1475,58.9739],[12.1411,58.9784],[12.1242,58.9754],[12.113,58.9774],[12.1107,58.9797],[12.1105,58.9883],[12.1052,58.9922],[12.1167,58.999],[12.1198,59.0065],[12.1095,59.0091],[12.0968,59.0196],[12.0992,59.0244],[12.0893,59.032],[12.0781,59.0379],[12.0561,59.0376],[12.0477,59.0336],[12.0373,59.038],[12.0226,59.0476],[12.0139,59.0494],[12.017,59.061],[12.0093,59.0631],[12.0087,59.0665],[12.0156,59.0733],[12.0065,59.0778],[11.9947,59.0814],[11.9868,59.0854],[11.971,59.0963],[11.9803,59.1022],[11.9777,59.1061],[11.9865,59.1095],[11.9969,59.1197],[11.9705,59.123],[11.9676,59.1293],[11.9634,59.1316],[11.9558,59.143],[11.95,59.1471],[11.9498,59.1542],[11.9389,59.1533],[11.9318,59.1584],[11.9106,59.1601],[11.8808,59.1565],[11.8723,59.1695],[11.8582,59.1723],[11.854,59.1753],[11.854,59.1818],[11.8363,59.191],[11.83,59.2045],[11.8358,59.2143],[11.8357,59.2358],[11.8262,59.2378],[11.8119,59.232],[11.7986,59.2237],[11.7829,59.2064],[11.7807,59.188],[11.7747,59.1707],[11.7766,59.1655],[11.7761,59.1455],[11.778,59.136],[11.7694,59.1267],[11.7637,59.1146],[11.7743,59.1077],[11.7768,59.102],[11.7752,59.0864],[11.7643,59.0794],[11.749,59.0678],[11.7427,59.0582],[11.7334,59.0489],[11.721,59.0385],[11.7107,59.0337],[11.7054,59.0154],[11.699,59.0009],[11.6929,58.9979],[11.6917,58.9928],[11.6838,58.9898],[11.6919,58.9853],[11.6931,58.9773],[11.6846,58.9743],[11.6867,58.9701],[11.6876,58.9549],[11.6827,58.9521],[11.6815,58.9468],[11.6732,58.9412],[11.6752,58.9348],[11.6641,58.9345],[11.6587,58.9321],[11.6611,58.9281],[11.6568,58.9218],[11.6518,58.9063],[11.6608,58.9065],[11.6689,58.8989],[11.6778,58.8958],[11.6759,58.8905],[11.6702,58.8865],[11.6788,58.8806],[11.6822,58.875],[11.6891,58.8737],[11.695,58.8761],[11.7075,58.8695],[11.702,58.8636],[11.7102,58.8587],[11.715,58.8493],[11.7035,58.8436],[11.7028,58.8413],[11.7114,58.8358],[11.7205,58.8273],[11.7149,58.8147],[11.7356,58.8142],[11.751,58.8168],[11.7561,58.819],[11.7781,58.8083],[11.7859,58.7994],[11.7919,58.795],[11.7912,58.7884],[11.7946,58.7804],[11.7942,58.7651],[11.7988,58.7634],[11.7991,58.7557],[11.8032,58.7525],[11.8131,58.753],[11.8211,58.749],[11.8414,58.754],[11.8465,58.7607],[11.8563,58.768],[11.8741,58.7702],[11.8795,58.7744],[11.8644,58.7775],[11.8637,58.783],[11.8767,58.7882],[11.8797,58.7918],[11.8907,58.7936],[11.9138,58.7925],[11.9205,58.7896],[11.942,58.7978],[11.9419,58.7991],[11.9746,58.7985],[11.9832,58.7955],[11.9974,58.795],[12.0014,58.8034],[12.01,58.8017],[12.0233,58.8095],[12.0332,58.8216],[12.0431,58.8294],[12.0529,58.8254],[12.0596,58.8249],[12.0682,58.8319],[12.0524,58.8346],[12.051,58.8406],[12.0583,58.8471],[12.067,58.8457],[12.0791,58.8398],[12.0886,58.8387],[12.0909,58.8468],[12.0964,58.8489],[12.1011,58.8612],[12.0884,58.8723],[12.0837,58.8738],[12.0864,58.8813],[12.0967,58.8927],[12.0942,58.8946],[12.1009,58.9061],[12.0871,58.9083],[12.0762,58.916],[12.0825,58.917],[12.0878,58.9421],[12.0939,58.9435],[12.0974,58.9478],[12.1094,58.9512],[12.1188,58.9457],[12.1258,58.9454],[12.1263,58.9532],[12.1363,58.9555],[12.1439,58.9592],[12.1488,58.9576],[12.1495,58.9701],[12.1475,58.9739]]]}},{"type":"Feature","properties":{"code":"1439","name":"Färgelanda"},"geometry":{"type":"Polygon","coordinates":[[[12.1222,58.5538],[12.1241,58.5623],[12.1277,58.5674],[12.1313,58.5775],[12.1336,58.6005],[12.1653,58.6236],[12.1703,58.6358],[12.1764,58.6358],[12.1923,58.6529],[12.2151,58.6794],[12.2209,58.6895],[12.2248,58.7009],[12.2243,58.7047],[12.2165,58.7051],[12.2121,58.7273],[12.2047,58.7305],[12.1937,58.7425],[12.1896,58.7495],[12.1861,58.75],[12.1836,58.759],[12.1666,58.7713],[12.1644,58.7747],[12.1296,58.7949],[12.1028,58.7982],[12.1008,58.7935],[12.1109,58.79],[12.1133,58.787],[12.0992,58.7839],[12.0827,58.7873],[12.0599,58.7867],[12.0562,58.7823],[12.0606,58.7791],[12.0459,58.7722],[12.0411,58.7774],[12.0218,58.776],[12.0149,58.7785],[12.0148,58.7845],[12.0066,58.7823],[11.9979,58.7872],[11.9974,58.795],[11.9832,58.7955],[11.9746,58.7985],[11.9419,58.7991],[11.942,58.7978],[11.9205,58.7896],[11.9138,58.7925],[11.8907,58.7936],[11.8797,58.7918],[11.8767,58.7882],[11.8637,58.783],[11.8644,58.7775],[11.8795,58.7744],[11.8741,58.7702],[11.8563,58.768],[11.8465,58.7607],[11.8414,58.754],[11.8474,58.7425],[11.844,58.7292],[11.852,58.7227],[11.8703,58.7183],[11.8811,58.7128],[11.8997,58.7106],[11.9063,58.7061],[11.9058,58.7019],[11.9139,58.6954],[11.9221,58.6759],[11.9091,58.6715],[11.907,58.665],[11.9131,58.6595],[11.9093,58.6447],[11.9063,58.6401],[11.8974,58.6367],[11.8843,58.6298],[11.8815,58.6242],[11.8684,58.6221],[11.8611,58.6157],[11.859,58.6113],[11.844,58.6036],[11.8476,58.5931],[11.8558,58.5908],[11.8585,58.5822],[11.8492,58.5739],[11.8525,58.5727],[11.8548,58.5585],[11.8461,58.5528],[11.8435,58.5429],[11.843,58.5326],[11.8631,58.5244],[11.8613,58.5172],[11.8745,58.5199],[11.8843,58.5173],[11.8836,58.5092],[11.86,58.5072],[11.8754,58.4995],[11.8745,58.492],[11.8842,58.4908],[11.8864,58.4877],[11.879,58.4808],[11.8783,58.4691],[11.8798,58.4654],[11.8951,58.4648],[11.8953,58.4577],[11.9018,58.4514],[11.8966,58.449],[11.8974,58.4446],[11.8877,58.4382],[11.8791,58.4359],[11.8852,58.4322],[11.9039,58.4351],[11.9144,58.435],[11.9306,58.4451],[11.9402,58.4428],[11.9743,58.4522],[12.0246,58.4476],[12.0367,58.4434],[12.0567,58.4437],[12.0662,58.4419],[12.0711,58.439],[12.0748,58.4477],[12.0801,58.4705],[12.0775,58.4752],[12.0802,58.4804],[12.0891,58.4799],[12.0917,58.4957],[12.0932,58.4985],[12.1172,58.5042],[12.12,58.5152],[12.1208,58.5268],[12.1241,58.534],[12.1217,58.5367],[12.1207,58.5469],[12.1222,58.5538]]]}},{"type":"Feature","properties":{"code":"1440","name":"Ale"},"geometry":{"type":"Polygon","coordinates":[[[12.3124,57.9657],[12.3321,57.9705],[12.3523,57.9789],[12.3701,57.9865],[12.374,57.9928],[12.3858,57.992],[12.3922,57.9899],[12.4131,57.9874],[12.4103,57.9923],[12.4151,58.0032],[12.413,58.0123],[12.4186,58.0168],[12.4164,58.0227],[12.4116,58.0237],[12.4197,58.0329],[12.4155,58.0364],[12.3993,58.0357],[12.3903,58.0376],[12.3869,58.0473],[12.398,58.0553],[12.4098,58.0465],[12.4075,58.0418],[12.4192,58.0408],[12.4267,58.0493],[12.4199,58.0554],[12.4194,58.057],[12.4189,58.0654],[12.4238,58.072],[12.4304,58.0794],[12.4328,58.0852],[12.4337,58.0952],[12.4266,58.1089],[12.4029,58.1161],[12.3853,58.1113],[12.3755,58.1173],[12.3629,58.1108],[12.3525,58.1088],[12.3499,58.1015],[12.3413,58.09],[12.3314,58.085],[12.3153,58.0795],[12.2851,58.0648],[12.2549,58.0512],[12.2377,58.0378],[12.2446,58.0344],[12.2305,58.0242],[12.1941,58.0168],[12.1846,58.015],[12.1711,58.0164],[12.1636,58.0125],[12.1608,58.0076],[12.1523,58.0106],[12.1372,58.0131],[12.1322,58.0084],[12.1269,57.9997],[12.1285,57.9928],[12.1256,57.9783],[12.1284,57.9694],[12.1188,57.9619],[12.1055,57.9564],[12.0892,57.9479],[12.0821,57.9465],[12.0752,57.9417],[12.0609,57.9237],[12.0553,57.9176],[12.0501,57.9103],[12.0431,57.9033],[12.0387,57.8945],[12.0374,57.8923],[12.033,57.8834],[12.027,57.8775],[12.026,57.8764],[12.0138,57.8608],[12.0076,57.8522],[12.0103,57.8424],[12.0088,57.8284],[12.013,57.8168],[12.0139,57.8062],[12.0161,57.8062],[12.0189,57.8118],[12.0291,57.8145],[12.0303,57.8181],[12.0302,57.8187],[12.0374,57.8264],[12.0484,57.8212],[12.0517,57.8268],[12.0437,57.835],[12.0519,57.8385],[12.0559,57.8399],[12.06,57.8411],[12.079,57.8461],[12.0891,57.8499],[12.1254,57.8618],[12.1265,57.8637],[12.1375,57.866],[12.1461,57.8648],[12.146,57.8656],[12.1953,57.8752],[12.2468,57.8838],[12.2767,57.89],[12.2921,57.8932],[12.2997,57.8964],[12.3042,57.9012],[12.301,57.9021],[12.2988,57.9134],[12.2936,57.9163],[12.2908,57.9221],[12.2967,57.9244],[12.3124,57.9657]]]}},{"type":"Feature","properties":{"code":"1441","name":"Lerum"},"geometry":{"type":"Polygon","coordinates":[[[12.3944,57.7326],[12.4163,57.7298],[12.4276,57.7313],[12.4276,57.7362],[12.4412,57.741],[12.4467,57.7463],[12.4596,57.7491],[12.4577,57.7551],[12.4738,57.7677],[12.4753,57.7719],[12.4844,57.7764],[12.4893,57.7894],[12.4839,57.7938],[12.4783,57.793],[12.4723,57.7861],[12.4562,57.7992],[12.4453,57.8045],[12.4429,57.8081],[12.448,57.814],[12.4292,57.8285],[12.4254,57.8296],[12.4308,57.839],[12.4416,57.8446],[12.4335,57.8526],[12.4333,57.8553],[12.4435,57.8636],[12.4453,57.8701],[12.4418,57.8759],[12.4455,57.8847],[12.4424,57.8903],[12.433,57.885],[12.3974,57.8768],[12.3877,57.8956],[12.4057,57.8945],[12.3955,57.9058],[12.3986,57.913],[12.4085,57.92],[12.4119,57.9286],[12.3992,57.9307],[12.3976,57.9335],[12.3845,57.9357],[12.3748,57.9411],[12.3646,57.9392],[12.3555,57.942],[12.3546,57.9471],[12.3575,57.9525],[12.3544,57.9567],[12.3634,57.9619],[12.3751,57.9663],[12.3634,57.9705],[12.3523,57.9789],[12.3321,57.9705],[12.3124,57.9657],[12.2967,57.9244],[12.2908,57.9221],[12.2936,57.9163],[12.2988,57.9134],[12.301,57.9021],[12.3042,57.9012],[12.2997,57.8964],[12.2921,57.8932],[12.2767,57.89],[12.2468,57.8838],[12.1953,57.8752],[12.146,57.8656],[12.1461,57.8648],[12.1491,57.8626],[12.1702,57.8557],[12.192,57.8342],[12.1938,57.8257],[12.205,57.8198],[12.2047,57.816],[12.2068,57.8148],[12.2245,57.8109],[12.2416,57.7964],[12.2236,57.7933],[12.2039,57.7888],[12.201,57.7849],[12.1835,57.78],[12.1737,57.776],[12.1768,57.7733],[12.1951,57.7583],[12.1946,57.7533],[12.1801,57.7503],[12.1851,57.7355],[12.2249,57.7276],[12.2559,57.7292],[12.2664,57.7291],[12.2755,57.7247],[12.2828,57.7236],[12.2814,57.7304],[12.2907,57.7298],[12.3031,57.7241],[12.3049,57.7316],[12.3354,57.733],[12.3679,57.7339],[12.3824,57.7342],[12.3944,57.7326]]]}},{"type":"Feature","properties":{"code":"1442","name":"Vårgårda"},"geometry":{"type":"Polygon","coordinates":[[[12.6653,57.9089],[12.6635,57.9021],[12.6588,57.8969],[12.6627,57.8915],[12.6611,57.8855],[12.6531,57.8816],[12.6547,57.8779],[12.6617,57.875],[12.6562,57.8678],[12.6565,57.8603],[12.6601,57.8564],[12.6704,57.8598],[12.6807,57.8613],[12.7141,57.8626],[12.7422,57.863],[12.7565,57.8654],[12.762,57.8667],[12.7696,57.8646],[12.771,57.8697],[12.7791,57.8687],[12.8084,57.8702],[12.8237,57.8717],[12.8246,57.8735],[12.8296,57.8788],[12.8488,57.8888],[12.8477,57.8813],[12.8518,57.8812],[12.8544,57.8929],[12.8649,57.8926],[12.8758,57.8957],[12.8639,57.8979],[12.861,57.9006],[12.8671,57.914],[12.8764,57.9232],[12.8815,57.9262],[12.899,57.9255],[12.9133,57.9339],[12.9065,57.9381],[12.9065,57.9417],[12.9277,57.937],[12.9251,57.9301],[12.9302,57.9293],[12.9328,57.9369],[12.944,57.9485],[12.9612,57.9548],[12.962,57.9592],[12.9706,57.9664],[12.9742,57.9752],[12.9648,57.9911],[12.968,57.9987],[12.9853,58.0073],[12.9858,58.0098],[12.9754,58.0091],[12.9566,58.0142],[12.9494,58.0174],[12.9439,58.0252],[12.9638,58.0375],[12.9464,58.0339],[12.9302,58.033],[12.9158,58.0407],[12.8954,58.0399],[12.8687,58.0402],[12.8676,58.0457],[12.8703,58.0595],[12.8442,58.065],[12.8381,58.0673],[12.838,58.0766],[12.856,58.08],[12.8607,58.0823],[12.8633,58.0972],[12.8998,58.0929],[12.9025,58.0933],[12.9033,58.1117],[12.8412,58.1098],[12.8474,58.1157],[12.833,58.1182],[12.8281,58.1171],[12.8279,58.1106],[12.8314,58.1074],[12.8179,58.1035],[12.8079,58.1045],[12.7854,58.101],[12.7564,58.0993],[12.7473,58.0963],[12.7442,58.0988],[12.711,58.0968],[12.6995,58.0885],[12.6759,58.0859],[12.6673,58.0835],[12.6579,58.0774],[12.6362,58.0732],[12.635,58.0668],[12.6275,58.0632],[12.612,58.0604],[12.593,58.0533],[12.5805,58.0472],[12.5804,58.0411],[12.5698,58.0271],[12.551,58.0062],[12.5393,57.9985],[12.5677,57.974],[12.5823,57.971],[12.5923,57.9707],[12.6009,57.9731],[12.6139,57.9747],[12.6198,57.9656],[12.6199,57.9615],[12.6271,57.9603],[12.6484,57.9503],[12.6527,57.9408],[12.6517,57.9311],[12.6568,57.9157],[12.6653,57.9089]]]}},{"type":"Feature","properties":{"code":"1443","name":"Bollebygd"},"geometry":{"type":"Polygon","coordinates":[[[12.5176,57.6708],[12.5261,57.6617],[12.5221,57.6568],[12.5257,57.652],[12.5246,57.645],[12.5357,57.6473],[12.5445,57.6364],[12.5555,57.6357],[12.5593,57.6337],[12.5622,57.6198],[12.5753,57.6188],[12.5958,57.6223],[12.6083,57.6275],[12.6248,57.6371],[12.6329,57.6417],[12.6726,57.6551],[12.6741,57.6592],[12.7032,57.6687],[12.7089,57.6682],[12.7628,57.6861],[12.7549,57.6908],[12.7539,57.6965],[12.7615,57.6987],[12.7355,57.7142],[12.7166,57.7187],[12.7202,57.7257],[12.7067,57.7232],[12.7017,57.7249],[12.6977,57.7311],[12.7136,57.7379],[12.7112,57.741],[12.7174,57.7528],[12.7194,57.7554],[12.719,57.7627],[12.7226,57.7749],[12.7282,57.7821],[12.7362,57.7867],[12.7237,57.7927],[12.6993,57.8018],[12.7007,57.8082],[12.7073,57.8167],[12.7361,57.8211],[12.7493,57.8274],[12.756,57.832],[12.7437,57.8348],[12.7638,57.8444],[12.7616,57.8585],[12.7565,57.8654],[12.7422,57.863],[12.7141,57.8626],[12.6807,57.8613],[12.6704,57.8598],[12.6601,57.8564],[12.6555,57.8496],[12.6447,57.8458],[12.6436,57.8429],[12.6297,57.8364],[12.6078,57.8312],[12.5927,57.8218],[12.6,57.8097],[12.5929,57.8046],[12.5862,57.7972],[12.5762,57.7915],[12.558,57.7848],[12.5351,57.7739],[12.5155,57.7619],[12.4976,57.767],[12.4844,57.7764],[12.4753,57.7719],[12.4738,57.7677],[12.4577,57.7551],[12.4596,57.7491],[12.4467,57.7463],[12.4412,57.741],[12.4276,57.7362],[12.4276,57.7313],[12.4431,57.7246],[12.4516,57.7231],[12.458,57.7185],[12.4626,57.7221],[12.4755,57.7229],[12.4832,57.7216],[12.485,57.7182],[12.4799,57.7152],[12.4844,57.7096],[12.4913,57.7074],[12.5108,57.6985],[12.5006,57.6888],[12.5065,57.6825],[12.5176,57.6708]]]}},{"type":"Feature","properties":{"code":"1444","name":"Grästorp"},"geometry":{"type":"Polygon","coordinates":[[[12.8452,58.3875],[12.8406,58.3975],[12.8419,58.4007],[12.8387,58.4092],[12.8539,58.4347],[12.8457,58.4327],[12.8433,58.4268],[12.8334,58.4269],[12.8212,58.421],[12.8041,58.4155],[12.7939,58.4143],[12.7805,58.4093],[12.7665,58.4094],[12.763,58.4068],[12.7468,58.4088],[12.7369,58.4132],[12.7265,58.4053],[12.7055,58.3991],[12.6939,58.3899],[12.6705,58.3957],[12.6637,58.4012],[12.6504,58.4082],[12.6461,58.4134],[12.6289,58.4064],[12.6125,58.3946],[12.5881,58.3825],[12.5747,58.3749],[12.5541,58.3723],[12.5419,58.3726],[12.5263,58.3758],[12.5153,58.3763],[12.4921,58.367],[12.4563,58.3577],[12.4539,58.3514],[12.4405,58.3431],[12.45,58.3394],[12.4593,58.3391],[12.4732,58.3433],[12.4806,58.3436],[12.4824,58.3372],[12.4758,58.3353],[12.4663,58.337],[12.4794,58.3156],[12.4793,58.3064],[12.4939,58.3028],[12.5244,58.3129],[12.5282,58.313],[12.534,58.3114],[12.5354,58.3052],[12.5473,58.3002],[12.5747,58.2844],[12.58,58.2829],[12.5723,58.2792],[12.5618,58.2712],[12.552,58.2551],[12.5398,58.243],[12.5285,58.2346],[12.5456,58.2359],[12.5514,58.2316],[12.571,58.2234],[12.5779,58.2186],[12.5877,58.2252],[12.5963,58.2229],[12.6021,58.2317],[12.6109,58.2342],[12.6217,58.2337],[12.6279,58.237],[12.6666,58.2499],[12.6775,58.2588],[12.6801,58.2632],[12.6701,58.2742],[12.6834,58.2752],[12.6823,58.2786],[12.6876,58.2832],[12.6977,58.2843],[12.7009,58.274],[12.7107,58.2743],[12.7451,58.2676],[12.7466,58.2725],[12.7527,58.2762],[12.7767,58.2794],[12.7949,58.2745],[12.8154,58.2707],[12.8197,58.2813],[12.8312,58.2813],[12.8322,58.2897],[12.8255,58.2948],[12.8309,58.2994],[12.8157,58.3013],[12.8083,58.3056],[12.7993,58.3081],[12.8021,58.3115],[12.7944,58.3139],[12.795,58.3176],[12.7908,58.3497],[12.7948,58.3513],[12.8002,58.3599],[12.8259,58.3828],[12.8452,58.3875]]]}},{"type":"Feature","properties":{"code":"1445","name":"Essunga"},"geometry":{"type":"MultiPolygon","coordinates":[[[[12.7086,58.1583],[12.683,58.1296],[12.7086,58.1094],[12.711,58.0968],[12.7442,58.0988],[12.7473,58.0963],[12.7564,58.0993],[12.7854,58.101],[12.8079,58.1045],[12.8179,58.1035],[12.8314,58.1074],[12.8279,58.1106],[12.8281,58.1171],[12.833,58.1182],[12.8474,58.1157],[12.8412,58.1098],[12.9033,58.1117],[12.9347,58.1125],[12.9225,58.1184],[12.9139,58.1199],[12.9183,58.1258],[12.9199,58.1367],[12.9228,58.1437],[12.9039,58.1482],[12.8911,58.155],[12.8888,58.1582],[12.8781,58.1558],[12.8785,58.1706],[12.8702,58.1659],[12.8598,58.165],[12.8474,58.1744],[12.8358,58.1783],[12.8388,58.1803],[12.8608,58.1794],[12.8676,58.1803],[12.8714,58.1862],[12.8924,58.1887],[12.8971,58.1935],[12.8631,58.1997],[12.8481,58.195],[12.843,58.1954],[12.8262,58.2063],[12.8341,58.2139],[12.8224,58.2185],[12.819,58.2218],[12.8076,58.2168],[12.7998,58.2154],[12.7918,58.2188],[12.7933,58.2276],[12.8016,58.235],[12.8036,58.2392],[12.8124,58.2414],[12.8195,58.251],[12.8298,58.261],[12.8165,58.2611],[12.8154,58.2707],[12.7949,58.2745],[12.7767,58.2794],[12.7527,58.2762],[12.7466,58.2725],[12.7451,58.2676],[12.7107,58.2743],[12.7009,58.274],[12.6977,58.2843],[12.6876,58.2832],[12.6823,58.2786],[12.6834,58.2752],[12.6701,58.2742],[12.6801,58.2632],[12.6775,58.2588],[12.6666,58.2499],[12.6279,58.237],[12.6217,58.2337],[12.6109,58.2342],[12.6021,58.2317],[12.5963,58.2229],[12.5877,58.2252],[12.5779,58.2186],[12.571,58.2234],[12.5514,58.2316],[12.5456,58.2359],[12.5285,58.2346],[12.5229,58.2248],[12.5224,58.2183],[12.5356,58.2123],[12.5325,58.209],[12.54,58.1971],[12.5728,58.195],[12.5761,58.198],[12.5867,58.1946],[12.5861,58.1919],[12.6142,58.1893],[12.6601,58.1843],[12.6705,58.1892],[12.6769,58.1863],[12.6766,58.1825],[12.6884,58.1811],[12.6893,58.1783],[12.6878,58.1747],[12.7086,58.1583]]],[[[13.0226,58.1118],[13.0238,58.1177],[13.0133,58.1229],[13.0038,58.1221],[13.0027,58.1161],[12.987,58.1158],[12.9869,58.1094],[13.0086,58.1103],[13.0226,58.1118]]]]}},{"type":"Feature","properties":{"code":"1446","name":"Karlsborg"},"geometry":{"type":"Polygon","coordinates":[[[14.5653,58.5532],[14.5956,58.6069],[14.619,58.6173],[14.7396,58.6717],[14.7186,58.6853],[14.6993,58.6963],[14.6992,58.6997],[14.6916,58.711],[14.6905,58.7181],[14.6957,58.7211],[14.6924,58.7266],[14.6913,58.7401],[14.6216,58.7373],[14.6264,58.6943],[14.6148,58.6935],[14.6119,58.6909],[14.5789,58.6824],[14.562,58.6813],[14.5368,58.6775],[14.5458,58.6881],[14.5554,58.7053],[14.5457,58.7186],[14.534,58.7127],[14.5272,58.7235],[14.5164,58.7237],[14.5115,58.7172],[14.5039,58.7133],[14.4926,58.7118],[14.4768,58.7134],[14.4701,58.7215],[14.4754,58.7365],[14.4705,58.781],[14.4379,58.7936],[14.4214,58.7947],[14.3872,58.7582],[14.3863,58.7473],[14.376,58.7366],[14.3747,58.7329],[14.3632,58.7257],[14.3139,58.723],[14.2961,58.7206],[14.2601,58.7021],[14.2532,58.6984],[14.2578,58.6963],[14.2609,58.6881],[14.2795,58.6923],[14.2917,58.654],[14.2587,58.6323],[14.2507,58.6239],[14.2718,58.6161],[14.2936,58.615],[14.2948,58.613],[14.3129,58.616],[14.3167,58.6193],[14.3313,58.614],[14.3295,58.6085],[14.337,58.6088],[14.3444,58.5855],[14.3425,58.5776],[14.3383,58.5608],[14.3374,58.5433],[14.3453,58.532],[14.3543,58.5265],[14.3507,58.523],[14.3549,58.5132],[14.3644,58.5003],[14.3658,58.494],[14.3876,58.4912],[14.3781,58.4873],[14.3685,58.4696],[14.3126,58.4389],[14.3036,58.4305],[14.2917,58.4182],[14.2942,58.4132],[14.3072,58.4104],[14.3046,58.4048],[14.3103,58.407],[14.3253,58.407],[14.3346,58.4009],[14.3436,58.4056],[14.3668,58.4054],[14.3698,58.4036],[14.3997,58.4057],[14.4432,58.398],[14.4866,58.4384],[14.4814,58.4617],[14.5247,58.4853],[14.5436,58.5118],[14.5586,58.5413],[14.5653,58.5532]]]}},{"type":"Feature","properties":{"code":"1447","name":"Gullspång"},"geometry":{"type":"Polygon","coordinates":[[[14.1545,59.0489],[14.142,59.0525],[14.1298,59.0492],[14.119,59.05],[14.0993,59.0478],[14.0822,59.0484],[14.075,59.0502],[14.0629,59.0451],[14.0479,59.0448],[14.0382,59.0429],[14.0331,59.0374],[14.0441,59.0286],[13.9585,59.0319],[13.9428,59.0331],[13.9308,58.999],[13.9877,58.9187],[14.006,58.8927],[14.1341,58.8889],[14.1325,58.8787],[14.1351,58.8767],[14.1358,58.8674],[14.1386,58.8611],[14.1359,58.8575],[14.1431,58.8486],[14.1326,58.8311],[14.1255,58.8147],[14.125,58.8105],[14.1415,58.7908],[14.1509,58.792],[14.1637,58.7899],[14.1704,58.7908],[14.1696,58.7965],[14.1847,58.7953],[14.2145,58.8028],[14.213,58.8067],[14.2198,58.8156],[14.2215,58.8233],[14.2291,58.8249],[14.247,58.822],[14.2528,58.8232],[14.2947,58.8223],[14.2938,58.8268],[14.3049,58.8299],[14.3108,58.8297],[14.3072,58.8378],[14.3508,58.8282],[14.3526,58.8165],[14.359,58.8123],[14.3811,58.8024],[14.4214,58.7947],[14.3888,58.8262],[14.3825,58.8298],[14.3896,58.8458],[14.3787,58.8434],[14.3661,58.8443],[14.3699,58.8483],[14.36,58.8501],[14.3641,58.8575],[14.3724,58.8588],[14.3788,58.8658],[14.3936,58.8614],[14.3934,58.8682],[14.3847,58.8778],[14.3916,58.8788],[14.395,58.8836],[14.3853,58.8846],[14.3739,58.8833],[14.3723,58.8881],[14.3645,58.8916],[14.3614,58.8981],[14.3545,58.8985],[14.3374,58.8964],[14.3368,58.8994],[14.324,58.9037],[14.3254,58.91],[14.3204,58.9164],[14.3236,58.9217],[14.3166,58.9282],[14.2864,58.9476],[14.2852,58.9483],[14.2886,58.9659],[14.2918,58.9822],[14.2979,59.0122],[14.2649,59.0159],[14.2317,59.0292],[14.2242,59.0455],[14.18,59.0408],[14.1719,59.0423],[14.1638,59.0472],[14.1545,59.0489]]]}},{"type":"Feature","properties":{"code":"1452","name":"Tranemo"},"geometry":{"type":"Polygon","coordinates":[[[13.7235,57.6818],[13.7034,57.6788],[13.7056,57.6727],[13.6947,57.6715],[13.6849,57.6753],[13.6706,57.6762],[13.6577,57.666],[13.6439,57.6603],[13.6171,57.6458],[13.5884,57.6446],[13.5774,57.6478],[13.5766,57.6542],[13.5388,57.6698],[13.535,57.6729],[13.5149,57.6562],[13.5037,57.6482],[13.4913,57.6412],[13.4748,57.6206],[13.4683,57.6195],[13.4566,57.6139],[13.4536,57.6147],[13.4395,57.6108],[13.4225,57.6165],[13.4036,57.6136],[13.3814,57.6209],[13.3723,57.6264],[13.3609,57.6284],[13.3504,57.6222],[13.3434,57.6134],[13.3329,57.6127],[13.3187,57.619],[13.3224,57.6315],[13.3271,57.6361],[13.3135,57.6377],[13.309,57.6677],[13.2918,57.6676],[13.2902,57.6736],[13.2755,57.6714],[13.261,57.6677],[13.2381,57.6591],[13.2273,57.6494],[13.2166,57.6454],[13.212,57.6534],[13.2029,57.6556],[13.1987,57.6511],[13.2045,57.6411],[13.195,57.6373],[13.2036,57.627],[13.1987,57.6212],[13.1994,57.6122],[13.1705,57.5927],[13.1749,57.5884],[13.1421,57.5527],[13.1368,57.5475],[13.1473,57.541],[13.1741,57.5371],[13.1908,57.5337],[13.2147,57.5412],[13.232,57.5422],[13.2455,57.5375],[13.2526,57.5418],[13.2595,57.5291],[13.2725,57.5239],[13.275,57.5105],[13.2683,57.5061],[13.2563,57.5019],[13.26,57.4952],[13.2512,57.4849],[13.244,57.4814],[13.2465,57.4738],[13.2421,57.4707],[13.2269,57.4648],[13.2273,57.4612],[13.2202,57.4515],[13.2064,57.4499],[13.2017,57.4465],[13.2061,57.4404],[13.2047,57.4354],[13.2209,57.4343],[13.234,57.4359],[13.2307,57.4289],[13.2403,57.424],[13.2334,57.4166],[13.2297,57.4075],[13.213,57.3995],[13.2154,57.3935],[13.2157,57.3824],[13.2239,57.3766],[13.2408,57.3736],[13.2602,57.374],[13.2512,57.3622],[13.2438,57.3547],[13.2618,57.3478],[13.2549,57.3393],[13.2542,57.3349],[13.2627,57.3327],[13.2558,57.3289],[13.2268,57.3181],[13.226,57.3082],[13.2386,57.3038],[13.2502,57.2939],[13.2586,57.2939],[13.2642,57.2993],[13.2728,57.3001],[13.2759,57.3047],[13.2821,57.3075],[13.3126,57.3138],[13.3432,57.3184],[13.3519,57.3213],[13.3635,57.3231],[13.3687,57.3215],[13.3772,57.3279],[13.3862,57.3402],[13.3969,57.3403],[13.433,57.349],[13.4363,57.3527],[13.4299,57.3577],[13.4331,57.3665],[13.4356,57.3691],[13.4484,57.3711],[13.4684,57.3713],[13.4672,57.3771],[13.4741,57.3863],[13.4823,57.3935],[13.4884,57.3956],[13.5097,57.3973],[13.5153,57.4043],[13.5155,57.4102],[13.5043,57.4142],[13.5142,57.4282],[13.5313,57.4305],[13.5456,57.444],[13.5637,57.4634],[13.5703,57.4685],[13.5833,57.4756],[13.5869,57.4837],[13.5954,57.4967],[13.6045,57.5075],[13.6153,57.5133],[13.6239,57.5201],[13.6365,57.5242],[13.6425,57.5243],[13.6492,57.5288],[13.6688,57.5382],[13.6682,57.5407],[13.6886,57.5583],[13.6862,57.5693],[13.6866,57.5764],[13.6798,57.5793],[13.6786,57.5844],[13.6716,57.587],[13.6767,57.59],[13.6791,57.5952],[13.6694,57.594],[13.6702,57.6015],[13.6642,57.615],[13.6707,57.6196],[13.6715,57.6275],[13.6825,57.6258],[13.6856,57.6324],[13.7076,57.6383],[13.7158,57.6549],[13.7248,57.6694],[13.7235,57.6818]],[[13.657,57.6041],[13.6492,57.5944],[13.6365,57.5941],[13.65,57.6052],[13.657,57.6041]]]}},{"type":"Feature","properties":{"code":"1460","name":"Bengtsfors"},"geometry":{"type":"Polygon","coordinates":[[[12.1475,58.9739],[12.1495,58.9701],[12.1488,58.9576],[12.1439,58.9592],[12.1363,58.9555],[12.1263,58.9532],[12.1258,58.9454],[12.1188,58.9457],[12.1094,58.9512],[12.0974,58.9478],[12.0939,58.9435],[12.0878,58.9421],[12.0825,58.917],[12.0762,58.916],[12.0871,58.9083],[12.1009,58.9061],[12.0942,58.8946],[12.0967,58.8927],[12.0864,58.8813],[12.0837,58.8738],[12.0884,58.8723],[12.1011,58.8612],[12.0964,58.8489],[12.0909,58.8468],[12.0886,58.8387],[12.0791,58.8398],[12.067,58.8457],[12.0583,58.8471],[12.051,58.8406],[12.0524,58.8346],[12.0682,58.8319],[12.0596,58.8249],[12.0529,58.8254],[12.0431,58.8294],[12.0332,58.8216],[12.0233,58.8095],[12.01,58.8017],[12.0014,58.8034],[11.9974,58.795],[11.9979,58.7872],[12.0066,58.7823],[12.0148,58.7845],[12.0149,58.7785],[12.0218,58.776],[12.0411,58.7774],[12.0459,58.7722],[12.0606,58.7791],[12.0562,58.7823],[12.0599,58.7867],[12.0827,58.7873],[12.0992,58.7839],[12.1133,58.787],[12.1109,58.79],[12.1008,58.7935],[12.1028,58.7982],[12.1296,58.7949],[12.1644,58.7747],[12.1666,58.7713],[12.1836,58.759],[12.1861,58.75],[12.1896,58.7495],[12.2036,58.7594],[12.218,58.7654],[12.221,58.769],[12.2361,58.7635],[12.2499,58.7715],[12.2544,58.7717],[12.2627,58.7773],[12.2621,58.7882],[12.2591,58.7967],[12.2453,58.8077],[12.2379,58.8087],[12.2397,58.814],[12.2317,58.819],[12.2334,58.8377],[12.2432,58.8413],[12.2446,58.8478],[12.2549,58.8518],[12.2704,58.854],[12.3065,58.8522],[12.318,58.8467],[12.3345,58.851],[12.3593,58.8536],[12.3579,58.8397],[12.3811,58.8399],[12.3923,58.8421],[12.4028,58.842],[12.3992,58.8524],[12.4098,58.8548],[12.4242,58.8602],[12.4328,58.8671],[12.4326,58.8732],[12.4376,58.8794],[12.4424,58.8967],[12.451,58.9015],[12.4465,58.9114],[12.4462,58.9174],[12.4503,58.9229],[12.4563,58.9263],[12.4563,58.9327],[12.4487,58.9362],[12.443,58.9442],[12.4273,58.9408],[12.4176,58.9446],[12.4135,58.9526],[12.4179,58.9581],[12.4096,58.9649],[12.4178,58.9735],[12.4111,58.9841],[12.4231,58.9931],[12.4263,58.9978],[12.4254,59.0027],[12.4093,59.0046],[12.4024,59.0055],[12.4117,59.0176],[12.4264,59.0251],[12.4293,59.0303],[12.4153,59.0349],[12.4163,59.0441],[12.4118,59.0522],[12.4188,59.0601],[12.4249,59.061],[12.4304,59.0675],[12.421,59.0735],[12.4282,59.0776],[12.4268,59.085],[12.4362,59.0931],[12.4432,59.1033],[12.441,59.1098],[12.4459,59.1217],[12.451,59.1289],[12.4574,59.1322],[12.4685,59.1402],[12.458,59.1446],[12.4606,59.1527],[12.4515,59.1578],[12.4232,59.1635],[12.4151,59.1691],[12.4204,59.1749],[12.434,59.1754],[12.4421,59.1736],[12.4545,59.1737],[12.4625,59.1818],[12.4587,59.1928],[12.4401,59.1945],[12.4224,59.1926],[12.4084,59.187],[12.3858,59.1809],[12.3675,59.1769],[12.3471,59.1736],[12.3364,59.1752],[12.3347,59.1792],[12.3281,59.1802],[12.3152,59.1887],[12.3127,59.1968],[12.3042,59.1984],[12.2973,59.1964],[12.2823,59.1882],[12.2739,59.1889],[12.2608,59.1945],[12.2559,59.2051],[12.2549,59.2165],[12.2488,59.2196],[12.2437,59.2288],[12.2451,59.2307],[12.2383,59.2419],[12.2388,59.2517],[12.2356,59.2571],[12.2146,59.2637],[12.2084,59.2572],[12.2119,59.2534],[12.1833,59.25],[12.1359,59.2526],[12.1234,59.2502],[12.1121,59.2542],[12.103,59.2525],[12.0822,59.2572],[12.0826,59.2405],[12.0844,59.2254],[12.0883,59.2232],[12.0914,59.2162],[12.0943,59.2002],[12.1063,59.1937],[12.0955,59.1888],[12.09,59.1844],[12.0848,59.1767],[12.0535,59.1882],[12.0484,59.1931],[12.0325,59.2014],[12.0295,59.212],[12.0135,59.2122],[12.0004,59.2204],[11.9881,59.2245],[11.9629,59.2391],[11.9484,59.2497],[11.9431,59.2403],[11.9451,59.235],[11.9288,59.2261],[11.9047,59.2228],[11.8831,59.2262],[11.8694,59.2305],[11.8483,59.2332],[11.8357,59.2358],[11.8358,59.2143],[11.83,59.2045],[11.8363,59.191],[11.854,59.1818],[11.854,59.1753],[11.8582,59.1723],[11.8723,59.1695],[11.8808,59.1565],[11.9106,59.1601],[11.9318,59.1584],[11.9389,59.1533],[11.9498,59.1542],[11.95,59.1471],[11.9558,59.143],[11.9634,59.1316],[11.9676,59.1293],[11.9705,59.123],[11.9969,59.1197],[11.9865,59.1095],[11.9777,59.1061],[11.9803,59.1022],[11.971,59.0963],[11.9868,59.0854],[11.9947,59.0814],[12.0065,59.0778],[12.0156,59.0733],[12.0087,59.0665],[12.0093,59.0631],[12.017,59.061],[12.0139,59.0494],[12.0226,59.0476],[12.0373,59.038],[12.0477,59.0336],[12.0561,59.0376],[12.0781,59.0379],[12.0893,59.032],[12.0992,59.0244],[12.0968,59.0196],[12.1095,59.0091],[12.1198,59.0065],[12.1167,58.999],[12.1052,58.9922],[12.1105,58.9883],[12.1107,58.9797],[12.113,58.9774],[12.1242,58.9754],[12.1411,58.9784],[12.1475,58.9739]]]}},{"type":"Feature","properties":{"code":"1461","name":"Mellerud"},"geometry":{"type":"Polygon","coordinates":[[[12.4328,58.8671],[12.4242,58.8602],[12.4098,58.8548],[12.3992,58.8524],[12.4028,58.842],[12.3923,58.8421],[12.3811,58.8399],[12.3579,58.8397],[12.3593,58.8536],[12.3345,58.851],[12.318,58.8467],[12.3065,58.8522],[12.2704,58.854],[12.2549,58.8518],[12.2446,58.8478],[12.2432,58.8413],[12.2334,58.8377],[12.2317,58.819],[12.2397,58.814],[12.2379,58.8087],[12.2453,58.8077],[12.2591,58.7967],[12.2621,58.7882],[12.2627,58.7773],[12.2544,58.7717],[12.2499,58.7715],[12.2361,58.7635],[12.221,58.769],[12.218,58.7654],[12.2036,58.7594],[12.1896,58.7495],[12.1937,58.7425],[12.2047,58.7305],[12.2121,58.7273],[12.2165,58.7051],[12.2243,58.7047],[12.2248,58.7009],[12.2209,58.6895],[12.2151,58.6794],[12.1923,58.6529],[12.1764,58.6358],[12.1928,58.6326],[12.2479,58.6196],[12.2605,58.6156],[12.2829,58.613],[12.3007,58.6089],[12.3268,58.6011],[12.3271,58.599],[12.3445,58.5947],[12.3576,58.5893],[12.3643,58.5887],[12.3951,58.5791],[12.3915,58.5745],[12.399,58.5735],[12.4175,58.5732],[12.42,58.5761],[12.4322,58.5763],[12.4493,58.5691],[12.4681,58.5647],[12.477,58.5616],[12.4744,58.5571],[12.4872,58.5548],[12.4961,58.5501],[12.4937,58.5483],[12.5041,58.5416],[12.5142,58.5396],[12.5136,58.5359],[12.5422,58.5193],[12.6499,58.614],[12.6996,58.6559],[12.6887,58.6716],[12.5912,58.685],[12.5766,58.7055],[12.5757,58.7083],[12.5625,58.7502],[12.6015,58.7849],[12.5627,58.784],[12.5588,58.799],[12.5414,58.8058],[12.5318,58.8143],[12.5271,58.8158],[12.5248,58.8239],[12.5154,58.823],[12.5091,58.828],[12.4983,58.8321],[12.4915,58.8323],[12.4866,58.8267],[12.4768,58.8223],[12.4764,58.8143],[12.4705,58.8135],[12.4596,58.8318],[12.463,58.835],[12.4616,58.8408],[12.4555,58.8503],[12.4441,58.847],[12.4356,58.851],[12.4328,58.8594],[12.4328,58.8671]]]}},{"type":"Feature","properties":{"code":"1462","name":"Lilla Edet"},"geometry":{"type":"MultiPolygon","coordinates":[[[[12.1636,58.0125],[12.1711,58.0164],[12.1846,58.015],[12.1941,58.0168],[12.2305,58.0242],[12.2446,58.0344],[12.2377,58.0378],[12.2549,58.0512],[12.2851,58.0648],[12.3153,58.0795],[12.3314,58.085],[12.3413,58.09],[12.3499,58.1015],[12.3525,58.1088],[12.3629,58.1108],[12.3755,58.1173],[12.37,58.126],[12.3564,58.1236],[12.3397,58.1248],[12.3237,58.1239],[12.3265,58.1203],[12.3053,58.1199],[12.3054,58.1231],[12.2775,58.1216],[12.2638,58.1198],[12.2563,58.1156],[12.2477,58.1187],[12.2431,58.1162],[12.2321,58.1207],[12.2292,58.1225],[12.2224,58.1227],[12.2035,58.1289],[12.1987,58.1319],[12.1878,58.1348],[12.1898,58.138],[12.1836,58.1455],[12.1796,58.1531],[12.1665,58.1598],[12.1605,58.1664],[12.1619,58.169],[12.1799,58.18],[12.1783,58.1837],[12.1831,58.1898],[12.1819,58.1925],[12.17,58.2002],[12.1621,58.2031],[12.1565,58.2002],[12.1461,58.203],[12.1538,58.2078],[12.1542,58.2135],[12.1577,58.2167],[12.1797,58.2276],[12.189,58.2348],[12.2049,58.2441],[12.2214,58.2513],[12.2286,58.2566],[12.2171,58.2655],[12.2052,58.2673],[12.1869,58.275],[12.1758,58.2737],[12.1684,58.2705],[12.1471,58.2682],[12.1438,58.2728],[12.1346,58.2741],[12.1366,58.2813],[12.1419,58.287],[12.1556,58.2956],[12.1559,58.2974],[12.1446,58.3082],[12.1363,58.3081],[12.1187,58.3045],[12.1086,58.2974],[12.0991,58.2927],[12.0908,58.2842],[12.0879,58.2726],[12.0834,58.2636],[12.0944,58.2605],[12.0927,58.2559],[12.0758,58.2476],[12.0718,58.2413],[12.0617,58.2384],[12.0631,58.2336],[12.0477,58.2278],[12.0423,58.2284],[12.0433,58.2267],[12.0346,58.2176],[12.0224,58.2082],[12.0245,58.1966],[12.0187,58.1957],[12.0111,58.1871],[12.0099,58.1831],[12.0007,58.181],[11.986,58.1747],[11.992,58.1673],[11.9871,58.1574],[11.9826,58.1548],[11.9832,58.1499],[11.9866,58.1426],[11.9964,58.1327],[12.0196,58.121],[12.036,58.1212],[12.0372,58.1082],[12.0445,58.0934],[12.0413,58.0885],[12.034,58.0857],[12.0415,58.0785],[12.0403,58.0715],[12.042,58.0625],[12.0466,58.0588],[12.0445,58.0505],[12.039,58.04],[12.0416,58.031],[12.0608,58.023],[12.0875,58.0181],[12.1327,58.0106],[12.1322,58.0084],[12.1372,58.0131],[12.1523,58.0106],[12.1608,58.0076],[12.1636,58.0125]]],[[[12.4192,58.0408],[12.4075,58.0418],[12.4098,58.0465],[12.398,58.0553],[12.3869,58.0473],[12.3903,58.0376],[12.3993,58.0357],[12.4155,58.0364],[12.4192,58.0408]]]]}},{"type":"Feature","properties":{"code":"1463","name":"Mark"},"geometry":{"type":"Polygon","coordinates":[[[12.3388,57.5596],[12.326,57.5478],[12.3116,57.521],[12.313,57.5163],[12.3254,57.5076],[12.3409,57.4935],[12.3444,57.4864],[12.3341,57.4748],[12.324,57.4631],[12.331,57.4549],[12.3377,57.4511],[12.3455,57.4505],[12.3583,57.4528],[12.3665,57.4493],[12.3765,57.4493],[12.3802,57.4456],[12.3895,57.443],[12.39,57.44],[12.4023,57.4362],[12.4068,57.429],[12.4082,57.4205],[12.4118,57.4171],[12.4055,57.4147],[12.4073,57.4111],[12.4174,57.4063],[12.4176,57.3986],[12.4111,57.3978],[12.4092,57.3934],[12.396,57.3812],[12.391,57.3608],[12.387,57.3515],[12.3854,57.3437],[12.393,57.3404],[12.3896,57.337],[12.3975,57.3287],[12.4175,57.3196],[12.4265,57.3225],[12.4322,57.315],[12.4211,57.3071],[12.4256,57.3054],[12.424,57.2971],[12.4257,57.2874],[12.4297,57.2831],[12.4291,57.2774],[12.4302,57.2694],[12.4506,57.2733],[12.4558,57.2795],[12.4619,57.2754],[12.4817,57.2791],[12.4958,57.2867],[12.4977,57.2822],[12.5046,57.2811],[12.5119,57.2882],[12.5191,57.2973],[12.5295,57.3027],[12.5335,57.3138],[12.5372,57.3195],[12.5588,57.3212],[12.56,57.3303],[12.5798,57.3337],[12.5896,57.3388],[12.5924,57.3431],[12.599,57.3423],[12.6033,57.3455],[12.6092,57.3467],[12.6246,57.3423],[12.6225,57.3319],[12.639,57.3317],[12.6517,57.3359],[12.6553,57.3414],[12.6691,57.3385],[12.6753,57.33],[12.6932,57.3293],[12.7055,57.3235],[12.7064,57.3187],[12.7029,57.314],[12.7327,57.3025],[12.7379,57.3024],[12.7419,57.2957],[12.7445,57.286],[12.7523,57.2774],[12.7628,57.2734],[12.7795,57.2805],[12.7791,57.2843],[12.8075,57.3011],[12.8137,57.3086],[12.813,57.3216],[12.8248,57.3267],[12.8469,57.3299],[12.8645,57.3457],[12.874,57.3497],[12.8746,57.3603],[12.869,57.3666],[12.8698,57.3726],[12.8758,57.381],[12.8699,57.3838],[12.8718,57.3893],[12.8784,57.3908],[12.8934,57.4029],[12.8889,57.4123],[12.8799,57.4163],[12.8788,57.4225],[12.874,57.4286],[12.8878,57.4418],[12.8854,57.4429],[12.8918,57.4518],[12.8912,57.4559],[12.8863,57.4587],[12.8744,57.4559],[12.8657,57.4524],[12.8493,57.4563],[12.8398,57.4602],[12.8417,57.464],[12.8526,57.4707],[12.8741,57.487],[12.8822,57.4944],[12.8916,57.5091],[12.8909,57.5127],[12.9012,57.5125],[12.9137,57.5243],[12.934,57.5391],[12.942,57.553],[12.9574,57.5674],[12.9589,57.5749],[12.9477,57.5733],[12.9287,57.5635],[12.919,57.5634],[12.92,57.573],[12.9165,57.5746],[12.9042,57.5658],[12.8831,57.5585],[12.8784,57.5547],[12.8698,57.5567],[12.8539,57.5672],[12.8518,57.5701],[12.84,57.5748],[12.8125,57.5882],[12.8015,57.5911],[12.7913,57.5888],[12.7873,57.5855],[12.7431,57.5682],[12.7342,57.5598],[12.7152,57.5642],[12.694,57.5646],[12.6891,57.5683],[12.6802,57.5693],[12.6609,57.566],[12.6518,57.5683],[12.6347,57.5788],[12.6374,57.5866],[12.634,57.5948],[12.6428,57.596],[12.6451,57.6001],[12.6538,57.6031],[12.6574,57.6112],[12.6544,57.6148],[12.6572,57.6239],[12.6508,57.629],[12.653,57.6335],[12.6454,57.6389],[12.6421,57.635],[12.6329,57.6417],[12.6248,57.6371],[12.6083,57.6275],[12.5958,57.6223],[12.5753,57.6188],[12.5622,57.6198],[12.5506,57.6175],[12.5221,57.6207],[12.5105,57.6154],[12.4917,57.6158],[12.4834,57.6142],[12.4788,57.6106],[12.4601,57.605],[12.4598,57.5996],[12.4323,57.614],[12.4207,57.6181],[12.4069,57.619],[12.4014,57.6162],[12.3745,57.613],[12.3762,57.6174],[12.369,57.6266],[12.3589,57.632],[12.3426,57.6305],[12.3177,57.6178],[12.3091,57.6169],[12.306,57.6116],[12.2733,57.6058],[12.2772,57.5975],[12.2831,57.5914],[12.3074,57.5811],[12.3195,57.5743],[12.3299,57.5666],[12.341,57.5617],[12.3388,57.5596]]]}},{"type":"Feature","properties":{"code":"1465","name":"Svenljunga"},"geometry":{"type":"Polygon","coordinates":[[[13.2526,57.5418],[13.2455,57.5375],[13.232,57.5422],[13.2147,57.5412],[13.1908,57.5337],[13.1741,57.5371],[13.1473,57.541],[13.1368,57.5475],[13.1421,57.5527],[13.1749,57.5884],[13.1705,57.5927],[13.1994,57.6122],[13.1987,57.6212],[13.2036,57.627],[13.195,57.6373],[13.2045,57.6411],[13.1987,57.6511],[13.2029,57.6556],[13.2089,57.666],[13.1863,57.6735],[13.1617,57.6737],[13.1538,57.6713],[13.1498,57.6699],[13.1144,57.6668],[13.1083,57.6575],[13.1181,57.6565],[13.1103,57.6423],[13.0873,57.6235],[13.0904,57.6186],[13.0813,57.6185],[13.0748,57.6159],[13.0766,57.6127],[13.056,57.606],[13.0325,57.6034],[13.0156,57.5886],[13.0018,57.5829],[12.9982,57.5775],[12.9863,57.5723],[12.9574,57.5674],[12.942,57.553],[12.934,57.5391],[12.9137,57.5243],[12.9012,57.5125],[12.8909,57.5127],[12.8916,57.5091],[12.8822,57.4944],[12.8741,57.487],[12.8526,57.4707],[12.8417,57.464],[12.8398,57.4602],[12.8493,57.4563],[12.8657,57.4524],[12.8744,57.4559],[12.8863,57.4587],[12.8912,57.4559],[12.8918,57.4518],[12.8854,57.4429],[12.8878,57.4418],[12.874,57.4286],[12.8788,57.4225],[12.8799,57.4163],[12.8889,57.4123],[12.8934,57.4029],[12.8784,57.3908],[12.8718,57.3893],[12.8699,57.3838],[12.8758,57.381],[12.8698,57.3726],[12.869,57.3666],[12.8746,57.3603],[12.874,57.3497],[12.8645,57.3457],[12.8469,57.3299],[12.8248,57.3267],[12.813,57.3216],[12.8137,57.3086],[12.8075,57.3011],[12.817,57.2934],[12.8269,57.2777],[12.8361,57.2697],[12.8514,57.2679],[12.8608,57.2656],[12.8819,57.2715],[12.8938,57.2703],[12.9016,57.2678],[12.9061,57.2704],[12.9213,57.2646],[12.9336,57.2612],[12.9277,57.2576],[12.9306,57.2521],[12.9447,57.2474],[12.9503,57.2478],[12.9542,57.2412],[12.9391,57.2314],[12.935,57.2275],[12.9254,57.2283],[12.9144,57.2198],[12.9203,57.2023],[12.9198,57.197],[12.916,57.1935],[12.915,57.1872],[12.9108,57.184],[12.9122,57.1806],[12.9208,57.1756],[12.9347,57.1742],[12.9474,57.1783],[12.9603,57.177],[12.9688,57.1792],[12.974,57.1832],[12.9856,57.1788],[12.9887,57.1813],[12.9996,57.1773],[13.0083,57.1813],[13.0215,57.1813],[13.0391,57.1779],[13.0317,57.1751],[13.0225,57.1666],[13.0209,57.1575],[13.0266,57.155],[13.0375,57.1541],[13.0454,57.1555],[13.0513,57.1487],[13.0598,57.1472],[13.0718,57.1512],[13.0753,57.1563],[13.0974,57.1579],[13.094,57.1515],[13.1003,57.1456],[13.1114,57.1467],[13.1169,57.1493],[13.1201,57.1548],[13.1255,57.1574],[13.1307,57.1641],[13.1383,57.1676],[13.1382,57.1735],[13.1515,57.178],[13.1585,57.1904],[13.1656,57.194],[13.1658,57.1995],[13.1764,57.209],[13.1752,57.2111],[13.1941,57.2274],[13.1899,57.2296],[13.1885,57.2375],[13.1955,57.2432],[13.1993,57.2504],[13.2109,57.2506],[13.224,57.2551],[13.2289,57.2594],[13.2458,57.2594],[13.2528,57.2552],[13.259,57.2543],[13.2727,57.2629],[13.273,57.268],[13.2833,57.2723],[13.2878,57.2856],[13.2891,57.289],[13.2872,57.3017],[13.2821,57.3075],[13.2759,57.3047],[13.2728,57.3001],[13.2642,57.2993],[13.2586,57.2939],[13.2502,57.2939],[13.2386,57.3038],[13.226,57.3082],[13.2268,57.3181],[13.2558,57.3289],[13.2627,57.3327],[13.2542,57.3349],[13.2549,57.3393],[13.2618,57.3478],[13.2438,57.3547],[13.2512,57.3622],[13.2602,57.374],[13.2408,57.3736],[13.2239,57.3766],[13.2157,57.3824],[13.2154,57.3935],[13.213,57.3995],[13.2297,57.4075],[13.2334,57.4166],[13.2403,57.424],[13.2307,57.4289],[13.234,57.4359],[13.2209,57.4343],[13.2047,57.4354],[13.2061,57.4404],[13.2017,57.4465],[13.2064,57.4499],[13.2202,57.4515],[13.2273,57.4612],[13.2269,57.4648],[13.2421,57.4707],[13.2465,57.4738],[13.244,57.4814],[13.2512,57.4849],[13.26,57.4952],[13.2563,57.5019],[13.2683,57.5061],[13.275,57.5105],[13.2725,57.5239],[13.2595,57.5291],[13.2526,57.5418]]]}},{"type":"Feature","properties":{"code":"1466","name":"Herrljunga"},"geometry":{"type":"Polygon","coordinates":[[[13.1059,57.908],[13.1164,57.8985],[13.1166,57.8895],[13.1291,57.8914],[13.1434,57.8973],[13.1612,57.8966],[13.1708,57.8987],[13.1879,57.9043],[13.221,57.9106],[13.2207,57.9129],[13.2309,57.9198],[13.2346,57.931],[13.2626,57.9445],[13.2741,57.9527],[13.2879,57.9524],[13.3105,57.9555],[13.3281,57.9517],[13.3346,57.9567],[13.3505,57.9754],[13.3569,57.9818],[13.3739,58.0021],[13.3703,58.0036],[13.3524,58.0059],[13.348,58.0077],[13.3375,58.0027],[13.3308,58.0039],[13.3284,58.0095],[13.3355,58.0159],[13.3224,58.0234],[13.3206,58.0186],[13.3091,58.0377],[13.3093,58.0468],[13.3119,58.0535],[13.3045,58.0546],[13.3056,58.062],[13.2958,58.0653],[13.3077,58.0742],[13.3076,58.0779],[13.3136,58.0818],[13.3039,58.0852],[13.2843,58.0865],[13.2844,58.083],[13.2693,58.087],[13.259,58.0928],[13.2523,58.091],[13.228,58.0887],[13.2193,58.0754],[13.2084,58.0742],[13.2024,58.0762],[13.2094,58.0815],[13.1991,58.0845],[13.1979,58.0891],[13.2113,58.1011],[13.2124,58.1061],[13.2015,58.108],[13.2085,58.1133],[13.2173,58.1173],[13.2102,58.1215],[13.2143,58.1257],[13.203,58.1294],[13.1894,58.1292],[13.1759,58.121],[13.1448,58.1146],[13.1268,58.1134],[13.1107,58.1159],[13.0963,58.1159],[13.0864,58.1167],[13.0651,58.1145],[13.0459,58.1137],[13.0356,58.1154],[13.0309,58.1121],[13.0226,58.1118],[13.0086,58.1103],[12.9869,58.1094],[12.9786,58.1091],[12.9631,58.1117],[12.9347,58.1125],[12.9033,58.1117],[12.9025,58.0933],[12.8998,58.0929],[12.8633,58.0972],[12.8607,58.0823],[12.856,58.08],[12.838,58.0766],[12.8381,58.0673],[12.8442,58.065],[12.8703,58.0595],[12.8676,58.0457],[12.8687,58.0402],[12.8954,58.0399],[12.9158,58.0407],[12.9302,58.033],[12.9464,58.0339],[12.9638,58.0375],[12.9439,58.0252],[12.9494,58.0174],[12.9566,58.0142],[12.9754,58.0091],[12.9858,58.0098],[12.9853,58.0073],[12.968,57.9987],[12.9648,57.9911],[12.9742,57.9752],[12.9706,57.9664],[12.962,57.9592],[12.9612,57.9548],[12.944,57.9485],[12.9328,57.9369],[12.9302,57.9293],[12.9477,57.9219],[12.9603,57.9133],[12.9634,57.914],[12.9952,57.8993],[13.0026,57.8996],[13.0224,57.8951],[13.0313,57.8982],[13.0767,57.9054],[13.0913,57.9031],[13.101,57.9081],[13.1059,57.908]]]}},{"type":"Feature","properties":{"code":"1470","name":"Vara"},"geometry":{"type":"Polygon","coordinates":[[[12.795,58.3176],[12.7944,58.3139],[12.8021,58.3115],[12.7993,58.3081],[12.8083,58.3056],[12.8157,58.3013],[12.8309,58.2994],[12.8255,58.2948],[12.8322,58.2897],[12.8312,58.2813],[12.8197,58.2813],[12.8154,58.2707],[12.8165,58.2611],[12.8298,58.261],[12.8195,58.251],[12.8124,58.2414],[12.8036,58.2392],[12.8016,58.235],[12.7933,58.2276],[12.7918,58.2188],[12.7998,58.2154],[12.8076,58.2168],[12.819,58.2218],[12.8224,58.2185],[12.8341,58.2139],[12.8262,58.2063],[12.843,58.1954],[12.8481,58.195],[12.8631,58.1997],[12.8971,58.1935],[12.8924,58.1887],[12.8714,58.1862],[12.8676,58.1803],[12.8608,58.1794],[12.8388,58.1803],[12.8358,58.1783],[12.8474,58.1744],[12.8598,58.165],[12.8702,58.1659],[12.8785,58.1706],[12.8781,58.1558],[12.8888,58.1582],[12.8911,58.155],[12.9039,58.1482],[12.9228,58.1437],[12.9199,58.1367],[12.9183,58.1258],[12.9139,58.1199],[12.9225,58.1184],[12.9347,58.1125],[12.9631,58.1117],[12.9786,58.1091],[12.9869,58.1094],[12.987,58.1158],[13.0027,58.1161],[13.0038,58.1221],[13.0133,58.1229],[13.0238,58.1177],[13.0226,58.1118],[13.0309,58.1121],[13.0356,58.1154],[13.0459,58.1137],[13.0651,58.1145],[13.0864,58.1167],[13.0963,58.1159],[13.1107,58.1159],[13.1268,58.1134],[13.1448,58.1146],[13.1759,58.121],[13.1894,58.1292],[13.2114,58.1428],[13.2257,58.1362],[13.2312,58.1472],[13.2269,58.1542],[13.2363,58.1677],[13.2432,58.1737],[13.2414,58.1767],[13.247,58.1859],[13.2453,58.1901],[13.2572,58.1889],[13.2856,58.1905],[13.3034,58.2001],[13.32,58.2037],[13.3157,58.2074],[13.346,58.2261],[13.338,58.2315],[13.3443,58.2349],[13.3515,58.2355],[13.3574,58.233],[13.3824,58.25],[13.3787,58.2521],[13.3784,58.258],[13.3893,58.2551],[13.4048,58.276],[13.3821,58.2856],[13.3744,58.2898],[13.366,58.2935],[13.3333,58.2962],[13.3354,58.3007],[13.3098,58.3042],[13.3059,58.3064],[13.2927,58.3027],[13.283,58.3054],[13.2786,58.3035],[13.2617,58.3034],[13.2553,58.3121],[13.2485,58.3139],[13.2532,58.3182],[13.2389,58.326],[13.2512,58.3382],[13.2405,58.3449],[13.2221,58.3492],[13.2069,58.3515],[13.197,58.3501],[13.1856,58.3544],[13.1748,58.3497],[13.1699,58.3504],[13.1683,58.3411],[13.1739,58.3363],[13.1676,58.3292],[13.1492,58.3306],[13.1452,58.3324],[13.1347,58.3281],[13.1417,58.3339],[13.1272,58.3411],[13.1165,58.3442],[13.0985,58.3381],[13.0923,58.3418],[13.0835,58.3395],[13.0728,58.3453],[13.0571,58.3384],[13.0417,58.3416],[13.0459,58.3469],[13.0333,58.3494],[13.0331,58.3446],[13.0277,58.3434],[13.0216,58.3346],[13.0093,58.332],[13.0028,58.3246],[12.9908,58.3221],[12.9869,58.3175],[12.9755,58.3157],[12.9673,58.3215],[12.9591,58.3228],[12.952,58.3273],[12.9514,58.3318],[12.9667,58.3376],[12.978,58.3439],[12.9749,58.3482],[12.9669,58.3456],[12.9621,58.3491],[12.9562,58.358],[12.9433,58.3698],[12.9292,58.3778],[12.9191,58.3797],[12.9229,58.3834],[12.9182,58.3859],[12.9074,58.3836],[12.8996,58.3889],[12.8959,58.3865],[12.8821,58.3847],[12.8568,58.3851],[12.8452,58.3875],[12.8259,58.3828],[12.8002,58.3599],[12.7948,58.3513],[12.7908,58.3497],[12.795,58.3176]]]}},{"type":"Feature","properties":{"code":"1471","name":"Götene"},"geometry":{"type":"Polygon","coordinates":[[[13.3133,58.4749],[13.3065,58.4737],[13.3023,58.4637],[13.3059,58.4567],[13.3197,58.4483],[13.3304,58.4429],[13.3397,58.4363],[13.3459,58.4399],[13.3537,58.4408],[13.3666,58.4389],[13.3993,58.432],[13.408,58.4331],[13.4286,58.4342],[13.4368,58.4327],[13.4361,58.4418],[13.4472,58.449],[13.4616,58.4521],[13.472,58.4509],[13.4841,58.4518],[13.4869,58.4555],[13.4963,58.4524],[13.5115,58.4573],[13.5271,58.4553],[13.5398,58.4555],[13.5489,58.46],[13.549,58.4627],[13.5662,58.4659],[13.562,58.4683],[13.5677,58.4729],[13.5833,58.4744],[13.5962,58.475],[13.6117,58.4719],[13.6126,58.4775],[13.6212,58.4803],[13.6235,58.485],[13.6327,58.4897],[13.6375,58.4964],[13.6421,58.5144],[13.6544,58.5176],[13.6623,58.5232],[13.6678,58.5317],[13.6726,58.5336],[13.6692,58.534],[13.6764,58.5449],[13.6681,58.5441],[13.6637,58.5623],[13.6536,58.5716],[13.6261,58.5754],[13.5979,58.5918],[13.5907,58.5997],[13.5964,58.6055],[13.6049,58.6091],[13.6212,58.6136],[13.6308,58.6221],[13.617,58.6233],[13.6086,58.6297],[13.6147,58.6323],[13.6106,58.6383],[13.5957,58.6446],[13.5829,58.6471],[13.5885,58.6529],[13.5984,58.6563],[13.605,58.656],[13.6194,58.6698],[13.621,58.6766],[13.6252,58.6786],[13.6348,58.6912],[13.6305,58.7115],[13.6281,58.7228],[13.6202,58.7253],[13.4982,58.685],[13.4261,58.6447],[13.3973,58.6417],[13.3395,58.6111],[13.3163,58.5721],[13.3018,58.5516],[13.2871,58.5466],[13.2678,58.5056],[13.2529,58.5041],[13.2586,58.4963],[13.2696,58.4875],[13.3133,58.4749]],[[13.5838,58.6027],[13.5754,58.6004],[13.5726,58.6119],[13.576,58.6064],[13.5838,58.6027]]]}},{"type":"Feature","properties":{"code":"1472","name":"Tibro"},"geometry":{"type":"Polygon","coordinates":[[[14.0797,58.419],[14.0784,58.4143],[14.0679,58.4022],[14.0822,58.3937],[14.1156,58.3796],[14.1367,58.372],[14.1462,58.3711],[14.1371,58.366],[14.1373,58.36],[14.1478,58.363],[14.1517,58.3603],[14.1477,58.3567],[14.1621,58.3531],[14.1657,58.3579],[14.1802,58.3565],[14.1873,58.351],[14.1942,58.3554],[14.1995,58.3615],[14.2045,58.3638],[14.2409,58.364],[14.2611,58.3701],[14.2646,58.375],[14.2669,58.385],[14.2619,58.3938],[14.2684,58.3979],[14.2926,58.3968],[14.3012,58.398],[14.3046,58.4048],[14.3072,58.4104],[14.2942,58.4132],[14.2917,58.4182],[14.3036,58.4305],[14.3126,58.4389],[14.3685,58.4696],[14.3781,58.4873],[14.3876,58.4912],[14.3658,58.494],[14.3644,58.5003],[14.3549,58.5132],[14.3507,58.523],[14.3543,58.5265],[14.3453,58.532],[14.3374,58.5433],[14.3383,58.5608],[14.2882,58.5397],[14.2613,58.5346],[14.2499,58.5296],[14.2481,58.5326],[14.2219,58.5314],[14.2221,58.5235],[14.1894,58.5151],[14.1451,58.5118],[14.1421,58.5086],[14.1362,58.4907],[14.1174,58.4581],[14.1129,58.4545],[14.1139,58.4521],[14.0911,58.4519],[14.0751,58.4482],[14.0672,58.4402],[14.0765,58.4335],[14.0629,58.4272],[14.0667,58.4208],[14.0788,58.4219],[14.0797,58.419]]]}},{"type":"Feature","properties":{"code":"1473","name":"Töreboda"},"geometry":{"type":"Polygon","coordinates":[[[13.9696,58.6723],[13.9595,58.6521],[13.9392,58.6222],[13.9256,58.6123],[13.9161,58.6036],[13.9036,58.5942],[13.915,58.5922],[13.9186,58.5805],[13.9275,58.5788],[13.9195,58.5749],[13.9288,58.5702],[13.9402,58.5817],[13.9481,58.5866],[13.9589,58.5876],[13.9728,58.5853],[13.9825,58.5869],[13.986,58.5933],[13.998,58.5938],[14.0109,58.5961],[14.0309,58.5923],[14.0385,58.5839],[14.0468,58.582],[14.0516,58.5706],[14.0583,58.5642],[14.0607,58.5587],[14.0656,58.556],[14.0736,58.5464],[14.0783,58.5308],[14.0871,58.523],[14.0923,58.5089],[14.1451,58.5118],[14.1894,58.5151],[14.2221,58.5235],[14.2219,58.5314],[14.2481,58.5326],[14.2499,58.5296],[14.2613,58.5346],[14.2882,58.5397],[14.3383,58.5608],[14.3425,58.5776],[14.3444,58.5855],[14.337,58.6088],[14.3295,58.6085],[14.3313,58.614],[14.3167,58.6193],[14.3129,58.616],[14.2948,58.613],[14.2936,58.615],[14.2718,58.6161],[14.2507,58.6239],[14.2587,58.6323],[14.2917,58.654],[14.2795,58.6923],[14.2609,58.6881],[14.2578,58.6963],[14.2532,58.6984],[14.2601,58.7021],[14.2961,58.7206],[14.3139,58.723],[14.3632,58.7257],[14.3747,58.7329],[14.376,58.7366],[14.3863,58.7473],[14.3872,58.7582],[14.4214,58.7947],[14.3811,58.8024],[14.359,58.8123],[14.3526,58.8165],[14.3508,58.8282],[14.3072,58.8378],[14.3108,58.8297],[14.3049,58.8299],[14.2938,58.8268],[14.2947,58.8223],[14.2528,58.8232],[14.247,58.822],[14.2291,58.8249],[14.2215,58.8233],[14.2198,58.8156],[14.213,58.8067],[14.2145,58.8028],[14.1847,58.7953],[14.1696,58.7965],[14.1704,58.7908],[14.1637,58.7899],[14.1509,58.792],[14.1415,58.7908],[14.1375,58.7895],[14.1043,58.7861],[14.0943,58.7865],[14.0855,58.7797],[14.0837,58.7713],[14.0615,58.7761],[14.0402,58.7777],[14.019,58.7763],[14.0186,58.7629],[14.0359,58.753],[14.0486,58.7478],[14.0319,58.7288],[14.019,58.7139],[14.0053,58.7083],[13.9666,58.7046],[13.9429,58.7003],[13.9365,58.6939],[13.9285,58.6955],[13.9244,58.6842],[13.938,58.6801],[13.953,58.6788],[13.9696,58.6723]]]}},{"type":"Feature","properties":{"code":"1480","name":"Göteborg"},"geometry":{"type":"Polygon","coordinates":[[[11.6978,57.7136],[11.6909,57.7025],[11.6958,57.6905],[11.6979,57.6738],[11.7013,57.6692],[11.7042,57.6652],[11.6961,57.6547],[11.6636,57.6474],[11.6437,57.6519],[11.6313,57.6477],[11.6157,57.6516],[11.6,57.6521],[11.5799,57.6526],[11.5892,57.6365],[11.6448,57.575],[11.7124,57.4999],[11.7791,57.4997],[11.818,57.5564],[11.8195,57.5565],[11.8556,57.5581],[11.8813,57.56],[11.8899,57.5622],[11.8978,57.5608],[11.9224,57.5637],[11.9248,57.5625],[11.946,57.5618],[11.948,57.5624],[11.9579,57.564],[11.9635,57.5622],[11.9878,57.565],[11.9969,57.5678],[12.0033,57.5667],[12.0098,57.5698],[11.9986,57.5844],[11.9992,57.596],[12.0016,57.5994],[11.9893,57.6061],[11.976,57.6224],[11.9681,57.6298],[11.9631,57.6344],[11.9606,57.6458],[11.9604,57.649],[11.9538,57.6525],[11.9564,57.6551],[11.9492,57.6635],[11.9694,57.6709],[11.9683,57.6758],[11.9715,57.6772],[11.9775,57.6774],[11.9848,57.6778],[11.9855,57.678],[11.9944,57.6782],[11.9984,57.6783],[12.0007,57.6771],[12.0072,57.6792],[12.0078,57.6793],[12.0134,57.6777],[12.0233,57.6735],[12.0495,57.676],[12.0562,57.6781],[12.0567,57.6782],[12.0758,57.6839],[12.0887,57.6822],[12.0703,57.7075],[12.0628,57.7184],[12.0624,57.719],[12.0609,57.7211],[12.0606,57.7215],[12.0557,57.7286],[12.0541,57.7339],[12.077,57.7349],[12.0788,57.741],[12.0794,57.7423],[12.0791,57.7446],[12.0793,57.7526],[12.0828,57.7556],[12.0798,57.7621],[12.0969,57.7655],[12.114,57.7724],[12.1641,57.7751],[12.1737,57.776],[12.1835,57.78],[12.201,57.7849],[12.2039,57.7888],[12.2236,57.7933],[12.2416,57.7964],[12.2245,57.8109],[12.2068,57.8148],[12.2047,57.816],[12.205,57.8198],[12.1938,57.8257],[12.192,57.8342],[12.1702,57.8557],[12.1491,57.8626],[12.1461,57.8648],[12.1375,57.866],[12.1265,57.8637],[12.1254,57.8618],[12.0891,57.8499],[12.079,57.8461],[12.06,57.8411],[12.0559,57.8399],[12.0519,57.8385],[12.0437,57.835],[12.0517,57.8268],[12.0484,57.8212],[12.0374,57.8264],[12.0302,57.8187],[12.0303,57.8181],[12.0291,57.8145],[12.0189,57.8118],[12.0161,57.8062],[12.0139,57.8062],[12.013,57.8168],[12.0088,57.8284],[12.0103,57.8424],[12.0076,57.8522],[12.0138,57.8608],[11.9962,57.8602],[11.9901,57.8633],[11.9847,57.8626],[11.9732,57.8648],[11.9654,57.8606],[11.9576,57.8543],[11.9536,57.8483],[11.9423,57.8483],[11.9269,57.8435],[11.9131,57.8455],[11.9036,57.8433],[11.9033,57.838],[11.8996,57.8316],[11.8904,57.8264],[11.8687,57.8114],[11.8453,57.7958],[11.8361,57.7942],[11.8218,57.7906],[11.8088,57.7895],[11.7921,57.7855],[11.7792,57.7824],[11.7317,57.7711],[11.7316,57.7711],[11.7185,57.7461],[11.7054,57.7314],[11.6983,57.7217],[11.6978,57.7136]]]}},{"type":"Feature","properties":{"code":"1481","name":"Mölndal"},"geometry":{"type":"Polygon","coordinates":[[[12.0972,57.6265],[12.0993,57.6318],[12.075,57.6361],[12.0797,57.6452],[12.0671,57.6512],[12.0743,57.6513],[12.0822,57.659],[12.0773,57.6597],[12.0716,57.6666],[12.0702,57.6716],[12.0567,57.6782],[12.0562,57.6781],[12.0495,57.676],[12.0233,57.6735],[12.0134,57.6777],[12.0078,57.6793],[12.0072,57.6792],[12.0007,57.6771],[11.9984,57.6783],[11.9944,57.6782],[11.9855,57.678],[11.9848,57.6778],[11.9775,57.6774],[11.9715,57.6772],[11.9683,57.6758],[11.9694,57.6709],[11.9492,57.6635],[11.9564,57.6551],[11.9538,57.6525],[11.9604,57.649],[11.9606,57.6458],[11.9631,57.6344],[11.9681,57.6298],[11.976,57.6224],[11.9893,57.6061],[12.0016,57.5994],[11.9992,57.596],[11.9986,57.5844],[12.0098,57.5698],[12.0033,57.5667],[11.9969,57.5678],[11.9878,57.565],[11.9985,57.559],[12.0071,57.5522],[12.0127,57.5457],[12.0293,57.55],[12.049,57.5517],[12.0531,57.5502],[12.0904,57.5541],[12.0872,57.5588],[12.1005,57.5618],[12.1033,57.5597],[12.1224,57.5617],[12.1385,57.5633],[12.1763,57.5669],[12.2079,57.5742],[12.2264,57.5809],[12.2514,57.5883],[12.2772,57.5975],[12.2733,57.6058],[12.2709,57.6096],[12.2248,57.6266],[12.2098,57.6274],[12.1737,57.6296],[12.1684,57.6323],[12.1669,57.6344],[12.1492,57.6329],[12.1419,57.6342],[12.1356,57.6333],[12.1318,57.629],[12.1159,57.6271],[12.1123,57.6227],[12.1004,57.6232],[12.0972,57.6265]]]}},{"type":"Feature","properties":{"code":"1482","name":"Kungälv"},"geometry":{"type":"Polygon","coordinates":[[[11.9732,57.8648],[11.9847,57.8626],[11.9901,57.8633],[11.9962,57.8602],[12.0138,57.8608],[12.026,57.8764],[12.027,57.8775],[12.033,57.8834],[12.0374,57.8923],[12.0387,57.8945],[12.0431,57.9033],[12.0501,57.9103],[12.0553,57.9176],[12.0609,57.9237],[12.0752,57.9417],[12.0821,57.9465],[12.0892,57.9479],[12.1055,57.9564],[12.1188,57.9619],[12.1284,57.9694],[12.1256,57.9783],[12.1285,57.9928],[12.1269,57.9997],[12.1322,58.0084],[12.1327,58.0106],[12.0875,58.0181],[12.0608,58.023],[12.0416,58.031],[12.0309,58.011],[12.0255,58.0061],[12.0114,58.0038],[11.9925,57.9882],[11.9927,57.9866],[11.9953,57.9666],[11.9932,57.9611],[11.9829,57.9621],[11.9768,57.9593],[11.9713,57.9564],[11.9598,57.9568],[11.9516,57.9532],[11.93,57.9541],[11.9476,57.9579],[11.9322,57.9629],[11.9231,57.9625],[11.9148,57.9576],[11.8973,57.9592],[11.8929,57.9657],[11.8592,57.9597],[11.8453,57.9614],[11.8383,57.9602],[11.8303,57.9638],[11.8308,57.9667],[11.8122,57.9687],[11.7899,57.9665],[11.7895,57.9715],[11.7496,57.9728],[11.737,57.9788],[11.7216,57.9716],[11.7098,57.9586],[11.6691,57.9507],[11.6941,57.939],[11.6777,57.9323],[11.639,57.9185],[11.6107,57.9181],[11.5342,57.9171],[11.5346,57.908],[11.4943,57.886],[11.4868,57.8819],[11.4589,57.863],[11.4975,57.822],[11.5147,57.8043],[11.5535,57.8047],[11.5563,57.8065],[11.5647,57.8053],[11.584,57.809],[11.6145,57.8085],[11.6483,57.7914],[11.6799,57.7873],[11.7316,57.7711],[11.7317,57.7711],[11.7792,57.7824],[11.7921,57.7855],[11.8088,57.7895],[11.8218,57.7906],[11.8361,57.7942],[11.8453,57.7958],[11.8687,57.8114],[11.8904,57.8264],[11.8996,57.8316],[11.9033,57.838],[11.9036,57.8433],[11.9131,57.8455],[11.9269,57.8435],[11.9423,57.8483],[11.9536,57.8483],[11.9576,57.8543],[11.9654,57.8606],[11.9732,57.8648]]]}},{"type":"Feature","properties":{"code":"1484","name":"Lysekil"},"geometry":{"type":"Polygon","coordinates":[[[11.5092,58.2932],[11.522,58.3009],[11.531,58.3125],[11.5381,58.3153],[11.5594,58.3347],[11.5747,58.347],[11.5809,58.3542],[11.598,58.3672],[11.6018,58.372],[11.5951,58.3762],[11.5988,58.3816],[11.5965,58.3868],[11.599,58.4006],[11.5929,58.4038],[11.5928,58.4186],[11.5852,58.4329],[11.5836,58.4425],[11.5806,58.4461],[11.5823,58.4535],[11.578,58.4666],[11.5793,58.4679],[11.5718,58.4778],[11.5751,58.4799],[11.568,58.4859],[11.5616,58.4816],[11.5527,58.4833],[11.5562,58.4872],[11.5448,58.4926],[11.5202,58.496],[11.5118,58.489],[11.51,58.4816],[11.4875,58.4825],[11.478,58.482],[11.4759,58.4766],[11.4659,58.4713],[11.4562,58.4582],[11.4563,58.4541],[11.4426,58.4436],[11.4326,58.4336],[11.4282,58.4234],[11.4163,58.4165],[11.4052,58.4023],[11.3877,58.3886],[11.388,58.3843],[11.3708,58.371],[11.3666,58.3635],[11.3574,58.358],[11.3538,58.3506],[11.3538,58.3169],[11.322,58.3022],[11.3084,58.293],[11.2879,58.2929],[11.2845,58.2929],[11.3425,58.2622],[11.289,58.2307],[11.2998,58.1741],[11.3153,58.1742],[11.3526,58.1742],[11.3903,58.1868],[11.4018,58.1924],[11.4292,58.1831],[11.4418,58.1815],[11.4515,58.1822],[11.4576,58.1894],[11.4628,58.1911],[11.4667,58.2012],[11.4795,58.2144],[11.4776,58.2236],[11.4811,58.2297],[11.4951,58.2333],[11.4891,58.2375],[11.4916,58.2424],[11.5038,58.2577],[11.505,58.2625],[11.4932,58.2622],[11.4884,58.2651],[11.4726,58.2694],[11.5044,58.286],[11.5092,58.2932]]]}},{"type":"Feature","properties":{"code":"1485","name":"Uddevalla"},"geometry":{"type":"Polygon","coordinates":[[[11.8533,58.1602],[11.8642,58.1587],[11.8741,58.159],[11.9131,58.1572],[11.9247,58.158],[11.926,58.1517],[11.9297,58.1526],[11.9762,58.151],[11.9832,58.1499],[11.9826,58.1548],[11.9871,58.1574],[11.992,58.1673],[11.986,58.1747],[12.0007,58.181],[12.0099,58.1831],[12.0111,58.1871],[12.0187,58.1957],[12.0245,58.1966],[12.0224,58.2082],[12.0346,58.2176],[12.0433,58.2267],[12.0423,58.2284],[12.0477,58.2278],[12.0631,58.2336],[12.0617,58.2384],[12.0718,58.2413],[12.0758,58.2476],[12.0927,58.2559],[12.0944,58.2605],[12.0834,58.2636],[12.0879,58.2726],[12.0908,58.2842],[12.0991,58.2927],[12.1086,58.2974],[12.1187,58.3045],[12.1031,58.3109],[12.1046,58.3137],[12.1183,58.3199],[12.1223,58.3245],[12.1137,58.3307],[12.1089,58.3389],[12.1078,58.3469],[12.1003,58.351],[12.1057,58.351],[12.1097,58.3561],[12.1156,58.358],[12.1169,58.3653],[12.1313,58.3697],[12.1548,58.3898],[12.1551,58.3967],[12.1491,58.4028],[12.1044,58.4178],[12.0909,58.4252],[12.0711,58.439],[12.0662,58.4419],[12.0567,58.4437],[12.0367,58.4434],[12.0246,58.4476],[11.9743,58.4522],[11.9402,58.4428],[11.9306,58.4451],[11.9144,58.435],[11.9039,58.4351],[11.8852,58.4322],[11.8791,58.4359],[11.872,58.43],[11.8407,58.4264],[11.823,58.4358],[11.8146,58.4421],[11.7996,58.4452],[11.7894,58.4417],[11.777,58.4351],[11.766,58.4323],[11.7704,58.4292],[11.7489,58.427],[11.7173,58.4204],[11.7051,58.4187],[11.7014,58.426],[11.6957,58.4316],[11.6776,58.432],[11.665,58.427],[11.6607,58.4236],[11.6472,58.4177],[11.6278,58.4027],[11.6192,58.3948],[11.599,58.4006],[11.5965,58.3868],[11.5988,58.3816],[11.5951,58.3762],[11.6018,58.372],[11.598,58.3672],[11.5809,58.3542],[11.5747,58.347],[11.5594,58.3347],[11.5381,58.3153],[11.531,58.3125],[11.522,58.3009],[11.5092,58.2932],[11.5044,58.286],[11.4726,58.2694],[11.4884,58.2651],[11.4932,58.2622],[11.505,58.2625],[11.5038,58.2577],[11.4916,58.2424],[11.4891,58.2375],[11.4951,58.2333],[11.5199,58.2407],[11.531,58.2387],[11.5418,58.2401],[11.5555,58.2342],[11.5594,58.2272],[11.5748,58.2332],[11.5818,58.2404],[11.5883,58.2388],[11.6089,58.2451],[11.6099,58.247],[11.6309,58.2561],[11.6385,58.2554],[11.6461,58.2581],[11.6485,58.2624],[11.6611,58.257],[11.6689,58.2557],[11.6772,58.2693],[11.675,58.2767],[11.6692,58.2809],[11.678,58.2898],[11.673,58.2938],[11.6738,58.2981],[11.6779,58.3008],[11.6914,58.3028],[11.6942,58.3062],[11.7101,58.3062],[11.7161,58.3086],[11.7228,58.3022],[11.7468,58.3089],[11.7564,58.3071],[11.7615,58.3007],[11.761,58.2972],[11.7753,58.2812],[11.7771,58.2755],[11.7876,58.2697],[11.8041,58.2686],[11.8079,58.2742],[11.8186,58.279],[11.8237,58.2748],[11.8197,58.268],[11.8311,58.2633],[11.8318,58.2575],[11.8374,58.2533],[11.8365,58.2469],[11.842,58.2433],[11.8484,58.235],[11.8518,58.2276],[11.8491,58.2247],[11.8509,58.2156],[11.8678,58.2138],[11.8651,58.2069],[11.8541,58.2074],[11.8508,58.1952],[11.8505,58.1781],[11.856,58.1667],[11.8533,58.1602]]]}},{"type":"Feature","properties":{"code":"1486","name":"Strömstad"},"geometry":{"type":"Polygon","coordinates":[[[11.0323,58.9705],[10.9505,58.8825],[10.9756,58.8226],[11.0971,58.8171],[11.1046,58.8183],[11.1311,58.8102],[11.1433,58.8111],[11.1531,58.8155],[11.1688,58.818],[11.1868,58.8257],[11.1958,58.8253],[11.2048,58.8285],[11.209,58.8359],[11.2222,58.8408],[11.2573,58.8487],[11.264,58.8461],[11.2469,58.8423],[11.235,58.8362],[11.2247,58.8368],[11.2324,58.8302],[11.242,58.8316],[11.2555,58.8365],[11.2669,58.8363],[11.2651,58.8405],[11.2735,58.8429],[11.2864,58.8429],[11.2983,58.8517],[11.3146,58.8473],[11.3317,58.8451],[11.3491,58.8643],[11.3665,58.8609],[11.3744,58.8502],[11.3797,58.8488],[11.373,58.8405],[11.3957,58.8417],[11.3972,58.8462],[11.4425,58.8654],[11.4563,58.8691],[11.4537,58.8765],[11.4567,58.8876],[11.4563,58.9167],[11.4635,58.934],[11.4597,58.9528],[11.4622,58.973],[11.4538,58.9855],[11.4647,58.9911],[11.4446,59.0116],[11.4312,59.0278],[11.4135,59.0402],[11.3944,59.0696],[11.3871,59.0796],[11.3679,59.0988],[11.3399,59.1147],[11.3025,59.1062],[11.289,59.0997],[11.2583,59.0961],[11.2255,59.0877],[11.1537,59.0792],[11.1379,59.0521],[11.1171,59.0151],[11.0917,58.9916],[11.0713,58.9803],[11.0845,58.9743],[11.0714,58.9801],[11.0663,58.9774],[11.0323,58.9705]]]}},{"type":"Feature","properties":{"code":"1487","name":"Vänersborg"},"geometry":{"type":"Polygon","coordinates":[[[12.333,58.3239],[12.3475,58.3177],[12.3472,58.3095],[12.3411,58.305],[12.3467,58.3012],[12.3675,58.2934],[12.3732,58.2901],[12.3762,58.2721],[12.367,58.2611],[12.3825,58.2565],[12.41,58.2672],[12.4179,58.2687],[12.4227,58.2774],[12.4376,58.282],[12.4454,58.2895],[12.4615,58.2896],[12.4842,58.2966],[12.4983,58.2984],[12.5247,58.3095],[12.5282,58.313],[12.5244,58.3129],[12.4939,58.3028],[12.4793,58.3064],[12.4794,58.3156],[12.4663,58.337],[12.4758,58.3353],[12.4824,58.3372],[12.4806,58.3436],[12.4732,58.3433],[12.4593,58.3391],[12.45,58.3394],[12.4405,58.3431],[12.4539,58.3514],[12.4563,58.3577],[12.4921,58.367],[12.5153,58.3763],[12.5263,58.3758],[12.5419,58.3726],[12.5541,58.3723],[12.5747,58.3749],[12.5881,58.3825],[12.6125,58.3946],[12.6289,58.4064],[12.6461,58.4134],[12.6559,58.4225],[12.644,58.4491],[12.7166,58.4943],[12.717,58.4957],[12.7427,58.5677],[12.627,58.538],[12.5687,58.5045],[12.5449,58.5178],[12.5422,58.5193],[12.5136,58.5359],[12.5142,58.5396],[12.5041,58.5416],[12.4937,58.5483],[12.4961,58.5501],[12.4872,58.5548],[12.4744,58.5571],[12.477,58.5616],[12.4681,58.5647],[12.4493,58.5691],[12.4322,58.5763],[12.42,58.5761],[12.4175,58.5732],[12.399,58.5735],[12.3915,58.5745],[12.3951,58.5791],[12.3643,58.5887],[12.3576,58.5893],[12.3445,58.5947],[12.3271,58.599],[12.3268,58.6011],[12.3007,58.6089],[12.2829,58.613],[12.2605,58.6156],[12.2479,58.6196],[12.1928,58.6326],[12.1764,58.6358],[12.1703,58.6358],[12.1653,58.6236],[12.1336,58.6005],[12.1313,58.5775],[12.1277,58.5674],[12.1241,58.5623],[12.1222,58.5538],[12.1207,58.5469],[12.1217,58.5367],[12.1241,58.534],[12.1208,58.5268],[12.12,58.5152],[12.1172,58.5042],[12.0932,58.4985],[12.0917,58.4957],[12.0891,58.4799],[12.0802,58.4804],[12.0775,58.4752],[12.0801,58.4705],[12.0748,58.4477],[12.0711,58.439],[12.0909,58.4252],[12.1044,58.4178],[12.1491,58.4028],[12.1551,58.3967],[12.1548,58.3898],[12.1313,58.3697],[12.1169,58.3653],[12.1156,58.358],[12.1097,58.3561],[12.1057,58.351],[12.1003,58.351],[12.1078,58.3469],[12.1089,58.3389],[12.1137,58.3307],[12.1223,58.3245],[12.1183,58.3199],[12.1046,58.3137],[12.1031,58.3109],[12.1187,58.3045],[12.1363,58.3081],[12.1449,58.314],[12.1548,58.3168],[12.1626,58.3166],[12.1678,58.3115],[12.1728,58.3124],[12.1845,58.3093],[12.1855,58.3068],[12.199,58.3082],[12.1985,58.3112],[12.218,58.3188],[12.224,58.3242],[12.2347,58.3234],[12.241,58.3246],[12.2517,58.3299],[12.2626,58.3291],[12.2706,58.3267],[12.2771,58.3244],[12.2909,58.3395],[12.2997,58.3405],[12.3083,58.3363],[12.3079,58.3269],[12.3148,58.3216],[12.323,58.3193],[12.3252,58.3236],[12.333,58.3239]]]}},{"type":"Feature","properties":{"code":"1488","name":"Trollhättan"},"geometry":{"type":"Polygon","coordinates":[[[12.3755,58.1173],[12.3853,58.1113],[12.4029,58.1161],[12.4266,58.1089],[12.4337,58.0952],[12.4404,58.0959],[12.4618,58.1032],[12.4582,58.1109],[12.4651,58.1234],[12.4705,58.1261],[12.4779,58.1255],[12.4809,58.1324],[12.4943,58.1339],[12.4979,58.1393],[12.4937,58.1425],[12.4857,58.1427],[12.4738,58.1481],[12.4794,58.1657],[12.4907,58.1619],[12.5045,58.1665],[12.5208,58.1664],[12.5295,58.1746],[12.5431,58.1806],[12.5446,58.1844],[12.54,58.1971],[12.5325,58.209],[12.5356,58.2123],[12.5224,58.2183],[12.5229,58.2248],[12.5285,58.2346],[12.5398,58.243],[12.552,58.2551],[12.5618,58.2712],[12.5723,58.2792],[12.58,58.2829],[12.5747,58.2844],[12.5473,58.3002],[12.5354,58.3052],[12.534,58.3114],[12.5282,58.313],[12.5247,58.3095],[12.4983,58.2984],[12.4842,58.2966],[12.4615,58.2896],[12.4454,58.2895],[12.4376,58.282],[12.4227,58.2774],[12.4179,58.2687],[12.41,58.2672],[12.3825,58.2565],[12.367,58.2611],[12.3762,58.2721],[12.3732,58.2901],[12.3675,58.2934],[12.3467,58.3012],[12.3411,58.305],[12.3472,58.3095],[12.3475,58.3177],[12.333,58.3239],[12.3252,58.3236],[12.323,58.3193],[12.3148,58.3216],[12.3079,58.3269],[12.3083,58.3363],[12.2997,58.3405],[12.2909,58.3395],[12.2771,58.3244],[12.2706,58.3267],[12.2626,58.3291],[12.2517,58.3299],[12.241,58.3246],[12.2347,58.3234],[12.224,58.3242],[12.218,58.3188],[12.1985,58.3112],[12.199,58.3082],[12.1855,58.3068],[12.1845,58.3093],[12.1728,58.3124],[12.1678,58.3115],[12.1626,58.3166],[12.1548,58.3168],[12.1449,58.314],[12.1363,58.3081],[12.1446,58.3082],[12.1559,58.2974],[12.1556,58.2956],[12.1419,58.287],[12.1366,58.2813],[12.1346,58.2741],[12.1438,58.2728],[12.1471,58.2682],[12.1684,58.2705],[12.1758,58.2737],[12.1869,58.275],[12.2052,58.2673],[12.2171,58.2655],[12.2286,58.2566],[12.2214,58.2513],[12.2049,58.2441],[12.189,58.2348],[12.1797,58.2276],[12.1577,58.2167],[12.1542,58.2135],[12.1538,58.2078],[12.1461,58.203],[12.1565,58.2002],[12.1621,58.2031],[12.17,58.2002],[12.1819,58.1925],[12.1831,58.1898],[12.1783,58.1837],[12.1799,58.18],[12.1619,58.169],[12.1605,58.1664],[12.1665,58.1598],[12.1796,58.1531],[12.1836,58.1455],[12.1898,58.138],[12.1878,58.1348],[12.1987,58.1319],[12.2035,58.1289],[12.2224,58.1227],[12.2292,58.1225],[12.2321,58.1207],[12.2431,58.1162],[12.2477,58.1187],[12.2563,58.1156],[12.2638,58.1198],[12.2775,58.1216],[12.3054,58.1231],[12.3053,58.1199],[12.3265,58.1203],[12.3237,58.1239],[12.3397,58.1248],[12.3564,58.1236],[12.37,58.126],[12.3755,58.1173]]]}},{"type":"Feature","properties":{"code":"1489","name":"Alingsås"},"geometry":{"type":"Polygon","coordinates":[[[12.4057,57.8945],[12.3877,57.8956],[12.3974,57.8768],[12.433,57.885],[12.4424,57.8903],[12.4455,57.8847],[12.4418,57.8759],[12.4453,57.8701],[12.4435,57.8636],[12.4333,57.8553],[12.4335,57.8526],[12.4416,57.8446],[12.4308,57.839],[12.4254,57.8296],[12.4292,57.8285],[12.448,57.814],[12.4429,57.8081],[12.4453,57.8045],[12.4562,57.7992],[12.4723,57.7861],[12.4783,57.793],[12.4839,57.7938],[12.4893,57.7894],[12.4844,57.7764],[12.4976,57.767],[12.5155,57.7619],[12.5351,57.7739],[12.558,57.7848],[12.5762,57.7915],[12.5862,57.7972],[12.5929,57.8046],[12.6,57.8097],[12.5927,57.8218],[12.6078,57.8312],[12.6297,57.8364],[12.6436,57.8429],[12.6447,57.8458],[12.6555,57.8496],[12.6601,57.8564],[12.6565,57.8603],[12.6562,57.8678],[12.6617,57.875],[12.6547,57.8779],[12.6531,57.8816],[12.6611,57.8855],[12.6627,57.8915],[12.6588,57.8969],[12.6635,57.9021],[12.6653,57.9089],[12.6568,57.9157],[12.6517,57.9311],[12.6527,57.9408],[12.6484,57.9503],[12.6271,57.9603],[12.6199,57.9615],[12.6198,57.9656],[12.6139,57.9747],[12.6009,57.9731],[12.5923,57.9707],[12.5823,57.971],[12.5677,57.974],[12.5393,57.9985],[12.551,58.0062],[12.5698,58.0271],[12.5804,58.0411],[12.5805,58.0472],[12.593,58.0533],[12.612,58.0604],[12.6275,58.0632],[12.635,58.0668],[12.6362,58.0732],[12.6579,58.0774],[12.6673,58.0835],[12.6759,58.0859],[12.6995,58.0885],[12.711,58.0968],[12.7086,58.1094],[12.683,58.1296],[12.7086,58.1583],[12.6878,58.1747],[12.6893,58.1783],[12.6884,58.1811],[12.6766,58.1825],[12.6769,58.1863],[12.6705,58.1892],[12.6601,58.1843],[12.6142,58.1893],[12.5861,58.1919],[12.5867,58.1946],[12.5761,58.198],[12.5728,58.195],[12.54,58.1971],[12.5446,58.1844],[12.5431,58.1806],[12.5295,58.1746],[12.5208,58.1664],[12.5045,58.1665],[12.4907,58.1619],[12.4794,58.1657],[12.4738,58.1481],[12.4857,58.1427],[12.4937,58.1425],[12.4979,58.1393],[12.4943,58.1339],[12.4809,58.1324],[12.4779,58.1255],[12.4705,58.1261],[12.4651,58.1234],[12.4582,58.1109],[12.4618,58.1032],[12.4404,58.0959],[12.4337,58.0952],[12.4328,58.0852],[12.4304,58.0794],[12.4238,58.072],[12.4189,58.0654],[12.4194,58.057],[12.4199,58.0554],[12.4267,58.0493],[12.4192,58.0408],[12.4155,58.0364],[12.4197,58.0329],[12.4116,58.0237],[12.4164,58.0227],[12.4186,58.0168],[12.413,58.0123],[12.4151,58.0032],[12.4103,57.9923],[12.4131,57.9874],[12.3922,57.9899],[12.3858,57.992],[12.374,57.9928],[12.3701,57.9865],[12.3523,57.9789],[12.3634,57.9705],[12.3751,57.9663],[12.3634,57.9619],[12.3544,57.9567],[12.3575,57.9525],[12.3546,57.9471],[12.3555,57.942],[12.3646,57.9392],[12.3748,57.9411],[12.3845,57.9357],[12.3976,57.9335],[12.3992,57.9307],[12.4119,57.9286],[12.4085,57.92],[12.3986,57.913],[12.3955,57.9058],[12.4057,57.8945]]]}},{"type":"Feature","properties":{"code":"1490","name":"Borås"},"geometry":{"type":"Polygon","coordinates":[[[12.7628,57.6861],[12.7089,57.6682],[12.7032,57.6687],[12.6741,57.6592],[12.6726,57.6551],[12.6329,57.6417],[12.6421,57.635],[12.6454,57.6389],[12.653,57.6335],[12.6508,57.629],[12.6572,57.6239],[12.6544,57.6148],[12.6574,57.6112],[12.6538,57.6031],[12.6451,57.6001],[12.6428,57.596],[12.634,57.5948],[12.6374,57.5866],[12.6347,57.5788],[12.6518,57.5683],[12.6609,57.566],[12.6802,57.5693],[12.6891,57.5683],[12.694,57.5646],[12.7152,57.5642],[12.7342,57.5598],[12.7431,57.5682],[12.7873,57.5855],[12.7913,57.5888],[12.8015,57.5911],[12.8125,57.5882],[12.84,57.5748],[12.8518,57.5701],[12.8539,57.5672],[12.8698,57.5567],[12.8784,57.5547],[12.8831,57.5585],[12.9042,57.5658],[12.9165,57.5746],[12.92,57.573],[12.919,57.5634],[12.9287,57.5635],[12.9477,57.5733],[12.9589,57.5749],[12.9574,57.5674],[12.9863,57.5723],[12.9982,57.5775],[13.0018,57.5829],[13.0156,57.5886],[13.0325,57.6034],[13.056,57.606],[13.0766,57.6127],[13.0748,57.6159],[13.0813,57.6185],[13.0904,57.6186],[13.0873,57.6235],[13.1103,57.6423],[13.1181,57.6565],[13.1083,57.6575],[13.1144,57.6668],[13.1498,57.6699],[13.1538,57.6713],[13.1617,57.6737],[13.1863,57.6735],[13.2089,57.666],[13.2029,57.6556],[13.212,57.6534],[13.2166,57.6454],[13.2273,57.6494],[13.2381,57.6591],[13.261,57.6677],[13.2755,57.6714],[13.2902,57.6736],[13.2918,57.6676],[13.309,57.6677],[13.277,57.6938],[13.2595,57.6987],[13.2538,57.7053],[13.2393,57.7074],[13.2313,57.7099],[13.2064,57.7129],[13.2369,57.7299],[13.2248,57.7355],[13.2272,57.7393],[13.2407,57.7467],[13.2499,57.7485],[13.2439,57.7522],[13.2476,57.7731],[13.2446,57.7733],[13.2308,57.774],[13.2226,57.7803],[13.2148,57.7786],[13.1779,57.7807],[13.1884,57.7881],[13.1875,57.7941],[13.1813,57.7943],[13.17,57.8016],[13.1604,57.804],[13.1366,57.8129],[13.1408,57.8166],[13.1348,57.8215],[13.1327,57.8334],[13.121,57.8421],[13.1273,57.8449],[13.1194,57.8504],[13.1057,57.8559],[13.1087,57.8661],[13.1155,57.8826],[13.1166,57.8895],[13.1164,57.8985],[13.1059,57.908],[13.101,57.9081],[13.0913,57.9031],[13.0767,57.9054],[13.0313,57.8982],[13.0224,57.8951],[13.0026,57.8996],[12.9952,57.8993],[12.9634,57.914],[12.9603,57.9133],[12.9477,57.9219],[12.9302,57.9293],[12.9251,57.9301],[12.9277,57.937],[12.9065,57.9417],[12.9065,57.9381],[12.9133,57.9339],[12.899,57.9255],[12.8815,57.9262],[12.8764,57.9232],[12.8671,57.914],[12.861,57.9006],[12.8639,57.8979],[12.8758,57.8957],[12.8649,57.8926],[12.8544,57.8929],[12.8518,57.8812],[12.8477,57.8813],[12.8488,57.8888],[12.8296,57.8788],[12.8246,57.8735],[12.8237,57.8717],[12.8084,57.8702],[12.7791,57.8687],[12.771,57.8697],[12.7696,57.8646],[12.762,57.8667],[12.7565,57.8654],[12.7616,57.8585],[12.7638,57.8444],[12.7437,57.8348],[12.756,57.832],[12.7493,57.8274],[12.7361,57.8211],[12.7073,57.8167],[12.7007,57.8082],[12.6993,57.8018],[12.7237,57.7927],[12.7362,57.7867],[12.7282,57.7821],[12.7226,57.7749],[12.719,57.7627],[12.7194,57.7554],[12.7174,57.7528],[12.7112,57.741],[12.7136,57.7379],[12.6977,57.7311],[12.7017,57.7249],[12.7067,57.7232],[12.7202,57.7257],[12.7166,57.7187],[12.7355,57.7142],[12.7615,57.6987],[12.7539,57.6965],[12.7549,57.6908],[12.7628,57.6861]]]}},{"type":"Feature","properties":{"code":"1491","name":"Ulricehamn"},"geometry":{"type":"Polygon","coordinates":[[[13.4413,57.9594],[13.4432,57.9643],[13.4256,57.982],[13.4188,57.9836],[13.4173,57.9778],[13.3914,57.9787],[13.3747,57.9784],[13.3569,57.9818],[13.3505,57.9754],[13.3346,57.9567],[13.3281,57.9517],[13.3105,57.9555],[13.2879,57.9524],[13.2741,57.9527],[13.2626,57.9445],[13.2346,57.931],[13.2309,57.9198],[13.2207,57.9129],[13.221,57.9106],[13.1879,57.9043],[13.1708,57.8987],[13.1612,57.8966],[13.1434,57.8973],[13.1291,57.8914],[13.1166,57.8895],[13.1155,57.8826],[13.1087,57.8661],[13.1057,57.8559],[13.1194,57.8504],[13.1273,57.8449],[13.121,57.8421],[13.1327,57.8334],[13.1348,57.8215],[13.1408,57.8166],[13.1366,57.8129],[13.1604,57.804],[13.17,57.8016],[13.1813,57.7943],[13.1875,57.7941],[13.1884,57.7881],[13.1779,57.7807],[13.2148,57.7786],[13.2226,57.7803],[13.2308,57.774],[13.2446,57.7733],[13.2476,57.7731],[13.2439,57.7522],[13.2499,57.7485],[13.2407,57.7467],[13.2272,57.7393],[13.2248,57.7355],[13.2369,57.7299],[13.2064,57.7129],[13.2313,57.7099],[13.2393,57.7074],[13.2538,57.7053],[13.2595,57.6987],[13.277,57.6938],[13.309,57.6677],[13.3135,57.6377],[13.3271,57.6361],[13.3224,57.6315],[13.3187,57.619],[13.3329,57.6127],[13.3434,57.6134],[13.3504,57.6222],[13.3609,57.6284],[13.3723,57.6264],[13.3814,57.6209],[13.4036,57.6136],[13.4225,57.6165],[13.4395,57.6108],[13.4536,57.6147],[13.4566,57.6139],[13.4683,57.6195],[13.4748,57.6206],[13.4913,57.6412],[13.5037,57.6482],[13.5149,57.6562],[13.535,57.6729],[13.5388,57.6698],[13.5766,57.6542],[13.5774,57.6478],[13.5884,57.6446],[13.6171,57.6458],[13.6439,57.6603],[13.6577,57.666],[13.6706,57.6762],[13.6849,57.6753],[13.6947,57.6715],[13.7056,57.6727],[13.7034,57.6788],[13.7235,57.6818],[13.7225,57.6917],[13.6942,57.7057],[13.7266,57.7161],[13.7297,57.7184],[13.7171,57.723],[13.7143,57.7306],[13.7317,57.7525],[13.7417,57.7575],[13.7539,57.7734],[13.7487,57.778],[13.7462,57.7843],[13.7439,57.7984],[13.7464,57.8102],[13.7444,57.8163],[13.7379,57.8175],[13.7368,57.8433],[13.7317,57.8454],[13.7398,57.8552],[13.7422,57.8653],[13.7664,57.8784],[13.7604,57.8914],[13.764,57.8957],[13.7773,57.9033],[13.7906,57.9064],[13.7919,57.9092],[13.7893,57.9221],[13.7855,57.926],[13.7712,57.926],[13.7659,57.9377],[13.7564,57.9408],[13.7413,57.9403],[13.7337,57.9377],[13.729,57.9313],[13.7142,57.9302],[13.6951,57.9318],[13.6771,57.9312],[13.6576,57.927],[13.6489,57.9284],[13.6425,57.9237],[13.6406,57.9185],[13.6184,57.9193],[13.5995,57.9102],[13.5871,57.9163],[13.599,57.9268],[13.6137,57.9302],[13.6136,57.9391],[13.6089,57.9486],[13.5956,57.9513],[13.5796,57.9742],[13.5811,57.9794],[13.592,57.9904],[13.5829,57.9908],[13.5719,58.0005],[13.5594,58.0067],[13.5466,58.0037],[13.5425,58.0085],[13.5361,58.0065],[13.5249,58.0109],[13.5158,58.009],[13.5135,58.004],[13.4872,57.9835],[13.4889,57.9711],[13.4865,57.9673],[13.4733,57.9658],[13.4628,57.9663],[13.4488,57.9584],[13.4413,57.9594]]]}},{"type":"Feature","properties":{"code":"1492","name":"Åmål"},"geometry":{"type":"Polygon","coordinates":[[[12.6638,59.1775],[12.6545,59.1763],[12.6555,59.1861],[12.6497,59.1859],[12.6349,59.181],[12.624,59.1717],[12.6251,59.1666],[12.6301,59.1643],[12.618,59.1536],[12.619,59.1417],[12.5981,59.1302],[12.5889,59.1289],[12.5905,59.1208],[12.5837,59.118],[12.5819,59.1134],[12.5751,59.1119],[12.5634,59.115],[12.5584,59.1209],[12.5474,59.1258],[12.5389,59.1254],[12.5171,59.1308],[12.4934,59.1261],[12.4776,59.1277],[12.4574,59.1322],[12.451,59.1289],[12.4459,59.1217],[12.441,59.1098],[12.4432,59.1033],[12.4362,59.0931],[12.4268,59.085],[12.4282,59.0776],[12.421,59.0735],[12.4304,59.0675],[12.4249,59.061],[12.4188,59.0601],[12.4118,59.0522],[12.4163,59.0441],[12.4153,59.0349],[12.4293,59.0303],[12.4264,59.0251],[12.4117,59.0176],[12.4024,59.0055],[12.4093,59.0046],[12.4254,59.0027],[12.4263,58.9978],[12.4231,58.9931],[12.4111,58.9841],[12.4178,58.9735],[12.4096,58.9649],[12.4179,58.9581],[12.4135,58.9526],[12.4176,58.9446],[12.4273,58.9408],[12.443,58.9442],[12.4487,58.9362],[12.4563,58.9327],[12.4563,58.9263],[12.4503,58.9229],[12.4462,58.9174],[12.4465,58.9114],[12.451,58.9015],[12.4424,58.8967],[12.4376,58.8794],[12.4326,58.8732],[12.4328,58.8671],[12.4328,58.8594],[12.4356,58.851],[12.4441,58.847],[12.4555,58.8503],[12.4616,58.8408],[12.463,58.835],[12.4596,58.8318],[12.4705,58.8135],[12.4764,58.8143],[12.4768,58.8223],[12.4866,58.8267],[12.4915,58.8323],[12.4983,58.8321],[12.5091,58.828],[12.5154,58.823],[12.5248,58.8239],[12.5271,58.8158],[12.5318,58.8143],[12.5414,58.8058],[12.5588,58.799],[12.5627,58.784],[12.6015,58.7849],[12.6683,58.8687],[12.7685,59.0106],[12.7823,59.0236],[12.7824,59.0237],[12.772,59.0424],[12.7701,59.0438],[12.7729,59.058],[12.7686,59.0644],[12.7627,59.0972],[12.7632,59.1078],[12.7536,59.1171],[12.7545,59.1308],[12.7381,59.1414],[12.7251,59.1457],[12.7106,59.1538],[12.6954,59.1707],[12.69,59.1714],[12.6701,59.1781],[12.6638,59.1775]]]}},{"type":"Feature","properties":{"code":"1493","name":"Mariestad"},"geometry":{"type":"MultiPolygon","coordinates":[[[[13.9392,58.6222],[13.9595,58.6521],[13.9696,58.6723],[13.953,58.6788],[13.938,58.6801],[13.9244,58.6842],[13.9285,58.6955],[13.9365,58.6939],[13.9429,58.7003],[13.9666,58.7046],[14.0053,58.7083],[14.019,58.7139],[14.0319,58.7288],[14.0486,58.7478],[14.0359,58.753],[14.0186,58.7629],[14.019,58.7763],[14.0402,58.7777],[14.0615,58.7761],[14.0837,58.7713],[14.0855,58.7797],[14.0943,58.7865],[14.1043,58.7861],[14.1375,58.7895],[14.1415,58.7908],[14.125,58.8105],[14.1255,58.8147],[14.1326,58.8311],[14.1431,58.8486],[14.1359,58.8575],[14.1386,58.8611],[14.1358,58.8674],[14.1351,58.8767],[14.1325,58.8787],[14.1341,58.8889],[14.006,58.8927],[13.9584,58.8939],[13.9409,58.9161],[13.9493,58.9346],[13.9438,58.9379],[13.8064,58.879],[13.6748,58.8759],[13.5636,58.8623],[13.4655,58.8883],[13.3776,58.8315],[13.3831,58.8191],[13.442,58.814],[13.6171,58.7991],[13.6356,58.7407],[13.6598,58.7135],[13.6305,58.7115],[13.6348,58.6912],[13.6252,58.6786],[13.621,58.6766],[13.6194,58.6698],[13.605,58.656],[13.5984,58.6563],[13.5885,58.6529],[13.5829,58.6471],[13.5957,58.6446],[13.6106,58.6383],[13.6147,58.6323],[13.6086,58.6297],[13.617,58.6233],[13.6308,58.6221],[13.6212,58.6136],[13.6049,58.6091],[13.5964,58.6055],[13.5907,58.5997],[13.5979,58.5918],[13.6261,58.5754],[13.6536,58.5716],[13.6637,58.5623],[13.6681,58.5441],[13.6764,58.5449],[13.6888,58.5534],[13.6978,58.5474],[13.7019,58.5491],[13.7187,58.5406],[13.7288,58.5471],[13.7239,58.5524],[13.7349,58.5515],[13.7347,58.5571],[13.7295,58.5605],[13.7057,58.5563],[13.7001,58.5586],[13.702,58.5626],[13.7269,58.5701],[13.7299,58.5764],[13.759,58.5663],[13.7697,58.5635],[13.7779,58.5678],[13.7723,58.5722],[13.7798,58.5746],[13.7939,58.5749],[13.7925,58.568],[13.7867,58.559],[13.7767,58.5472],[13.7643,58.5415],[13.7663,58.5393],[13.7785,58.536],[13.7851,58.5317],[13.7931,58.5323],[13.8041,58.5329],[13.8079,58.5266],[13.815,58.5269],[13.822,58.5301],[13.8303,58.5278],[13.8519,58.5246],[13.8697,58.5277],[13.878,58.5333],[13.9117,58.5489],[13.9152,58.5605],[13.9288,58.5702],[13.9195,58.5749],[13.9275,58.5788],[13.9186,58.5805],[13.915,58.5922],[13.9036,58.5942],[13.9161,58.6036],[13.9256,58.6123],[13.9392,58.6222]]],[[[13.5838,58.6027],[13.576,58.6064],[13.5726,58.6119],[13.5754,58.6004],[13.5838,58.6027]]]]}},{"type":"Feature","properties":{"code":"1494","name":"Lidköping"},"geometry":{"type":"Polygon","coordinates":[[[13.1717,58.5177],[13.1616,58.52],[13.1481,58.523],[13.1689,58.5286],[13.1589,58.5342],[13.1552,58.5363],[13.1968,58.5782],[13.2211,58.6032],[13.2672,58.727],[13.2532,58.7253],[13.1795,58.7556],[13.1514,58.7552],[13.1473,58.7562],[13.083,58.7259],[13.0278,58.6536],[13.0227,58.6413],[12.9857,58.6209],[12.9572,58.582],[12.951,58.5809],[12.8514,58.5867],[12.8756,58.5306],[12.8941,58.5245],[12.8905,58.5195],[12.8598,58.5184],[12.761,58.4947],[12.717,58.4957],[12.7166,58.4943],[12.644,58.4491],[12.6559,58.4225],[12.6461,58.4134],[12.6504,58.4082],[12.6637,58.4012],[12.6705,58.3957],[12.6939,58.3899],[12.7055,58.3991],[12.7265,58.4053],[12.7369,58.4132],[12.7468,58.4088],[12.763,58.4068],[12.7665,58.4094],[12.7805,58.4093],[12.7939,58.4143],[12.8041,58.4155],[12.8212,58.421],[12.8334,58.4269],[12.8433,58.4268],[12.8457,58.4327],[12.8539,58.4347],[12.8387,58.4092],[12.8419,58.4007],[12.8406,58.3975],[12.8452,58.3875],[12.8568,58.3851],[12.8821,58.3847],[12.8959,58.3865],[12.8996,58.3889],[12.9074,58.3836],[12.9182,58.3859],[12.9229,58.3834],[12.9191,58.3797],[12.9292,58.3778],[12.9433,58.3698],[12.9562,58.358],[12.9621,58.3491],[12.9669,58.3456],[12.9749,58.3482],[12.978,58.3439],[12.9667,58.3376],[12.9514,58.3318],[12.952,58.3273],[12.9591,58.3228],[12.9673,58.3215],[12.9755,58.3157],[12.9869,58.3175],[12.9908,58.3221],[13.0028,58.3246],[13.0093,58.332],[13.0216,58.3346],[13.0277,58.3434],[13.0331,58.3446],[13.0333,58.3494],[13.0459,58.3469],[13.0417,58.3416],[13.0571,58.3384],[13.0728,58.3453],[13.0835,58.3395],[13.0923,58.3418],[13.0985,58.3381],[13.1165,58.3442],[13.1272,58.3411],[13.1417,58.3339],[13.1347,58.3281],[13.1452,58.3324],[13.1492,58.3306],[13.1676,58.3292],[13.1739,58.3363],[13.1683,58.3411],[13.1699,58.3504],[13.1748,58.3497],[13.1856,58.3544],[13.197,58.3501],[13.2083,58.3575],[13.1979,58.3619],[13.194,58.3679],[13.1841,58.3719],[13.1822,58.378],[13.1838,58.3877],[13.1743,58.3918],[13.185,58.3942],[13.1898,58.3983],[13.1972,58.3978],[13.2009,58.4062],[13.2137,58.4052],[13.2122,58.4155],[13.2358,58.4085],[13.2356,58.4032],[13.247,58.4056],[13.2534,58.4032],[13.2701,58.4052],[13.2742,58.4034],[13.2869,58.4034],[13.3012,58.4062],[13.3016,58.4086],[13.3113,58.412],[13.3269,58.4134],[13.3353,58.4164],[13.3441,58.4204],[13.3481,58.4286],[13.3301,58.4349],[13.3216,58.4347],[13.328,58.4397],[13.3191,58.4457],[13.3197,58.4483],[13.3059,58.4567],[13.3023,58.4637],[13.3065,58.4737],[13.3133,58.4749],[13.2696,58.4875],[13.2586,58.4963],[13.2529,58.5041],[13.236,58.5032],[13.1899,58.5136],[13.1717,58.5177]]]}},{"type":"Feature","properties":{"code":"1495","name":"Skara"},"geometry":{"type":"MultiPolygon","coordinates":[[[[13.472,58.4509],[13.4616,58.4521],[13.4472,58.449],[13.4361,58.4418],[13.4368,58.4327],[13.4286,58.4342],[13.408,58.4331],[13.3993,58.432],[13.3666,58.4389],[13.3537,58.4408],[13.3459,58.4399],[13.3397,58.4363],[13.3304,58.4429],[13.3197,58.4483],[13.3191,58.4457],[13.328,58.4397],[13.3216,58.4347],[13.3301,58.4349],[13.3481,58.4286],[13.3441,58.4204],[13.3353,58.4164],[13.3269,58.4134],[13.3113,58.412],[13.3016,58.4086],[13.3012,58.4062],[13.2869,58.4034],[13.2742,58.4034],[13.2701,58.4052],[13.2534,58.4032],[13.247,58.4056],[13.2356,58.4032],[13.2358,58.4085],[13.2122,58.4155],[13.2137,58.4052],[13.2009,58.4062],[13.1972,58.3978],[13.1898,58.3983],[13.185,58.3942],[13.1743,58.3918],[13.1838,58.3877],[13.1822,58.378],[13.1841,58.3719],[13.194,58.3679],[13.1979,58.3619],[13.2083,58.3575],[13.197,58.3501],[13.2069,58.3515],[13.2221,58.3492],[13.2405,58.3449],[13.2512,58.3382],[13.2389,58.326],[13.2532,58.3182],[13.2485,58.3139],[13.2553,58.3121],[13.2617,58.3034],[13.2786,58.3035],[13.283,58.3054],[13.2927,58.3027],[13.3059,58.3064],[13.3098,58.3042],[13.3354,58.3007],[13.3333,58.2962],[13.366,58.2935],[13.3744,58.2898],[13.3821,58.2856],[13.4048,58.276],[13.441,58.2808],[13.4651,58.2793],[13.4744,58.2796],[13.4857,58.2743],[13.4928,58.276],[13.5188,58.2875],[13.5325,58.2918],[13.5319,58.2981],[13.5385,58.3049],[13.5451,58.3181],[13.5608,58.3236],[13.5606,58.3275],[13.5604,58.339],[13.5723,58.3438],[13.5984,58.352],[13.6036,58.3525],[13.6213,58.3507],[13.6305,58.3476],[13.7229,58.3535],[13.7342,58.3625],[13.6669,58.3701],[13.6983,58.3773],[13.7235,58.3771],[13.7376,58.3854],[13.7477,58.3892],[13.7379,58.3938],[13.7381,58.3975],[13.7451,58.4047],[13.7568,58.4186],[13.7637,58.4191],[13.7659,58.424],[13.7486,58.4264],[13.7521,58.4298],[13.745,58.4364],[13.7517,58.4464],[13.746,58.4507],[13.7373,58.451],[13.7268,58.4596],[13.7086,58.4642],[13.7047,58.4611],[13.6719,58.4622],[13.668,58.4661],[13.6582,58.4697],[13.649,58.4675],[13.6476,58.4714],[13.6342,58.4736],[13.6402,58.481],[13.6271,58.483],[13.6212,58.4803],[13.6126,58.4775],[13.6117,58.4719],[13.5962,58.475],[13.5833,58.4744],[13.5677,58.4729],[13.562,58.4683],[13.5662,58.4659],[13.549,58.4627],[13.5489,58.46],[13.5398,58.4555],[13.5271,58.4553],[13.5115,58.4573],[13.4963,58.4524],[13.4869,58.4555],[13.4841,58.4518],[13.472,58.4509]]],[[[13.782,58.421],[13.7892,58.4218],[13.7751,58.438],[13.772,58.4383],[13.782,58.421]]]]}},{"type":"Feature","properties":{"code":"1496","name":"Skövde"},"geometry":{"type":"MultiPolygon","coordinates":[[[[13.8027,58.3773],[13.7817,58.3673],[13.7698,58.3673],[13.7671,58.3632],[13.7419,58.358],[13.7397,58.3484],[13.7157,58.349],[13.6933,58.3481],[13.6672,58.3335],[13.6641,58.3247],[13.6713,58.3233],[13.6737,58.3159],[13.6693,58.311],[13.6592,58.3116],[13.6563,58.3072],[13.6676,58.3071],[13.676,58.3052],[13.6801,58.3095],[13.7005,58.2986],[13.7124,58.2976],[13.7327,58.3075],[13.747,58.3119],[13.7508,58.3078],[13.7642,58.3085],[13.7765,58.3125],[13.7902,58.3098],[13.7943,58.3052],[13.805,58.3102],[13.8341,58.3081],[13.859,58.3092],[13.8567,58.3061],[13.8564,58.2949],[13.8513,58.285],[13.8543,58.282],[13.854,58.2697],[13.8664,58.2693],[13.8917,58.2606],[13.8861,58.2588],[13.8599,58.2676],[13.8511,58.2675],[13.8617,58.2539],[13.8704,58.2533],[13.8695,58.2481],[13.8946,58.2485],[13.9066,58.2469],[13.9306,58.2556],[13.9336,58.2618],[13.9406,58.2635],[13.9413,58.2546],[13.954,58.2561],[13.9563,58.2608],[13.9514,58.2638],[13.9826,58.2794],[13.9945,58.2859],[14.001,58.2977],[14.0122,58.3023],[14.0182,58.3008],[14.0267,58.3059],[14.0245,58.3123],[14.036,58.314],[14.0389,58.318],[14.0604,58.3105],[14.0768,58.3162],[14.0857,58.3168],[14.0912,58.3393],[14.1062,58.3401],[14.1132,58.3348],[14.1223,58.3422],[14.1169,58.3475],[14.1221,58.3555],[14.1313,58.3642],[14.1371,58.366],[14.1462,58.3711],[14.1367,58.372],[14.1156,58.3796],[14.0822,58.3937],[14.0679,58.4022],[14.0784,58.4143],[14.0797,58.419],[14.0788,58.4219],[14.0667,58.4208],[14.0629,58.4272],[14.0765,58.4335],[14.0672,58.4402],[14.0751,58.4482],[14.0911,58.4519],[14.1139,58.4521],[14.1129,58.4545],[14.1174,58.4581],[14.1362,58.4907],[14.1421,58.5086],[14.1451,58.5118],[14.0923,58.5089],[14.0871,58.523],[14.0783,58.5308],[14.0736,58.5464],[14.0656,58.556],[14.0607,58.5587],[14.0583,58.5642],[14.0516,58.5706],[14.0468,58.582],[14.0385,58.5839],[14.0309,58.5923],[14.0109,58.5961],[13.998,58.5938],[13.986,58.5933],[13.9825,58.5869],[13.9728,58.5853],[13.9589,58.5876],[13.9481,58.5866],[13.9402,58.5817],[13.9288,58.5702],[13.9152,58.5605],[13.9117,58.5489],[13.878,58.5333],[13.8697,58.5277],[13.8519,58.5246],[13.8303,58.5278],[13.822,58.5301],[13.815,58.5269],[13.8079,58.5266],[13.8041,58.5329],[13.7931,58.5323],[13.7851,58.5317],[13.7785,58.536],[13.7663,58.5393],[13.7643,58.5415],[13.7767,58.5472],[13.7867,58.559],[13.7925,58.568],[13.7939,58.5749],[13.7798,58.5746],[13.7723,58.5722],[13.7779,58.5678],[13.7697,58.5635],[13.759,58.5663],[13.7299,58.5764],[13.7269,58.5701],[13.702,58.5626],[13.7001,58.5586],[13.7057,58.5563],[13.7295,58.5605],[13.7347,58.5571],[13.7349,58.5515],[13.7239,58.5524],[13.7288,58.5471],[13.7187,58.5406],[13.7019,58.5491],[13.6978,58.5474],[13.6888,58.5534],[13.6764,58.5449],[13.6692,58.534],[13.6726,58.5336],[13.6678,58.5317],[13.6623,58.5232],[13.6544,58.5176],[13.6421,58.5144],[13.6375,58.4964],[13.6327,58.4897],[13.6235,58.485],[13.6212,58.4803],[13.6271,58.483],[13.6402,58.481],[13.6342,58.4736],[13.6476,58.4714],[13.649,58.4675],[13.6582,58.4697],[13.668,58.4661],[13.6719,58.4622],[13.7047,58.4611],[13.7086,58.4642],[13.7268,58.4596],[13.7373,58.451],[13.746,58.4507],[13.7517,58.4464],[13.745,58.4364],[13.76,58.4396],[13.772,58.4383],[13.7751,58.438],[13.7892,58.4218],[13.782,58.421],[13.7759,58.4198],[13.7667,58.4219],[13.7648,58.4166],[13.7721,58.4147],[13.7646,58.398],[13.7633,58.3935],[13.802,58.3796],[13.8027,58.3773]]],[[[13.7451,58.4047],[13.7381,58.3975],[13.7446,58.3947],[13.7541,58.3949],[13.758,58.4012],[13.7451,58.4047]]]]}},{"type":"Feature","properties":{"code":"1497","name":"Hjo"},"geometry":{"type":"Polygon","coordinates":[[[13.9826,58.2794],[13.9868,58.28],[14.0241,58.2772],[14.0172,58.2714],[14.0156,58.2668],[14.0266,58.2586],[14.0473,58.2584],[14.0518,58.2638],[14.0632,58.2593],[14.064,58.2555],[14.0725,58.2546],[14.0774,58.2512],[14.09,58.2492],[14.1064,58.2508],[14.1059,58.2586],[14.1132,58.2598],[14.1488,58.2564],[14.1473,58.2533],[14.1508,58.2446],[14.1474,58.2414],[14.1383,58.2402],[14.1436,58.234],[14.135,58.2322],[14.1337,58.2281],[14.123,58.2219],[14.1238,58.2182],[14.1335,58.2131],[14.1358,58.2095],[14.1314,58.2059],[14.1135,58.1997],[14.1189,58.1868],[14.1209,58.1822],[14.1137,58.1654],[14.1147,58.1566],[14.1288,58.1463],[14.1396,58.1385],[14.1556,58.1303],[14.1766,58.1289],[14.2057,58.1353],[14.2267,58.1354],[14.3143,58.1318],[14.3793,58.1691],[14.272,58.1901],[14.3488,58.288],[14.3836,58.3322],[14.4432,58.398],[14.3997,58.4057],[14.3698,58.4036],[14.3668,58.4054],[14.3436,58.4056],[14.3346,58.4009],[14.3253,58.407],[14.3103,58.407],[14.3046,58.4048],[14.3012,58.398],[14.2926,58.3968],[14.2684,58.3979],[14.2619,58.3938],[14.2669,58.385],[14.2646,58.375],[14.2611,58.3701],[14.2409,58.364],[14.2045,58.3638],[14.1995,58.3615],[14.1942,58.3554],[14.1873,58.351],[14.1802,58.3565],[14.1657,58.3579],[14.1621,58.3531],[14.1477,58.3567],[14.1517,58.3603],[14.1478,58.363],[14.1373,58.36],[14.1371,58.366],[14.1313,58.3642],[14.1221,58.3555],[14.1169,58.3475],[14.1223,58.3422],[14.1132,58.3348],[14.1062,58.3401],[14.0912,58.3393],[14.0857,58.3168],[14.0768,58.3162],[14.0604,58.3105],[14.0389,58.318],[14.036,58.314],[14.0245,58.3123],[14.0267,58.3059],[14.0182,58.3008],[14.0122,58.3023],[14.001,58.2977],[13.9945,58.2859],[13.9826,58.2794]]]}},{"type":"Feature","properties":{"code":"1498","name":"Tidaholm"},"geometry":{"type":"Polygon","coordinates":[[[14.1189,58.1868],[14.1135,58.1997],[14.1314,58.2059],[14.1358,58.2095],[14.1335,58.2131],[14.1238,58.2182],[14.123,58.2219],[14.1337,58.2281],[14.135,58.2322],[14.1436,58.234],[14.1383,58.2402],[14.1474,58.2414],[14.1508,58.2446],[14.1473,58.2533],[14.1488,58.2564],[14.1132,58.2598],[14.1059,58.2586],[14.1064,58.2508],[14.09,58.2492],[14.0774,58.2512],[14.0725,58.2546],[14.064,58.2555],[14.0632,58.2593],[14.0518,58.2638],[14.0473,58.2584],[14.0266,58.2586],[14.0156,58.2668],[14.0172,58.2714],[14.0241,58.2772],[13.9868,58.28],[13.9826,58.2794],[13.9514,58.2638],[13.9563,58.2608],[13.954,58.2561],[13.9413,58.2546],[13.9406,58.2635],[13.9336,58.2618],[13.9306,58.2556],[13.9066,58.2469],[13.8946,58.2485],[13.8695,58.2481],[13.8704,58.2533],[13.8617,58.2539],[13.8616,58.2518],[13.8172,58.2422],[13.8018,58.2436],[13.7821,58.2416],[13.7623,58.2314],[13.7541,58.2296],[13.756,58.2262],[13.7527,58.2178],[13.7615,58.2133],[13.755,58.2051],[13.7632,58.2038],[13.7804,58.2066],[13.7739,58.1862],[13.766,58.1851],[13.746,58.175],[13.7569,58.1656],[13.7261,58.1486],[13.7189,58.1439],[13.7206,58.1378],[13.7362,58.1313],[13.7573,58.1249],[13.7637,58.124],[13.7434,58.1132],[13.7488,58.1091],[13.7416,58.1073],[13.7515,58.0992],[13.7597,58.1009],[13.7636,58.0984],[13.7454,58.0882],[13.7549,58.0849],[13.7547,58.0788],[13.7496,58.0714],[13.7668,58.0664],[13.79,58.056],[13.7933,58.0554],[13.7916,58.0487],[13.8025,58.0496],[13.8052,58.0555],[13.8226,58.05],[13.8482,58.0438],[13.8651,58.0412],[13.8682,58.0474],[13.8763,58.0472],[13.9053,58.0423],[13.9186,58.0417],[13.943,58.0354],[13.9527,58.0303],[13.9524,58.0277],[13.9607,58.0099],[13.9657,58.0081],[13.993,58.0097],[14.0068,58.013],[14.0696,58.0251],[14.0647,58.0389],[14.1073,58.0637],[14.1169,58.0782],[14.1077,58.0817],[14.1114,58.0867],[14.117,58.0886],[14.122,58.1001],[14.1186,58.1212],[14.1288,58.1463],[14.1147,58.1566],[14.1137,58.1654],[14.1209,58.1822],[14.1189,58.1868]]]}},{"type":"Feature","properties":{"code":"1499","name":"Falköping"},"geometry":{"type":"Polygon","coordinates":[[[13.3703,58.0036],[13.3739,58.0021],[13.3569,57.9818],[13.3747,57.9784],[13.3914,57.9787],[13.4173,57.9778],[13.4188,57.9836],[13.4256,57.982],[13.4432,57.9643],[13.4413,57.9594],[13.4488,57.9584],[13.4628,57.9663],[13.4733,57.9658],[13.4865,57.9673],[13.4889,57.9711],[13.4872,57.9835],[13.5135,58.004],[13.5158,58.009],[13.5249,58.0109],[13.5361,58.0065],[13.5425,58.0085],[13.5466,58.0037],[13.5594,58.0067],[13.5719,58.0005],[13.5829,57.9908],[13.592,57.9904],[13.5811,57.9794],[13.5796,57.9742],[13.5956,57.9513],[13.6089,57.9486],[13.6136,57.9391],[13.6137,57.9302],[13.599,57.9268],[13.5871,57.9163],[13.5995,57.9102],[13.6184,57.9193],[13.6406,57.9185],[13.6425,57.9237],[13.6489,57.9284],[13.6576,57.927],[13.6771,57.9312],[13.6951,57.9318],[13.7142,57.9302],[13.729,57.9313],[13.7257,57.9393],[13.7122,57.966],[13.687,57.9742],[13.6885,57.977],[13.7196,57.9762],[13.7228,57.9858],[13.7134,57.9874],[13.7319,57.9947],[13.7332,57.9982],[13.7439,57.9967],[13.7488,57.9938],[13.7575,58.0007],[13.7504,58.0054],[13.7547,58.0075],[13.7737,58.0064],[13.7756,58.0113],[13.7714,58.0249],[13.7662,58.036],[13.771,58.0402],[13.7732,58.0482],[13.79,58.056],[13.7668,58.0664],[13.7496,58.0714],[13.7547,58.0788],[13.7549,58.0849],[13.7454,58.0882],[13.7636,58.0984],[13.7597,58.1009],[13.7515,58.0992],[13.7416,58.1073],[13.7488,58.1091],[13.7434,58.1132],[13.7637,58.124],[13.7573,58.1249],[13.7362,58.1313],[13.7206,58.1378],[13.7189,58.1439],[13.7261,58.1486],[13.7569,58.1656],[13.746,58.175],[13.766,58.1851],[13.7739,58.1862],[13.7804,58.2066],[13.7632,58.2038],[13.755,58.2051],[13.7615,58.2133],[13.7527,58.2178],[13.756,58.2262],[13.7541,58.2296],[13.7623,58.2314],[13.7821,58.2416],[13.8018,58.2436],[13.8172,58.2422],[13.8616,58.2518],[13.8617,58.2539],[13.8511,58.2675],[13.8599,58.2676],[13.8861,58.2588],[13.8917,58.2606],[13.8664,58.2693],[13.854,58.2697],[13.8543,58.282],[13.8513,58.285],[13.8564,58.2949],[13.8567,58.3061],[13.859,58.3092],[13.8341,58.3081],[13.805,58.3102],[13.7943,58.3052],[13.7902,58.3098],[13.7765,58.3125],[13.7642,58.3085],[13.7508,58.3078],[13.747,58.3119],[13.7327,58.3075],[13.7124,58.2976],[13.7005,58.2986],[13.6801,58.3095],[13.676,58.3052],[13.6676,58.3071],[13.6563,58.3072],[13.6592,58.3116],[13.6693,58.311],[13.6737,58.3159],[13.6713,58.3233],[13.6641,58.3247],[13.6672,58.3335],[13.6933,58.3481],[13.7157,58.349],[13.7397,58.3484],[13.7419,58.358],[13.7671,58.3632],[13.7698,58.3673],[13.7817,58.3673],[13.8027,58.3773],[13.802,58.3796],[13.7633,58.3935],[13.7646,58.398],[13.7721,58.4147],[13.7648,58.4166],[13.7667,58.4219],[13.7759,58.4198],[13.782,58.421],[13.772,58.4383],[13.76,58.4396],[13.745,58.4364],[13.7521,58.4298],[13.7486,58.4264],[13.7659,58.424],[13.7637,58.4191],[13.7568,58.4186],[13.7451,58.4047],[13.758,58.4012],[13.7541,58.3949],[13.7446,58.3947],[13.7381,58.3975],[13.7379,58.3938],[13.7477,58.3892],[13.7376,58.3854],[13.7235,58.3771],[13.6983,58.3773],[13.6669,58.3701],[13.7342,58.3625],[13.7229,58.3535],[13.6305,58.3476],[13.6213,58.3507],[13.6036,58.3525],[13.5984,58.352],[13.5723,58.3438],[13.5604,58.339],[13.5606,58.3275],[13.5608,58.3236],[13.5451,58.3181],[13.5385,58.3049],[13.5319,58.2981],[13.5325,58.2918],[13.5188,58.2875],[13.4928,58.276],[13.4857,58.2743],[13.4744,58.2796],[13.4651,58.2793],[13.441,58.2808],[13.4048,58.276],[13.3893,58.2551],[13.3784,58.258],[13.3787,58.2521],[13.3824,58.25],[13.3574,58.233],[13.3515,58.2355],[13.3443,58.2349],[13.338,58.2315],[13.346,58.2261],[13.3157,58.2074],[13.32,58.2037],[13.3034,58.2001],[13.2856,58.1905],[13.2572,58.1889],[13.2453,58.1901],[13.247,58.1859],[13.2414,58.1767],[13.2432,58.1737],[13.2363,58.1677],[13.2269,58.1542],[13.2312,58.1472],[13.2257,58.1362],[13.2114,58.1428],[13.1894,58.1292],[13.203,58.1294],[13.2143,58.1257],[13.2102,58.1215],[13.2173,58.1173],[13.2085,58.1133],[13.2015,58.108],[13.2124,58.1061],[13.2113,58.1011],[13.1979,58.0891],[13.1991,58.0845],[13.2094,58.0815],[13.2024,58.0762],[13.2084,58.0742],[13.2193,58.0754],[13.228,58.0887],[13.2523,58.091],[13.259,58.0928],[13.2693,58.087],[13.2844,58.083],[13.2843,58.0865],[13.3039,58.0852],[13.3136,58.0818],[13.3076,58.0779],[13.3077,58.0742],[13.2958,58.0653],[13.3056,58.062],[13.3045,58.0546],[13.3119,58.0535],[13.3093,58.0468],[13.3091,58.0377],[13.3206,58.0186],[13.3224,58.0234],[13.3355,58.0159],[13.3284,58.0095],[13.3308,58.0039],[13.3375,58.0027],[13.348,58.0077],[13.3524,58.0059],[13.3703,58.0036]]]}},{"type":"Feature","properties":{"code":"1715","name":"Kil"},"geometry":{"type":"Polygon","coordinates":[[[13.3343,59.4927],[13.3379,59.4934],[13.3733,59.4924],[13.3942,59.4888],[13.3937,59.4981],[13.3956,59.5038],[13.4002,59.5057],[13.3983,59.5112],[13.4047,59.5187],[13.4158,59.5197],[13.4274,59.5227],[13.4315,59.5258],[13.4266,59.5296],[13.4313,59.5383],[13.4311,59.545],[13.4313,59.5482],[13.426,59.5587],[13.4295,59.5638],[13.4291,59.5712],[13.4048,59.5759],[13.3926,59.5827],[13.3897,59.5896],[13.3776,59.598],[13.3677,59.6109],[13.3724,59.6204],[13.3919,59.6254],[13.3793,59.6428],[13.3671,59.6523],[13.3516,59.6568],[13.3439,59.6619],[13.3318,59.666],[13.3212,59.6636],[13.2892,59.6643],[13.2727,59.6616],[13.2376,59.6555],[13.2196,59.6516],[13.1956,59.6525],[13.1528,59.6529],[13.1309,59.6516],[13.0933,59.6513],[13.0736,59.6538],[13.0661,59.6593],[13.0448,59.6547],[13.0359,59.6487],[13.0455,59.6384],[13.0408,59.6312],[13.0324,59.6312],[13.0293,59.6264],[13.043,59.6117],[13.0461,59.6039],[13.0337,59.5919],[13.0268,59.5925],[13.0174,59.5961],[13.0148,59.601],[12.9927,59.6081],[12.9735,59.5887],[12.9564,59.5771],[12.943,59.5734],[12.933,59.5665],[12.9278,59.5596],[12.9343,59.5492],[12.9335,59.5396],[12.9415,59.534],[12.9629,59.5362],[13.0013,59.5301],[13.0207,59.5327],[13.0309,59.5393],[13.0369,59.5401],[13.0407,59.5357],[13.0424,59.5253],[13.0548,59.5218],[13.0638,59.5146],[13.067,59.5049],[13.0744,59.5041],[13.0768,59.4982],[13.083,59.4985],[13.0981,59.4959],[13.1103,59.4881],[13.1162,59.4829],[13.1244,59.4843],[13.1427,59.4744],[13.1525,59.4725],[13.1537,59.4758],[13.1695,59.4771],[13.1766,59.4816],[13.179,59.4881],[13.1864,59.4913],[13.192,59.4833],[13.204,59.4877],[13.2059,59.4922],[13.2141,59.4896],[13.2265,59.4973],[13.2276,59.5007],[13.2439,59.4999],[13.2418,59.4958],[13.2495,59.4946],[13.2469,59.4912],[13.2498,59.4865],[13.2603,59.4863],[13.2686,59.4919],[13.2791,59.4941],[13.2868,59.4937],[13.31,59.4901],[13.3162,59.4855],[13.3252,59.4903],[13.3343,59.4927]]]}},{"type":"Feature","properties":{"code":"1730","name":"Eda"},"geometry":{"type":"Polygon","coordinates":[[[12.4497,60.0403],[12.4248,60.0265],[12.3956,60.0156],[12.3411,59.9657],[12.231,59.9276],[12.1909,59.9014],[12.1743,59.8898],[12.1553,59.8867],[12.1261,59.8939],[12.0998,59.8907],[12.0535,59.886],[12.0336,59.8889],[11.9875,59.8989],[11.9832,59.9003],[11.9421,59.8901],[11.9276,59.885],[11.9218,59.8816],[11.9206,59.8742],[11.9133,59.8721],[11.885,59.8719],[11.8833,59.8637],[11.8884,59.8591],[11.8832,59.8552],[11.8705,59.8499],[11.8396,59.8409],[11.8528,59.8307],[11.8752,59.8288],[11.8849,59.8246],[11.8945,59.816],[11.9037,59.8119],[11.91,59.8015],[11.9261,59.794],[11.9273,59.7811],[11.9328,59.7676],[11.9323,59.7573],[11.9231,59.7498],[11.9274,59.7441],[11.9336,59.7381],[11.9326,59.7302],[11.9378,59.7281],[11.9544,59.7185],[11.956,59.7159],[11.9782,59.7178],[11.9633,59.7083],[11.9525,59.7045],[11.9794,59.6804],[11.9913,59.6726],[12.0104,59.6763],[12.0154,59.6702],[12.0014,59.66],[12.0093,59.6513],[12.0039,59.6485],[12.0102,59.6373],[12.0249,59.6334],[12.0571,59.6153],[12.0657,59.6165],[12.0724,59.6112],[12.0826,59.6112],[12.118,59.6064],[12.1324,59.6061],[12.1493,59.6088],[12.1505,59.6112],[12.1644,59.6146],[12.1844,59.6149],[12.2259,59.6109],[12.2393,59.6078],[12.2398,59.6049],[12.2549,59.6037],[12.2666,59.6054],[12.2715,59.6025],[12.2762,59.593],[12.2748,59.5841],[12.28,59.5767],[12.286,59.5752],[12.2879,59.584],[12.2952,59.5973],[12.3049,59.6073],[12.2998,59.6113],[12.2939,59.6099],[12.2847,59.6305],[12.2774,59.6448],[12.2982,59.6452],[12.3086,59.6488],[12.3098,59.6569],[12.3051,59.6617],[12.3188,59.6759],[12.3191,59.6861],[12.3268,59.6989],[12.335,59.7006],[12.3448,59.7052],[12.3421,59.7157],[12.3286,59.7198],[12.3364,59.7371],[12.3529,59.7454],[12.3504,59.7499],[12.3539,59.7527],[12.364,59.7531],[12.375,59.7562],[12.3742,59.7635],[12.3823,59.7689],[12.3769,59.7783],[12.3992,59.785],[12.4202,59.7973],[12.4328,59.7993],[12.4491,59.8041],[12.4628,59.8054],[12.4886,59.8098],[12.4926,59.8171],[12.4794,59.83],[12.466,59.8397],[12.4585,59.8455],[12.4543,59.8535],[12.4524,59.8619],[12.442,59.8907],[12.4245,59.9136],[12.4717,59.929],[12.4658,59.9347],[12.4647,59.9395],[12.4762,59.9503],[12.4743,59.9517],[12.4779,59.9608],[12.4815,59.9801],[12.4718,59.9879],[12.4639,60.0074],[12.4679,60.0093],[12.459,60.0201],[12.4622,60.025],[12.4515,60.0324],[12.454,60.0377],[12.4497,60.0403]]]}},{"type":"Feature","properties":{"code":"1737","name":"Torsby"},"geometry":{"type":"Polygon","coordinates":[[[12.5679,60.1285],[12.5663,60.121],[12.5847,60.0784],[12.5953,60.0835],[12.6113,60.0816],[12.6382,60.0955],[12.6971,60.0981],[12.7024,60.0958],[12.712,60.0982],[12.7182,60.1044],[12.726,60.0986],[12.7322,60.1014],[12.7395,60.101],[12.7499,60.1036],[12.7581,60.0964],[12.8089,60.1089],[12.8202,60.0993],[12.8316,60.0945],[12.8402,60.0886],[12.8536,60.0841],[12.8761,60.0625],[12.8925,60.0517],[12.8956,60.0481],[12.906,60.0447],[12.9101,60.0389],[12.9186,60.0425],[12.9343,60.0336],[12.939,60.039],[12.9453,60.041],[12.9828,60.0496],[13.0096,60.059],[13.0303,60.0673],[13.0443,60.0749],[13.0519,60.0813],[13.0614,60.0741],[13.0802,60.0561],[13.0881,60.0518],[13.0977,60.0549],[13.1007,60.0585],[13.1203,60.0652],[13.1354,60.0736],[13.148,60.0858],[13.183,60.1067],[13.1993,60.1081],[13.2136,60.116],[13.2233,60.1163],[13.2572,60.1229],[13.2154,60.1471],[13.2023,60.1571],[13.1904,60.1608],[13.1772,60.1687],[13.1707,60.1917],[13.1639,60.2292],[13.1649,60.2372],[13.172,60.2409],[13.1864,60.2414],[13.197,60.2436],[13.2058,60.2397],[13.2163,60.2375],[13.2229,60.2308],[13.2397,60.2246],[13.2499,60.2136],[13.2575,60.2121],[13.2621,60.2202],[13.3281,60.2443],[13.373,60.2511],[13.3757,60.2508],[13.4071,60.2772],[13.4087,60.2796],[13.4207,60.2789],[13.4333,60.2858],[13.4161,60.2909],[13.4256,60.2958],[13.4783,60.3248],[13.4865,60.3351],[13.529,60.3821],[13.6217,60.4144],[13.5503,60.4217],[13.5423,60.4225],[13.4681,60.4594],[13.4407,60.4998],[13.4281,60.5172],[13.3488,60.5849],[13.3328,60.599],[13.3241,60.6083],[13.3014,60.6253],[13.2758,60.6444],[13.2487,60.6861],[13.1947,60.6848],[13.2008,60.6889],[13.1994,60.6953],[13.1596,60.7551],[13.0816,60.8058],[12.9776,60.8548],[12.9614,60.8625],[12.8649,60.9122],[12.6987,60.9981],[12.6702,61.056],[12.6577,61.0527],[12.6104,61.0465],[12.4872,61.0516],[12.4477,61.0508],[12.2947,61.0272],[12.2422,61.0199],[12.2238,61.013],[12.2845,60.9438],[12.3328,60.8903],[12.3345,60.8525],[12.3493,60.818],[12.3953,60.7339],[12.4611,60.6852],[12.5108,60.6424],[12.5156,60.6001],[12.5818,60.5509],[12.6069,60.5127],[12.6068,60.5005],[12.6061,60.4059],[12.5698,60.3706],[12.5448,60.3472],[12.4987,60.3236],[12.5044,60.2812],[12.525,60.2237],[12.5419,60.1934],[12.5167,60.1363],[12.5006,60.0991],[12.5157,60.1279],[12.5431,60.1346],[12.5566,60.1367],[12.5679,60.1285]]]}},{"type":"Feature","properties":{"code":"1760","name":"Storfors"},"geometry":{"type":"Polygon","coordinates":[[[14.4651,59.5799],[14.4462,59.5784],[14.434,59.5737],[14.429,59.5756],[14.4214,59.5707],[14.416,59.5703],[14.417,59.5627],[14.4085,59.561],[14.4019,59.5632],[14.3924,59.5604],[14.3933,59.5665],[14.3898,59.5692],[14.3869,59.5812],[14.3692,59.5877],[14.3611,59.5934],[14.3527,59.5909],[14.356,59.5878],[14.3438,59.5867],[14.2998,59.5976],[14.2958,59.6058],[14.2867,59.6082],[14.271,59.6011],[14.2723,59.589],[14.2353,59.5903],[14.2337,59.5962],[14.2144,59.5942],[14.1826,59.6047],[14.1735,59.6071],[14.1685,59.6014],[14.1602,59.6001],[14.1618,59.593],[14.1456,59.5908],[14.0625,59.5912],[14.0305,59.5538],[14.0305,59.5429],[14.0165,59.5297],[14.0219,59.4988],[14.0153,59.5028],[14.0084,59.4966],[14.0064,59.4904],[14.0177,59.4879],[14.0348,59.4814],[14.0786,59.4779],[14.1078,59.4653],[14.129,59.4604],[14.1363,59.4577],[14.1365,59.4508],[14.148,59.4356],[14.1618,59.446],[14.1775,59.4388],[14.2183,59.4234],[14.2226,59.4249],[14.2271,59.4281],[14.2278,59.4367],[14.231,59.4422],[14.2401,59.4421],[14.2462,59.4391],[14.2505,59.4298],[14.2629,59.4214],[14.2518,59.412],[14.2439,59.4113],[14.2324,59.4041],[14.2313,59.3994],[14.215,59.3693],[14.2114,59.3612],[14.2286,59.3555],[14.2425,59.3581],[14.2444,59.3499],[14.2501,59.3477],[14.2613,59.34],[14.2651,59.3321],[14.3252,59.3182],[14.3262,59.318],[14.3337,59.3304],[14.3409,59.3335],[14.3548,59.3317],[14.3632,59.3488],[14.3669,59.3687],[14.3768,59.3686],[14.3745,59.3762],[14.3785,59.3841],[14.3901,59.3896],[14.4032,59.4064],[14.4097,59.4136],[14.417,59.4129],[14.4322,59.4222],[14.4579,59.4358],[14.4689,59.4405],[14.4415,59.4593],[14.4198,59.4853],[14.4003,59.5013],[14.3918,59.5136],[14.3908,59.5138],[14.4008,59.5186],[14.4238,59.5327],[14.4357,59.5422],[14.4758,59.5291],[14.4651,59.5799]]]}},{"type":"Feature","properties":{"code":"1761","name":"Hammarö"},"geometry":{"type":"Polygon","coordinates":[[[13.5955,59.37],[13.5484,59.3557],[13.5312,59.3602],[13.5219,59.3626],[13.5128,59.3542],[13.4923,59.3576],[13.4833,59.3564],[13.4761,59.3516],[13.4697,59.3507],[13.4639,59.347],[13.4487,59.3484],[13.4434,59.3453],[13.4311,59.3427],[13.3916,59.332],[13.4124,59.3189],[13.4123,59.3093],[13.4063,59.2914],[13.4147,59.2926],[13.488,59.257],[13.4982,59.2522],[13.5124,59.2482],[13.5278,59.2492],[13.5465,59.2602],[13.5992,59.2745],[13.7,59.3015],[13.704,59.3103],[13.6961,59.3162],[13.6653,59.3293],[13.6006,59.3569],[13.5955,59.37]]]}},{"type":"Feature","properties":{"code":"1762","name":"Munkfors"},"geometry":{"type":"Polygon","coordinates":[[[13.3786,59.7664],[13.3795,59.7646],[13.3896,59.7575],[13.4131,59.7497],[13.4373,59.7469],[13.4485,59.7448],[13.4514,59.7537],[13.4478,59.76],[13.4549,59.7652],[13.4649,59.7626],[13.4711,59.7706],[13.4821,59.7645],[13.492,59.7679],[13.4966,59.7658],[13.5475,59.7948],[13.566,59.8014],[13.5705,59.7992],[13.59,59.8098],[13.595,59.8125],[13.6067,59.8074],[13.6293,59.8154],[13.6178,59.8191],[13.6354,59.8608],[13.6405,59.8744],[13.595,59.8551],[13.5692,59.8516],[13.5664,59.8551],[13.5576,59.8553],[13.5567,59.8591],[13.5503,59.8638],[13.5575,59.87],[13.5561,59.8725],[13.5371,59.8738],[13.5268,59.8764],[13.5175,59.8719],[13.5078,59.878],[13.5067,59.8824],[13.4317,59.8706],[13.4104,59.868],[13.3936,59.8737],[13.3825,59.8662],[13.3764,59.8688],[13.3683,59.8611],[13.3607,59.8585],[13.3596,59.8524],[13.3653,59.8432],[13.3644,59.8329],[13.3704,59.8258],[13.367,59.8233],[13.3699,59.8098],[13.3735,59.7818],[13.3776,59.7797],[13.3766,59.7673],[13.3786,59.7664]]]}},{"type":"Feature","properties":{"code":"1763","name":"Forshaga"},"geometry":{"type":"Polygon","coordinates":[[[13.5203,59.4858],[13.5217,59.4863],[13.5473,59.4967],[13.5425,59.524],[13.5484,59.5267],[13.5488,59.5319],[13.5581,59.5351],[13.5609,59.5417],[13.5767,59.5478],[13.5913,59.55],[13.5982,59.5562],[13.6045,59.5552],[13.6153,59.5465],[13.6204,59.5523],[13.6354,59.5614],[13.6368,59.5688],[13.6283,59.5741],[13.6278,59.5786],[13.6175,59.5831],[13.6215,59.5914],[13.6193,59.5967],[13.619,59.6012],[13.6263,59.6092],[13.6252,59.6147],[13.5864,59.6497],[13.5959,59.655],[13.6153,59.6598],[13.6117,59.6632],[13.6009,59.6675],[13.593,59.6752],[13.6259,59.7115],[13.6344,59.7225],[13.6471,59.7353],[13.6572,59.7506],[13.6623,59.7542],[13.6777,59.7537],[13.6811,59.757],[13.6868,59.7725],[13.6828,59.7756],[13.6511,59.779],[13.6427,59.779],[13.6359,59.7829],[13.6201,59.7802],[13.623,59.791],[13.6217,59.7987],[13.6293,59.8154],[13.6067,59.8074],[13.595,59.8125],[13.59,59.8098],[13.5705,59.7992],[13.566,59.8014],[13.5475,59.7948],[13.4966,59.7658],[13.492,59.7679],[13.4821,59.7645],[13.4711,59.7706],[13.4649,59.7626],[13.4549,59.7652],[13.4478,59.76],[13.4514,59.7537],[13.4485,59.7448],[13.4373,59.7469],[13.4131,59.7497],[13.3896,59.7575],[13.3795,59.7646],[13.3787,59.7546],[13.3807,59.7479],[13.3769,59.7447],[13.3764,59.7287],[13.3714,59.7275],[13.3737,59.7218],[13.383,59.7112],[13.3856,59.7035],[13.3825,59.6976],[13.3662,59.6847],[13.3694,59.6774],[13.3652,59.6704],[13.3657,59.6617],[13.3439,59.6619],[13.3516,59.6568],[13.3671,59.6523],[13.3793,59.6428],[13.3919,59.6254],[13.3724,59.6204],[13.3677,59.6109],[13.3776,59.598],[13.3897,59.5896],[13.3926,59.5827],[13.4048,59.5759],[13.4291,59.5712],[13.4295,59.5638],[13.426,59.5587],[13.4313,59.5482],[13.4311,59.545],[13.4313,59.5383],[13.4266,59.5296],[13.4315,59.5258],[13.4274,59.5227],[13.4158,59.5197],[13.4047,59.5187],[13.3983,59.5112],[13.4002,59.5057],[13.3956,59.5038],[13.3937,59.4981],[13.3942,59.4888],[13.419,59.4847],[13.4276,59.4908],[13.4347,59.4981],[13.4379,59.5056],[13.444,59.5045],[13.4919,59.4843],[13.4996,59.4773],[13.5203,59.4858]]]}},{"type":"Feature","properties":{"code":"1764","name":"Grums"},"geometry":{"type":"Polygon","coordinates":[[[13.1608,59.3774],[13.1561,59.3826],[13.1486,59.3968],[13.1514,59.4073],[13.1536,59.4111],[13.1572,59.4301],[13.1633,59.4701],[13.1525,59.4725],[13.1427,59.4744],[13.1244,59.4843],[13.1162,59.4829],[13.1103,59.4881],[13.0981,59.4959],[13.083,59.4985],[13.0768,59.4982],[13.0744,59.5041],[13.067,59.5049],[13.0638,59.5146],[13.0548,59.5218],[13.0424,59.5253],[13.0407,59.5357],[13.0369,59.5401],[13.0309,59.5393],[13.0207,59.5327],[13.0013,59.5301],[12.9629,59.5362],[12.9415,59.534],[12.9335,59.5396],[12.9343,59.5492],[12.9278,59.5596],[12.9203,59.5595],[12.9051,59.5567],[12.8964,59.5673],[12.8851,59.5687],[12.8808,59.5527],[12.878,59.5475],[12.8804,59.5325],[12.8759,59.5243],[12.8791,59.5206],[12.8783,59.5104],[12.8732,59.5096],[12.8389,59.497],[12.8302,59.4931],[12.8236,59.476],[12.8278,59.4629],[12.8404,59.4424],[12.8431,59.4346],[12.8404,59.4299],[12.8604,59.4319],[12.8783,59.4364],[12.8913,59.448],[12.9063,59.4432],[12.9034,59.4309],[12.8936,59.4235],[12.8983,59.4195],[12.9151,59.413],[12.928,59.3994],[12.919,59.3954],[12.9071,59.3863],[12.9116,59.3799],[12.9103,59.3737],[12.9008,59.3722],[12.9007,59.3546],[12.9022,59.3475],[12.9107,59.3409],[12.9152,59.314],[12.9134,59.2994],[12.907,59.2799],[12.9212,59.2832],[12.9226,59.2777],[12.915,59.2738],[12.9203,59.2639],[12.9148,59.2606],[12.9187,59.2504],[12.9347,59.2479],[12.9441,59.2448],[12.9936,59.237],[13.0035,59.2365],[13.039,59.2442],[13.0463,59.2388],[13.0655,59.2361],[13.0724,59.2366],[13.114,59.2528],[13.1596,59.2544],[13.1769,59.255],[13.1654,59.3251],[13.1771,59.34],[13.1753,59.3498],[13.1634,59.3517],[13.1629,59.3691],[13.1608,59.3774]]]}},{"type":"Feature","properties":{"code":"1765","name":"Årjäng"},"geometry":{"type":"Polygon","coordinates":[[[12.3245,59.5443],[12.3199,59.5527],[12.3233,59.5597],[12.3081,59.5621],[12.2983,59.5716],[12.286,59.5752],[12.28,59.5767],[12.2748,59.5841],[12.2762,59.593],[12.2715,59.6025],[12.2666,59.6054],[12.2549,59.6037],[12.2398,59.6049],[12.2393,59.6078],[12.2259,59.6109],[12.1844,59.6149],[12.1644,59.6146],[12.1505,59.6112],[12.1493,59.6088],[12.1324,59.6061],[12.118,59.6064],[12.0826,59.6112],[12.0724,59.6112],[12.0657,59.6165],[12.0571,59.6153],[12.0249,59.6334],[12.0102,59.6373],[12.0039,59.6485],[12.0093,59.6513],[12.0014,59.66],[12.0154,59.6702],[12.0104,59.6763],[11.9913,59.6726],[11.9794,59.6804],[11.9525,59.7045],[11.9633,59.7083],[11.9782,59.7178],[11.956,59.7159],[11.9544,59.7185],[11.9378,59.7281],[11.9371,59.717],[11.9336,59.7105],[11.9374,59.7086],[11.9399,59.6946],[11.8892,59.6932],[11.8781,59.6828],[11.8752,59.6725],[11.8703,59.6625],[11.8624,59.6527],[11.8557,59.6483],[11.7791,59.643],[11.7613,59.6373],[11.7206,59.6255],[11.6979,59.6088],[11.6911,59.5895],[11.7286,59.5112],[11.7469,59.4913],[11.7532,59.4794],[11.7599,59.4582],[11.7609,59.4286],[11.7741,59.4143],[11.7799,59.3865],[11.7923,59.3737],[11.7898,59.3711],[11.8081,59.354],[11.8162,59.3448],[11.8215,59.3118],[11.8209,59.3011],[11.8256,59.2653],[11.8297,59.2421],[11.8262,59.2378],[11.8357,59.2358],[11.8483,59.2332],[11.8694,59.2305],[11.8831,59.2262],[11.9047,59.2228],[11.9288,59.2261],[11.9451,59.235],[11.9431,59.2403],[11.9484,59.2497],[11.9629,59.2391],[11.9881,59.2245],[12.0004,59.2204],[12.0135,59.2122],[12.0295,59.212],[12.0325,59.2014],[12.0484,59.1931],[12.0535,59.1882],[12.0848,59.1767],[12.09,59.1844],[12.0955,59.1888],[12.1063,59.1937],[12.0943,59.2002],[12.0914,59.2162],[12.0883,59.2232],[12.0844,59.2254],[12.0826,59.2405],[12.0822,59.2572],[12.103,59.2525],[12.1121,59.2542],[12.1234,59.2502],[12.1359,59.2526],[12.1833,59.25],[12.2119,59.2534],[12.2084,59.2572],[12.2146,59.2637],[12.2356,59.2571],[12.2388,59.2517],[12.2383,59.2419],[12.2451,59.2307],[12.2437,59.2288],[12.2488,59.2196],[12.2549,59.2165],[12.2559,59.2051],[12.2608,59.1945],[12.2739,59.1889],[12.2823,59.1882],[12.2973,59.1964],[12.3042,59.1984],[12.3127,59.1968],[12.3152,59.1887],[12.3281,59.1802],[12.3347,59.1792],[12.3364,59.1752],[12.3471,59.1736],[12.3675,59.1769],[12.3858,59.1809],[12.4084,59.187],[12.4224,59.1926],[12.4238,59.1964],[12.4231,59.2096],[12.4282,59.2225],[12.4368,59.2228],[12.4445,59.2286],[12.4409,59.2507],[12.4509,59.2478],[12.4738,59.2483],[12.4754,59.2501],[12.4741,59.2675],[12.4626,59.274],[12.4609,59.2785],[12.4651,59.2928],[12.4707,59.3005],[12.4638,59.3105],[12.4657,59.3189],[12.4648,59.3266],[12.4581,59.3359],[12.4655,59.3432],[12.4695,59.3549],[12.4775,59.3613],[12.4815,59.3716],[12.4687,59.3744],[12.4499,59.3817],[12.45,59.3847],[12.4638,59.3836],[12.4699,59.3923],[12.4853,59.399],[12.5038,59.4108],[12.5091,59.4153],[12.5083,59.4216],[12.5,59.4324],[12.4643,59.4307],[12.4424,59.4375],[12.4275,59.4441],[12.4097,59.4503],[12.3884,59.4504],[12.3579,59.447],[12.2822,59.4462],[12.2779,59.4458],[12.276,59.4495],[12.2885,59.4614],[12.2884,59.4683],[12.2966,59.4721],[12.2962,59.4775],[12.3086,59.49],[12.3123,59.4999],[12.3177,59.5072],[12.3179,59.5117],[12.3118,59.5219],[12.3171,59.5278],[12.3269,59.5327],[12.3245,59.5443]]]}},{"type":"Feature","properties":{"code":"1766","name":"Sunne"},"geometry":{"type":"Polygon","coordinates":[[[12.912,59.7707],[12.9172,59.7627],[12.9343,59.7511],[12.9414,59.7488],[12.944,59.7443],[12.9559,59.7411],[12.9589,59.7338],[12.9834,59.7278],[12.9926,59.7243],[12.9977,59.7197],[13.0079,59.7057],[13.0142,59.7024],[13.0311,59.6974],[13.0532,59.6895],[13.0649,59.6906],[13.0933,59.6513],[13.1309,59.6516],[13.1528,59.6529],[13.1956,59.6525],[13.2196,59.6516],[13.2376,59.6555],[13.2727,59.6616],[13.2892,59.6643],[13.3212,59.6636],[13.3318,59.666],[13.3439,59.6619],[13.3657,59.6617],[13.3652,59.6704],[13.3694,59.6774],[13.3662,59.6847],[13.3825,59.6976],[13.3856,59.7035],[13.383,59.7112],[13.3737,59.7218],[13.3714,59.7275],[13.3764,59.7287],[13.3769,59.7447],[13.3807,59.7479],[13.3787,59.7546],[13.3795,59.7646],[13.3786,59.7664],[13.3766,59.7673],[13.3776,59.7797],[13.3735,59.7818],[13.3699,59.8098],[13.367,59.8233],[13.3704,59.8258],[13.3644,59.8329],[13.3653,59.8432],[13.3596,59.8524],[13.3607,59.8585],[13.3683,59.8611],[13.3764,59.8688],[13.3825,59.8662],[13.3851,59.8883],[13.3871,59.8923],[13.3832,59.9262],[13.3481,59.9389],[13.3422,59.9454],[13.3375,59.9584],[13.3315,59.9812],[13.3284,59.9907],[13.3198,59.9944],[13.3182,59.9976],[13.3184,60.0109],[13.3162,60.0142],[13.3185,60.0238],[13.3131,60.0335],[13.3005,60.0302],[13.2978,60.0329],[13.2865,60.0358],[13.2855,60.0786],[13.2572,60.1229],[13.2233,60.1163],[13.2136,60.116],[13.1993,60.1081],[13.183,60.1067],[13.148,60.0858],[13.1354,60.0736],[13.1203,60.0652],[13.1007,60.0585],[13.0977,60.0549],[13.0881,60.0518],[13.0802,60.0561],[13.0614,60.0741],[13.0519,60.0813],[13.0443,60.0749],[13.0303,60.0673],[13.0096,60.059],[12.9828,60.0496],[12.9453,60.041],[12.939,60.039],[12.9343,60.0336],[12.9186,60.0425],[12.9101,60.0389],[12.906,60.0447],[12.8956,60.0481],[12.8925,60.0517],[12.8761,60.0625],[12.8536,60.0841],[12.8402,60.0886],[12.8316,60.0945],[12.8202,60.0993],[12.8089,60.1089],[12.7581,60.0964],[12.7499,60.1036],[12.7395,60.101],[12.7322,60.1014],[12.726,60.0986],[12.7182,60.1044],[12.712,60.0982],[12.7024,60.0958],[12.6971,60.0981],[12.6382,60.0955],[12.6113,60.0816],[12.5953,60.0835],[12.5847,60.0784],[12.6077,60.0356],[12.6218,60.0228],[12.6274,60.0228],[12.6391,60.0162],[12.6467,60.0148],[12.6616,60.0085],[12.6995,60.0024],[12.7021,59.9987],[12.7192,59.9967],[12.7288,59.9916],[12.7364,59.9812],[12.7466,59.9777],[12.7508,59.9731],[12.7492,59.9651],[12.7384,59.9594],[12.7339,59.9503],[12.7054,59.9423],[12.6964,59.9298],[12.693,59.92],[12.6925,59.9129],[12.6858,59.9036],[12.6882,59.899],[12.7092,59.8924],[12.7207,59.887],[12.7212,59.8781],[12.7214,59.8748],[12.7301,59.8716],[12.7617,59.8656],[12.7776,59.8602],[12.7908,59.8572],[12.8133,59.8483],[12.8163,59.8449],[12.8346,59.8364],[12.8502,59.8245],[12.8788,59.8134],[12.894,59.7913],[12.8995,59.7799],[12.912,59.7707]]]}},{"type":"Feature","properties":{"code":"1780","name":"Karlstad"},"geometry":{"type":"Polygon","coordinates":[[[13.6653,59.3293],[13.6961,59.3162],[13.704,59.3103],[13.7346,59.2546],[13.792,59.2841],[13.7881,59.3025],[13.7966,59.3048],[13.8161,59.2963],[13.8305,59.3083],[13.8387,59.3109],[13.8854,59.3407],[13.8804,59.3468],[13.8737,59.3501],[13.8692,59.3631],[13.871,59.3682],[13.869,59.3736],[13.871,59.3799],[13.8852,59.3831],[13.9169,59.4057],[13.9155,59.4067],[13.9313,59.4236],[13.9607,59.4247],[13.9709,59.4386],[13.9838,59.4385],[13.9894,59.4444],[13.9979,59.4454],[14.0065,59.4497],[14.0089,59.4549],[14.0097,59.4651],[14.0166,59.4706],[14.0122,59.4811],[14.0177,59.4879],[14.0064,59.4904],[14.0084,59.4966],[14.0153,59.5028],[14.0219,59.4988],[14.0165,59.5297],[14.0305,59.5429],[14.0305,59.5538],[13.9628,59.584],[13.9528,59.5862],[13.9519,59.5922],[13.9449,59.5982],[13.9359,59.6171],[13.9238,59.6337],[13.888,59.6734],[13.8822,59.6805],[13.8454,59.7195],[13.8257,59.736],[13.8272,59.7503],[13.8306,59.7536],[13.7865,59.7689],[13.7804,59.7738],[13.7323,59.7673],[13.6974,59.7683],[13.6868,59.7725],[13.6811,59.757],[13.6777,59.7537],[13.6623,59.7542],[13.6572,59.7506],[13.6471,59.7353],[13.6344,59.7225],[13.6259,59.7115],[13.593,59.6752],[13.6009,59.6675],[13.6117,59.6632],[13.6153,59.6598],[13.5959,59.655],[13.5864,59.6497],[13.6252,59.6147],[13.6263,59.6092],[13.619,59.6012],[13.6193,59.5967],[13.6215,59.5914],[13.6175,59.5831],[13.6278,59.5786],[13.6283,59.5741],[13.6368,59.5688],[13.6354,59.5614],[13.6204,59.5523],[13.6153,59.5465],[13.6045,59.5552],[13.5982,59.5562],[13.5913,59.55],[13.5767,59.5478],[13.5609,59.5417],[13.5581,59.5351],[13.5488,59.5319],[13.5484,59.5267],[13.5425,59.524],[13.5473,59.4967],[13.5217,59.4863],[13.5203,59.4858],[13.4996,59.4773],[13.4919,59.4843],[13.444,59.5045],[13.4379,59.5056],[13.4347,59.4981],[13.4276,59.4908],[13.419,59.4847],[13.3942,59.4888],[13.3733,59.4924],[13.3379,59.4934],[13.3343,59.4927],[13.3252,59.4903],[13.3162,59.4855],[13.31,59.4901],[13.2868,59.4937],[13.2791,59.4941],[13.2686,59.4919],[13.2603,59.4863],[13.2498,59.4865],[13.2469,59.4912],[13.2495,59.4946],[13.2418,59.4958],[13.2439,59.4999],[13.2276,59.5007],[13.2265,59.4973],[13.2141,59.4896],[13.2059,59.4922],[13.204,59.4877],[13.192,59.4833],[13.1864,59.4913],[13.179,59.4881],[13.1766,59.4816],[13.1695,59.4771],[13.1537,59.4758],[13.1525,59.4725],[13.1633,59.4701],[13.1572,59.4301],[13.1536,59.4111],[13.1514,59.4073],[13.1486,59.3968],[13.1561,59.3826],[13.1608,59.3774],[13.1629,59.3691],[13.1634,59.3517],[13.1753,59.3498],[13.1771,59.34],[13.1654,59.3251],[13.1769,59.255],[13.1774,59.2547],[13.1865,59.2505],[13.3927,59.2509],[13.4063,59.2914],[13.4123,59.3093],[13.4124,59.3189],[13.3916,59.332],[13.4311,59.3427],[13.4434,59.3453],[13.4487,59.3484],[13.4639,59.347],[13.4697,59.3507],[13.4761,59.3516],[13.4833,59.3564],[13.4923,59.3576],[13.5128,59.3542],[13.5219,59.3626],[13.5312,59.3602],[13.5484,59.3557],[13.5955,59.37],[13.6006,59.3569],[13.6653,59.3293]]]}},{"type":"Feature","properties":{"code":"1781","name":"Kristinehamn"},"geometry":{"type":"Polygon","coordinates":[[[14.0177,59.4879],[14.0122,59.4811],[14.0166,59.4706],[14.0097,59.4651],[14.0089,59.4549],[14.0065,59.4497],[13.9979,59.4454],[13.9894,59.4444],[13.9838,59.4385],[13.9709,59.4386],[13.9607,59.4247],[13.9313,59.4236],[13.9155,59.4067],[13.9169,59.4057],[13.8852,59.3831],[13.871,59.3799],[13.869,59.3736],[13.871,59.3682],[13.8692,59.3631],[13.8737,59.3501],[13.8804,59.3468],[13.8854,59.3407],[13.8387,59.3109],[13.8305,59.3083],[13.8161,59.2963],[13.7966,59.3048],[13.7881,59.3025],[13.792,59.2841],[13.7346,59.2546],[13.753,59.2368],[13.9693,59.2072],[13.9958,59.1849],[14.0082,59.1736],[13.9578,59.1408],[13.9198,59.0877],[13.9428,59.0331],[13.9585,59.0319],[14.0441,59.0286],[14.0331,59.0374],[14.0382,59.0429],[14.0479,59.0448],[14.0629,59.0451],[14.075,59.0502],[14.0822,59.0484],[14.0993,59.0478],[14.119,59.05],[14.1298,59.0492],[14.142,59.0525],[14.1545,59.0489],[14.1638,59.0472],[14.1719,59.0423],[14.18,59.0408],[14.2242,59.0455],[14.2317,59.0292],[14.2649,59.0159],[14.2979,59.0122],[14.3235,59.0631],[14.3373,59.0732],[14.3363,59.078],[14.3401,59.0841],[14.3383,59.0974],[14.2958,59.127],[14.3012,59.136],[14.2983,59.1472],[14.2931,59.1516],[14.2896,59.1594],[14.2914,59.1746],[14.291,59.1832],[14.2961,59.1963],[14.2953,59.2046],[14.2891,59.2139],[14.2905,59.2314],[14.3083,59.2494],[14.3058,59.2579],[14.3082,59.2713],[14.3124,59.2796],[14.3064,59.2842],[14.3144,59.2971],[14.3225,59.3128],[14.3252,59.3182],[14.2651,59.3321],[14.2613,59.34],[14.2501,59.3477],[14.2444,59.3499],[14.2425,59.3581],[14.2286,59.3555],[14.2114,59.3612],[14.215,59.3693],[14.2313,59.3994],[14.2324,59.4041],[14.2439,59.4113],[14.2518,59.412],[14.2629,59.4214],[14.2505,59.4298],[14.2462,59.4391],[14.2401,59.4421],[14.231,59.4422],[14.2278,59.4367],[14.2271,59.4281],[14.2226,59.4249],[14.2183,59.4234],[14.1775,59.4388],[14.1618,59.446],[14.148,59.4356],[14.1365,59.4508],[14.1363,59.4577],[14.129,59.4604],[14.1078,59.4653],[14.0786,59.4779],[14.0348,59.4814],[14.0177,59.4879]]]}},{"type":"Feature","properties":{"code":"1782","name":"Filipstad"},"geometry":{"type":"Polygon","coordinates":[[[14.4149,59.8213],[14.4209,59.8439],[14.4199,59.872],[14.4211,59.8849],[14.4157,59.8929],[14.423,59.9013],[14.3983,59.9129],[14.3895,59.9079],[14.3763,59.9087],[14.3664,59.912],[14.3569,59.92],[14.3613,59.9256],[14.3611,59.9324],[14.3479,59.9398],[14.3392,59.9415],[14.3323,59.9524],[14.4566,59.973],[14.437,60.0257],[14.3139,60.0622],[14.2127,60.0957],[14.2104,60.0992],[14.2113,60.1103],[14.2053,60.1191],[14.2092,60.1259],[14.2031,60.1309],[14.2025,60.1371],[14.1978,60.1409],[14.1967,60.1636],[14.1908,60.1658],[14.1871,60.1749],[14.1893,60.1773],[14.1818,60.1859],[14.167,60.1971],[14.1588,60.2059],[14.1574,60.2166],[14.1492,60.2307],[14.0237,60.2288],[14.0229,60.2423],[13.9912,60.2484],[13.991,60.2515],[13.9511,60.251],[13.9597,60.2439],[13.9658,60.2367],[13.9745,60.2305],[13.9959,60.211],[14.0057,60.1976],[14.0119,60.1911],[13.9655,60.1752],[13.9974,60.1567],[14.0099,60.1102],[14.0183,60.0811],[14.0071,60.0262],[13.9932,59.9562],[13.9077,59.9355],[13.9079,59.8925],[13.9062,59.881],[13.9007,59.8774],[13.8968,59.8703],[13.8935,59.8691],[13.8656,59.8688],[13.856,59.8672],[13.8582,59.8582],[13.8658,59.8447],[13.8611,59.842],[13.8607,59.8356],[13.8643,59.8286],[13.8609,59.8205],[13.8638,59.8151],[13.8752,59.8154],[13.8808,59.8124],[13.8899,59.8116],[13.8938,59.8061],[13.9007,59.8068],[13.9057,59.8005],[13.9133,59.7975],[13.8899,59.793],[13.8286,59.781],[13.7804,59.7738],[13.7865,59.7689],[13.8306,59.7536],[13.8272,59.7503],[13.8257,59.736],[13.8454,59.7195],[13.8822,59.6805],[13.888,59.6734],[13.9238,59.6337],[13.9359,59.6171],[13.9449,59.5982],[13.9519,59.5922],[13.9528,59.5862],[13.9628,59.584],[14.0305,59.5538],[14.0625,59.5912],[14.1456,59.5908],[14.1618,59.593],[14.1602,59.6001],[14.1685,59.6014],[14.1735,59.6071],[14.1826,59.6047],[14.2144,59.5942],[14.2337,59.5962],[14.2353,59.5903],[14.2723,59.589],[14.271,59.6011],[14.2867,59.6082],[14.2958,59.6058],[14.2998,59.5976],[14.3438,59.5867],[14.356,59.5878],[14.3527,59.5909],[14.3611,59.5934],[14.3692,59.5877],[14.3869,59.5812],[14.3898,59.5692],[14.3933,59.5665],[14.3924,59.5604],[14.4019,59.5632],[14.4085,59.561],[14.417,59.5627],[14.416,59.5703],[14.4214,59.5707],[14.429,59.5756],[14.434,59.5737],[14.4462,59.5784],[14.4651,59.5799],[14.4613,59.5981],[14.44,59.6344],[14.4371,59.6369],[14.43,59.6597],[14.4278,59.6703],[14.435,59.684],[14.421,59.7015],[14.4089,59.7224],[14.4076,59.7311],[14.4016,59.7409],[14.4047,59.7564],[14.4347,59.7709],[14.4206,59.8066],[14.4163,59.8139],[14.4149,59.8213]]]}},{"type":"Feature","properties":{"code":"1783","name":"Hagfors"},"geometry":{"type":"Polygon","coordinates":[[[13.3184,60.0109],[13.3182,59.9976],[13.3198,59.9944],[13.3284,59.9907],[13.3315,59.9812],[13.3375,59.9584],[13.3422,59.9454],[13.3481,59.9389],[13.3832,59.9262],[13.3871,59.8923],[13.3851,59.8883],[13.3825,59.8662],[13.3936,59.8737],[13.4104,59.868],[13.4317,59.8706],[13.5067,59.8824],[13.5078,59.878],[13.5175,59.8719],[13.5268,59.8764],[13.5371,59.8738],[13.5561,59.8725],[13.5575,59.87],[13.5503,59.8638],[13.5567,59.8591],[13.5576,59.8553],[13.5664,59.8551],[13.5692,59.8516],[13.595,59.8551],[13.6405,59.8744],[13.6354,59.8608],[13.6178,59.8191],[13.6293,59.8154],[13.6217,59.7987],[13.623,59.791],[13.6201,59.7802],[13.6359,59.7829],[13.6427,59.779],[13.6511,59.779],[13.6828,59.7756],[13.6868,59.7725],[13.6974,59.7683],[13.7323,59.7673],[13.7804,59.7738],[13.8286,59.781],[13.8899,59.793],[13.9133,59.7975],[13.9057,59.8005],[13.9007,59.8068],[13.8938,59.8061],[13.8899,59.8116],[13.8808,59.8124],[13.8752,59.8154],[13.8638,59.8151],[13.8609,59.8205],[13.8643,59.8286],[13.8607,59.8356],[13.8611,59.842],[13.8658,59.8447],[13.8582,59.8582],[13.856,59.8672],[13.8656,59.8688],[13.8935,59.8691],[13.8968,59.8703],[13.9007,59.8774],[13.9062,59.881],[13.9079,59.8925],[13.9077,59.9355],[13.9932,59.9562],[14.0071,60.0262],[14.0183,60.0811],[14.0099,60.1102],[13.9974,60.1567],[13.9655,60.1752],[13.9199,60.2015],[13.828,60.2548],[13.7927,60.2848],[13.751,60.33],[13.728,60.3557],[13.6708,60.4034],[13.6661,60.4044],[13.6217,60.4144],[13.529,60.3821],[13.4865,60.3351],[13.4783,60.3248],[13.4256,60.2958],[13.4161,60.2909],[13.4333,60.2858],[13.4207,60.2789],[13.4087,60.2796],[13.4071,60.2772],[13.3757,60.2508],[13.373,60.2511],[13.3281,60.2443],[13.2621,60.2202],[13.2575,60.2121],[13.2499,60.2136],[13.2397,60.2246],[13.2229,60.2308],[13.2163,60.2375],[13.2058,60.2397],[13.197,60.2436],[13.1864,60.2414],[13.172,60.2409],[13.1649,60.2372],[13.1639,60.2292],[13.1707,60.1917],[13.1772,60.1687],[13.1904,60.1608],[13.2023,60.1571],[13.2154,60.1471],[13.2572,60.1229],[13.2855,60.0786],[13.2865,60.0358],[13.2978,60.0329],[13.3005,60.0302],[13.3131,60.0335],[13.3185,60.0238],[13.3162,60.0142],[13.3184,60.0109]]]}},{"type":"Feature","properties":{"code":"1784","name":"Arvika"},"geometry":{"type":"Polygon","coordinates":[[[12.894,59.7913],[12.8788,59.8134],[12.8502,59.8245],[12.8346,59.8364],[12.8163,59.8449],[12.8133,59.8483],[12.7908,59.8572],[12.7776,59.8602],[12.7617,59.8656],[12.7301,59.8716],[12.7214,59.8748],[12.7212,59.8781],[12.7207,59.887],[12.7092,59.8924],[12.6882,59.899],[12.6858,59.9036],[12.6925,59.9129],[12.693,59.92],[12.6964,59.9298],[12.7054,59.9423],[12.7339,59.9503],[12.7384,59.9594],[12.7492,59.9651],[12.7508,59.9731],[12.7466,59.9777],[12.7364,59.9812],[12.7288,59.9916],[12.7192,59.9967],[12.7021,59.9987],[12.6995,60.0024],[12.6616,60.0085],[12.6467,60.0148],[12.6391,60.0162],[12.6274,60.0228],[12.6218,60.0228],[12.6077,60.0356],[12.5847,60.0784],[12.5663,60.121],[12.5679,60.1285],[12.5566,60.1367],[12.5431,60.1346],[12.5157,60.1279],[12.5006,60.0991],[12.4803,60.0729],[12.4497,60.0403],[12.454,60.0377],[12.4515,60.0324],[12.4622,60.025],[12.459,60.0201],[12.4679,60.0093],[12.4639,60.0074],[12.4718,59.9879],[12.4815,59.9801],[12.4779,59.9608],[12.4743,59.9517],[12.4762,59.9503],[12.4647,59.9395],[12.4658,59.9347],[12.4717,59.929],[12.4245,59.9136],[12.442,59.8907],[12.4524,59.8619],[12.4543,59.8535],[12.4585,59.8455],[12.466,59.8397],[12.4794,59.83],[12.4926,59.8171],[12.4886,59.8098],[12.4628,59.8054],[12.4491,59.8041],[12.4328,59.7993],[12.4202,59.7973],[12.3992,59.785],[12.3769,59.7783],[12.3823,59.7689],[12.3742,59.7635],[12.375,59.7562],[12.364,59.7531],[12.3539,59.7527],[12.3504,59.7499],[12.3529,59.7454],[12.3364,59.7371],[12.3286,59.7198],[12.3421,59.7157],[12.3448,59.7052],[12.335,59.7006],[12.3268,59.6989],[12.3191,59.6861],[12.3188,59.6759],[12.3051,59.6617],[12.3098,59.6569],[12.3086,59.6488],[12.2982,59.6452],[12.2774,59.6448],[12.2847,59.6305],[12.2939,59.6099],[12.2998,59.6113],[12.3049,59.6073],[12.2952,59.5973],[12.2879,59.584],[12.286,59.5752],[12.2983,59.5716],[12.3081,59.5621],[12.3233,59.5597],[12.3199,59.5527],[12.3245,59.5443],[12.3269,59.5327],[12.3171,59.5278],[12.3118,59.5219],[12.3179,59.5117],[12.3177,59.5072],[12.3123,59.4999],[12.3086,59.49],[12.2962,59.4775],[12.2966,59.4721],[12.2884,59.4683],[12.2885,59.4614],[12.276,59.4495],[12.2779,59.4458],[12.2822,59.4462],[12.3579,59.447],[12.3884,59.4504],[12.4097,59.4503],[12.4275,59.4441],[12.4424,59.4375],[12.4643,59.4307],[12.5,59.4324],[12.5083,59.4216],[12.5091,59.4153],[12.5132,59.4129],[12.519,59.4031],[12.5547,59.3894],[12.5587,59.3873],[12.5994,59.3849],[12.6087,59.3859],[12.6188,59.3928],[12.6246,59.3997],[12.6362,59.3927],[12.6455,59.3903],[12.6643,59.3937],[12.6749,59.3926],[12.6915,59.3927],[12.7043,59.39],[12.7265,59.3929],[12.7505,59.3991],[12.7721,59.4021],[12.7917,59.4096],[12.7996,59.4055],[12.8054,59.41],[12.8143,59.4124],[12.8404,59.4299],[12.8431,59.4346],[12.8404,59.4424],[12.8278,59.4629],[12.8236,59.476],[12.8302,59.4931],[12.8389,59.497],[12.8732,59.5096],[12.8783,59.5104],[12.8791,59.5206],[12.8759,59.5243],[12.8804,59.5325],[12.878,59.5475],[12.8808,59.5527],[12.8851,59.5687],[12.8964,59.5673],[12.9051,59.5567],[12.9203,59.5595],[12.9278,59.5596],[12.933,59.5665],[12.943,59.5734],[12.9564,59.5771],[12.9735,59.5887],[12.9927,59.6081],[13.0148,59.601],[13.0174,59.5961],[13.0268,59.5925],[13.0337,59.5919],[13.0461,59.6039],[13.043,59.6117],[13.0293,59.6264],[13.0324,59.6312],[13.0408,59.6312],[13.0455,59.6384],[13.0359,59.6487],[13.0448,59.6547],[13.0661,59.6593],[13.0736,59.6538],[13.0933,59.6513],[13.0649,59.6906],[13.0532,59.6895],[13.0311,59.6974],[13.0142,59.7024],[13.0079,59.7057],[12.9977,59.7197],[12.9926,59.7243],[12.9834,59.7278],[12.9589,59.7338],[12.9559,59.7411],[12.944,59.7443],[12.9414,59.7488],[12.9343,59.7511],[12.9172,59.7627],[12.912,59.7707],[12.8995,59.7799],[12.894,59.7913]]]}},{"type":"Feature","properties":{"code":"1785","name":"Säffle"},"geometry":{"type":"Polygon","coordinates":[[[13.2233,59.1007],[13.2016,59.1937],[13.1774,59.2547],[13.1769,59.255],[13.1596,59.2544],[13.114,59.2528],[13.0724,59.2366],[13.0655,59.2361],[13.0463,59.2388],[13.039,59.2442],[13.0035,59.2365],[12.9936,59.237],[12.9441,59.2448],[12.9347,59.2479],[12.9187,59.2504],[12.9148,59.2606],[12.9203,59.2639],[12.915,59.2738],[12.9226,59.2777],[12.9212,59.2832],[12.907,59.2799],[12.9134,59.2994],[12.9152,59.314],[12.9107,59.3409],[12.9022,59.3475],[12.9007,59.3546],[12.9008,59.3722],[12.9103,59.3737],[12.9116,59.3799],[12.9071,59.3863],[12.919,59.3954],[12.928,59.3994],[12.9151,59.413],[12.8983,59.4195],[12.8936,59.4235],[12.9034,59.4309],[12.9063,59.4432],[12.8913,59.448],[12.8783,59.4364],[12.8604,59.4319],[12.8404,59.4299],[12.8143,59.4124],[12.8054,59.41],[12.7996,59.4055],[12.7917,59.4096],[12.7721,59.4021],[12.7505,59.3991],[12.7265,59.3929],[12.7043,59.39],[12.6915,59.3927],[12.6749,59.3926],[12.6643,59.3937],[12.6455,59.3903],[12.6362,59.3927],[12.6246,59.3997],[12.6188,59.3928],[12.6087,59.3859],[12.5994,59.3849],[12.5587,59.3873],[12.5547,59.3894],[12.519,59.4031],[12.5132,59.4129],[12.5091,59.4153],[12.5038,59.4108],[12.4853,59.399],[12.4699,59.3923],[12.4638,59.3836],[12.45,59.3847],[12.4499,59.3817],[12.4687,59.3744],[12.4815,59.3716],[12.4775,59.3613],[12.4695,59.3549],[12.4655,59.3432],[12.4581,59.3359],[12.4648,59.3266],[12.4657,59.3189],[12.4638,59.3105],[12.4707,59.3005],[12.4651,59.2928],[12.4609,59.2785],[12.4626,59.274],[12.4741,59.2675],[12.4754,59.2501],[12.4738,59.2483],[12.4509,59.2478],[12.4409,59.2507],[12.4445,59.2286],[12.4368,59.2228],[12.4282,59.2225],[12.4231,59.2096],[12.4238,59.1964],[12.4224,59.1926],[12.4401,59.1945],[12.4587,59.1928],[12.4625,59.1818],[12.4545,59.1737],[12.4421,59.1736],[12.434,59.1754],[12.4204,59.1749],[12.4151,59.1691],[12.4232,59.1635],[12.4515,59.1578],[12.4606,59.1527],[12.458,59.1446],[12.4685,59.1402],[12.4574,59.1322],[12.4776,59.1277],[12.4934,59.1261],[12.5171,59.1308],[12.5389,59.1254],[12.5474,59.1258],[12.5584,59.1209],[12.5634,59.115],[12.5751,59.1119],[12.5819,59.1134],[12.5837,59.118],[12.5905,59.1208],[12.5889,59.1289],[12.5981,59.1302],[12.619,59.1417],[12.618,59.1536],[12.6301,59.1643],[12.6251,59.1666],[12.624,59.1717],[12.6349,59.181],[12.6497,59.1859],[12.6555,59.1861],[12.6545,59.1763],[12.6638,59.1775],[12.6701,59.1781],[12.69,59.1714],[12.6954,59.1707],[12.7106,59.1538],[12.7251,59.1457],[12.7381,59.1414],[12.7545,59.1308],[12.7536,59.1171],[12.7632,59.1078],[12.7627,59.0972],[12.7686,59.0644],[12.7729,59.058],[12.7701,59.0438],[12.772,59.0424],[12.7824,59.0237],[12.792,59.0272],[12.8503,59.0348],[12.8876,59.0257],[12.9343,59.0246],[13.0677,59.0038],[13.081,58.9963],[12.9944,58.9728],[12.9665,58.9497],[13.0826,58.9034],[13.1793,58.8764],[13.1943,58.7854],[13.2452,58.7709],[13.2494,58.7642],[13.2633,58.761],[13.2732,58.7629],[13.3382,58.8133],[13.2597,58.984],[13.2342,59.0816],[13.2233,59.1007]]]}},{"type":"Feature","properties":{"code":"1814","name":"Lekeberg"},"geometry":{"type":"MultiPolygon","coordinates":[[[[14.7418,59.1265],[14.7278,59.0996],[14.7205,59.0782],[14.7187,59.0589],[14.7097,59.0423],[14.698,59.0254],[14.7129,59.0285],[14.7787,59.0528],[14.7834,59.0606],[14.7899,59.0642],[14.8019,59.0651],[14.8023,59.0739],[14.8091,59.0765],[14.8227,59.0773],[14.8362,59.0834],[14.8537,59.0805],[14.8701,59.0852],[14.8938,59.0855],[14.9057,59.088],[14.9228,59.0847],[14.9294,59.0922],[14.93,59.1018],[14.9339,59.1056],[14.9378,59.1146],[14.946,59.1194],[14.9514,59.1196],[14.9608,59.1276],[14.9802,59.1294],[14.9933,59.1258],[15.0307,59.1319],[15.0431,59.136],[15.0474,59.142],[15.0549,59.1522],[15.0504,59.1609],[15.0504,59.1669],[15.0436,59.1732],[15.0408,59.1865],[15.0253,59.1951],[15.0285,59.1975],[15.0018,59.2003],[14.9891,59.1989],[14.9894,59.1957],[14.9576,59.193],[14.9469,59.1898],[14.9284,59.2054],[14.9335,59.2054],[14.9486,59.2145],[14.953,59.2152],[14.9454,59.2282],[14.9274,59.2389],[14.929,59.2458],[14.9272,59.2588],[14.9237,59.2595],[14.9191,59.2672],[14.91,59.2747],[14.9008,59.2754],[14.9009,59.2822],[14.8924,59.2944],[14.8812,59.2998],[14.8739,59.2985],[14.8658,59.302],[14.8492,59.3134],[14.8405,59.314],[14.8355,59.3112],[14.8087,59.3224],[14.8,59.3219],[14.79,59.3326],[14.7878,59.3271],[14.7721,59.3228],[14.7701,59.3187],[14.7613,59.321],[14.7484,59.3153],[14.7549,59.3085],[14.7638,59.3024],[14.7632,59.2993],[14.7691,59.2912],[14.7731,59.279],[14.765,59.2795],[14.7603,59.2726],[14.7661,59.2592],[14.7256,59.2576],[14.7173,59.2593],[14.7108,59.2573],[14.7097,59.2326],[14.6829,59.2381],[14.6691,59.2417],[14.6435,59.2606],[14.6246,59.2558],[14.6151,59.246],[14.5995,59.2312],[14.5978,59.2298],[14.556,59.2275],[14.5604,59.1963],[14.5639,59.1666],[14.5583,59.1658],[14.5652,59.1591],[14.5681,59.1466],[14.5788,59.1447],[14.5811,59.1371],[14.5866,59.1364],[14.5861,59.1259],[14.5756,59.1213],[14.5933,59.1213],[14.5905,59.1149],[14.5722,59.1145],[14.5735,59.1023],[14.5763,59.1005],[14.5783,59.0996],[14.624,59.1056],[14.6384,59.1071],[14.6511,59.11],[14.6645,59.1096],[14.6666,59.119],[14.6809,59.1186],[14.6844,59.1154],[14.6951,59.1151],[14.7324,59.1242],[14.7418,59.1265]]],[[[15.0041,59.2024],[15.0172,59.2033],[15.0173,59.2117],[15.0041,59.2024]]]]}},{"type":"Feature","properties":{"code":"1860","name":"Laxå"},"geometry":{"type":"Polygon","coordinates":[[[14.7129,59.0285],[14.698,59.0254],[14.7097,59.0423],[14.7187,59.0589],[14.7205,59.0782],[14.7278,59.0996],[14.7418,59.1265],[14.7324,59.1242],[14.6951,59.1151],[14.6844,59.1154],[14.6809,59.1186],[14.6666,59.119],[14.6645,59.1096],[14.6511,59.11],[14.6384,59.1071],[14.624,59.1056],[14.5783,59.0996],[14.5763,59.1005],[14.5703,59.0986],[14.5448,59.0952],[14.4848,59.0863],[14.4633,59.0542],[14.4571,59.0512],[14.4595,59.0473],[14.4509,59.0409],[14.4528,59.0283],[14.4646,59.0285],[14.4919,59.0041],[14.4647,59.0093],[14.4503,59.0093],[14.4472,59.0154],[14.4389,59.0128],[14.4389,59.0093],[14.4128,59.0092],[14.3978,59.0059],[14.3677,59.0042],[14.3698,59.0007],[14.3646,58.9943],[14.2918,58.9822],[14.2886,58.9659],[14.2852,58.9483],[14.2864,58.9476],[14.3166,58.9282],[14.3236,58.9217],[14.3204,58.9164],[14.3254,58.91],[14.324,58.9037],[14.3368,58.8994],[14.3374,58.8964],[14.3545,58.8985],[14.3614,58.8981],[14.3645,58.8916],[14.3723,58.8881],[14.3739,58.8833],[14.3853,58.8846],[14.395,58.8836],[14.3916,58.8788],[14.3847,58.8778],[14.3934,58.8682],[14.3936,58.8614],[14.3788,58.8658],[14.3724,58.8588],[14.3641,58.8575],[14.36,58.8501],[14.3699,58.8483],[14.3661,58.8443],[14.3787,58.8434],[14.3896,58.8458],[14.3825,58.8298],[14.3888,58.8262],[14.4214,58.7947],[14.4379,58.7936],[14.4705,58.781],[14.4754,58.7365],[14.4701,58.7215],[14.4768,58.7134],[14.4926,58.7118],[14.5039,58.7133],[14.5115,58.7172],[14.5164,58.7237],[14.5272,58.7235],[14.534,58.7127],[14.5457,58.7186],[14.5554,58.7053],[14.5458,58.6881],[14.5368,58.6775],[14.562,58.6813],[14.5789,58.6824],[14.6119,58.6909],[14.6148,58.6935],[14.6264,58.6943],[14.6216,58.7373],[14.6913,58.7401],[14.6912,58.7423],[14.6849,58.7503],[14.6804,58.7657],[14.683,58.7732],[14.677,58.786],[14.6535,58.7994],[14.647,58.8012],[14.6413,58.808],[14.6389,58.8149],[14.6338,58.8196],[14.6301,58.8313],[14.6311,58.8364],[14.6388,58.839],[14.6466,58.8491],[14.6446,58.8521],[14.6459,58.8629],[14.6529,58.8748],[14.6478,58.8796],[14.646,58.8891],[14.6509,58.8907],[14.6815,58.8878],[14.6921,58.889],[14.6945,58.8934],[14.7021,58.8975],[14.7194,58.9033],[14.7256,58.9066],[14.7331,58.9064],[14.7355,58.9111],[14.7856,58.9399],[14.7753,58.9454],[14.7694,58.9419],[14.765,58.951],[14.751,58.9561],[14.7446,58.9549],[14.7364,58.9671],[14.7255,58.9751],[14.7171,58.975],[14.7054,58.9806],[14.7122,58.9846],[14.7171,58.9934],[14.7493,58.9971],[14.7415,59.0043],[14.7401,59.0106],[14.7273,59.0101],[14.7218,59.0136],[14.7252,59.023],[14.7129,59.0285]]]}},{"type":"Feature","properties":{"code":"1861","name":"Hallsberg"},"geometry":{"type":"Polygon","coordinates":[[[15.2878,59.1052],[15.2681,59.1021],[15.2779,59.0865],[15.2746,59.0831],[15.2747,59.0696],[15.2721,59.0728],[15.2677,59.0666],[15.2578,59.0647],[15.2505,59.0825],[15.2459,59.0869],[15.2246,59.0896],[15.1846,59.0902],[15.1759,59.0878],[15.1614,59.0881],[15.1547,59.0809],[15.1366,59.0723],[15.1319,59.0746],[15.1229,59.0732],[15.1259,59.083],[15.1216,59.0838],[15.1038,59.0794],[15.0921,59.0843],[15.0806,59.0854],[15.0699,59.0764],[15.064,59.0769],[15.0613,59.0693],[15.0481,59.0679],[15.0337,59.0648],[15.029,59.0609],[15.0293,59.0558],[15.0398,59.0546],[15.0371,59.0513],[15.0215,59.0472],[15.0063,59.0507],[14.9881,59.0575],[14.9836,59.0631],[14.9837,59.0678],[14.9905,59.0725],[14.9794,59.0778],[14.9629,59.0784],[14.9461,59.0761],[14.9368,59.0733],[14.9181,59.0752],[14.9228,59.0847],[14.9057,59.088],[14.8938,59.0855],[14.8701,59.0852],[14.8537,59.0805],[14.8362,59.0834],[14.8227,59.0773],[14.8091,59.0765],[14.8023,59.0739],[14.8019,59.0651],[14.7899,59.0642],[14.7834,59.0606],[14.7787,59.0528],[14.7129,59.0285],[14.7252,59.023],[14.7218,59.0136],[14.7273,59.0101],[14.7401,59.0106],[14.7415,59.0043],[14.7493,58.9971],[14.7171,58.9934],[14.7122,58.9846],[14.7054,58.9806],[14.7171,58.975],[14.7255,58.9751],[14.759,58.9789],[14.7671,58.9845],[14.7741,58.9798],[14.8328,58.9866],[14.8477,58.9901],[14.8503,58.9877],[14.8605,58.991],[14.8719,59.0011],[14.8734,59.0059],[14.8863,59.0115],[14.9038,59.0104],[14.9108,59.006],[14.9212,59.0058],[14.9396,59.0025],[14.9594,59.0025],[14.9612,59.0104],[14.9712,59.0112],[14.9972,59.0177],[15.0029,59.0162],[15.0316,59.0229],[15.0426,59.0262],[15.0917,59.0221],[15.0964,59.0149],[15.0926,59.0027],[15.1339,59.0009],[15.1642,58.9996],[15.1675,58.9929],[15.168,58.9827],[15.1625,58.9757],[15.1741,58.9735],[15.1859,58.9739],[15.2034,58.9795],[15.2182,58.9793],[15.233,58.9686],[15.2526,58.9566],[15.2581,58.9566],[15.2616,58.9472],[15.2848,58.9502],[15.2923,58.9397],[15.315,58.9242],[15.3241,58.919],[15.3329,58.9178],[15.3333,58.9065],[15.3252,58.9031],[15.3231,58.8948],[15.3355,58.8852],[15.3393,58.8716],[15.3441,58.8415],[15.3476,58.8292],[15.3817,58.8471],[15.4029,58.8421],[15.4108,58.8325],[15.4066,58.8284],[15.4144,58.8206],[15.4136,58.8069],[15.4294,58.8146],[15.4246,58.822],[15.4309,58.8232],[15.454,58.8211],[15.453,58.8276],[15.4514,58.84],[15.4448,58.8501],[15.446,58.8535],[15.4407,58.8642],[15.4692,58.8636],[15.4753,58.8625],[15.4919,58.8659],[15.5081,58.8639],[15.5308,58.8646],[15.5452,58.8719],[15.554,58.8705],[15.5596,58.8868],[15.5633,58.8941],[15.586,58.8965],[15.594,58.9056],[15.5915,58.9119],[15.5836,58.9191],[15.5718,58.9273],[15.5584,58.941],[15.5552,58.9565],[15.5466,58.9703],[15.5434,58.9732],[15.5177,58.9829],[15.4988,58.9883],[15.4901,58.992],[15.4793,58.998],[15.4756,59.0019],[15.4603,59.0017],[15.436,59.017],[15.4638,59.0185],[15.471,59.0295],[15.471,59.0354],[15.4626,59.0418],[15.4591,59.0609],[15.4686,59.0668],[15.4607,59.0739],[15.4672,59.0801],[15.458,59.0853],[15.45,59.0936],[15.4321,59.1015],[15.424,59.1042],[15.4262,59.1091],[15.4161,59.1155],[15.4054,59.1275],[15.4067,59.1338],[15.4051,59.1462],[15.3889,59.1493],[15.379,59.1546],[15.3728,59.1544],[15.3614,59.1719],[15.3586,59.1786],[15.3557,59.1749],[15.3455,59.1702],[15.35,59.1676],[15.3196,59.1533],[15.3229,59.1489],[15.319,59.1437],[15.3094,59.1432],[15.3031,59.1376],[15.2848,59.1337],[15.2981,59.1309],[15.2973,59.1238],[15.2997,59.1087],[15.2861,59.109],[15.2878,59.1052]]]}},{"type":"Feature","properties":{"code":"1862","name":"Degerfors"},"geometry":{"type":"Polygon","coordinates":[[[14.6151,59.246],[14.5807,59.2551],[14.5634,59.2648],[14.5435,59.2729],[14.5468,59.2822],[14.5304,59.2834],[14.5158,59.2933],[14.4997,59.2883],[14.4819,59.2794],[14.4776,59.2791],[14.4721,59.2787],[14.465,59.2872],[14.4545,59.2897],[14.4338,59.2973],[14.41,59.3],[14.4028,59.3022],[14.3741,59.2988],[14.3503,59.3032],[14.3405,59.3039],[14.3325,59.3137],[14.3262,59.318],[14.3252,59.3182],[14.3225,59.3128],[14.3144,59.2971],[14.3064,59.2842],[14.3124,59.2796],[14.3082,59.2713],[14.3058,59.2579],[14.3083,59.2494],[14.2905,59.2314],[14.2891,59.2139],[14.2953,59.2046],[14.2961,59.1963],[14.291,59.1832],[14.2914,59.1746],[14.2896,59.1594],[14.2931,59.1516],[14.2983,59.1472],[14.3012,59.136],[14.2958,59.127],[14.3383,59.0974],[14.3401,59.0841],[14.3363,59.078],[14.3373,59.0732],[14.3235,59.0631],[14.2979,59.0122],[14.2918,58.9822],[14.3646,58.9943],[14.3698,59.0007],[14.3677,59.0042],[14.3978,59.0059],[14.4128,59.0092],[14.4389,59.0093],[14.4389,59.0128],[14.4472,59.0154],[14.4503,59.0093],[14.4647,59.0093],[14.4919,59.0041],[14.4646,59.0285],[14.4528,59.0283],[14.4509,59.0409],[14.4595,59.0473],[14.4571,59.0512],[14.4633,59.0542],[14.4848,59.0863],[14.5448,59.0952],[14.5703,59.0986],[14.5763,59.1005],[14.5735,59.1023],[14.5722,59.1145],[14.5905,59.1149],[14.5933,59.1213],[14.5756,59.1213],[14.5861,59.1259],[14.5866,59.1364],[14.5811,59.1371],[14.5788,59.1447],[14.5681,59.1466],[14.5652,59.1591],[14.5583,59.1658],[14.5639,59.1666],[14.5604,59.1963],[14.556,59.2275],[14.5978,59.2298],[14.5995,59.2312],[14.6151,59.246]]]}},{"type":"Feature","properties":{"code":"1863","name":"Hällefors"},"geometry":{"type":"Polygon","coordinates":[[[14.4347,59.7709],[14.4047,59.7564],[14.4016,59.7409],[14.4076,59.7311],[14.4089,59.7224],[14.421,59.7015],[14.435,59.684],[14.4278,59.6703],[14.43,59.6597],[14.4371,59.6369],[14.44,59.6344],[14.4613,59.5981],[14.4651,59.5799],[14.4758,59.5291],[14.5014,59.5247],[14.527,59.5145],[14.5586,59.5096],[14.5598,59.5049],[14.5935,59.4994],[14.6311,59.4943],[14.6564,59.4724],[14.6672,59.4718],[14.6712,59.4689],[14.696,59.4732],[14.6993,59.4761],[14.7096,59.4761],[14.7099,59.4823],[14.7136,59.4852],[14.7108,59.4894],[14.721,59.5],[14.7288,59.5017],[14.7273,59.5072],[14.7405,59.5094],[14.7348,59.5179],[14.7245,59.5211],[14.7147,59.5274],[14.6941,59.5304],[14.6705,59.5273],[14.6522,59.5322],[14.6298,59.5366],[14.6241,59.5583],[14.6623,59.5734],[14.6873,59.5923],[14.699,59.5972],[14.7142,59.6017],[14.7363,59.6133],[14.7389,59.6157],[14.7555,59.6198],[14.7744,59.637],[14.772,59.6561],[14.7586,59.6682],[14.7496,59.6724],[14.7253,59.697],[14.7231,59.7061],[14.7588,59.6983],[14.7714,59.698],[14.7769,59.7007],[14.8175,59.6943],[14.8289,59.6985],[14.8397,59.7055],[14.8508,59.7065],[14.8582,59.7106],[14.8688,59.7136],[14.8755,59.7125],[14.8897,59.7284],[14.9009,59.722],[14.9102,59.7188],[14.9334,59.7179],[14.9359,59.7097],[14.9486,59.7096],[14.953,59.7119],[14.9455,59.7219],[14.9304,59.7386],[14.9115,59.7473],[14.9054,59.768],[14.8749,59.8113],[14.8601,59.8495],[14.8526,59.8638],[14.8495,59.8664],[14.8384,59.8651],[14.8347,59.8677],[14.806,59.895],[14.808,59.8954],[14.8005,59.8999],[14.79,59.9091],[14.7735,59.9218],[14.7707,59.9404],[14.7565,59.9772],[14.7536,59.9972],[14.7236,59.9999],[14.437,60.0257],[14.4566,59.973],[14.3323,59.9524],[14.3392,59.9415],[14.3479,59.9398],[14.3611,59.9324],[14.3613,59.9256],[14.3569,59.92],[14.3664,59.912],[14.3763,59.9087],[14.3895,59.9079],[14.3983,59.9129],[14.423,59.9013],[14.4157,59.8929],[14.4211,59.8849],[14.4199,59.872],[14.4209,59.8439],[14.4149,59.8213],[14.4163,59.8139],[14.4206,59.8066],[14.4347,59.7709]]]}},{"type":"Feature","properties":{"code":"1864","name":"Ljusnarsberg"},"geometry":{"type":"Polygon","coordinates":[[[14.9054,59.768],[14.9415,59.7717],[14.9869,59.7756],[15.0303,59.7802],[15.0566,59.7805],[15.0718,59.7815],[15.0967,59.7877],[15.0949,59.8018],[15.0846,59.8029],[15.0818,59.8086],[15.0933,59.8153],[15.0927,59.8194],[15.0996,59.8262],[15.1055,59.8227],[15.1145,59.8278],[15.1413,59.8346],[15.1538,59.8565],[15.1641,59.8724],[15.1679,59.8807],[15.1895,59.9144],[15.1867,59.9197],[15.1944,59.9225],[15.2016,59.9349],[15.1925,59.9378],[15.1888,59.9411],[15.1942,59.9457],[15.2059,59.9423],[15.2135,59.9552],[15.2284,59.9761],[15.2054,60.0018],[15.1255,60.0084],[15.0777,60.0411],[15.0476,60.0495],[15.0462,60.0429],[15.034,60.0392],[15.0134,60.0574],[14.9813,60.0537],[14.9388,60.0487],[14.9174,60.0527],[14.9048,60.0513],[14.8913,60.0572],[14.8873,60.0638],[14.8594,60.0818],[14.8457,60.0828],[14.8382,60.0884],[14.8378,60.0938],[14.8425,60.0979],[14.8425,60.1021],[14.8514,60.1028],[14.8501,60.1045],[14.8077,60.1109],[14.77,60.095],[14.7373,60.0817],[14.7516,60.0089],[14.7536,59.9972],[14.7565,59.9772],[14.7707,59.9404],[14.7735,59.9218],[14.79,59.9091],[14.8005,59.8999],[14.808,59.8954],[14.806,59.895],[14.8347,59.8677],[14.8384,59.8651],[14.8495,59.8664],[14.8526,59.8638],[14.8601,59.8495],[14.8749,59.8113],[14.9054,59.768]]]}},{"type":"Feature","properties":{"code":"1880","name":"Örebro"},"geometry":{"type":"Polygon","coordinates":[[[14.8862,59.3759],[14.8464,59.374],[14.8324,59.3728],[14.8098,59.3813],[14.7917,59.3868],[14.7649,59.3861],[14.7606,59.3848],[14.763,59.3765],[14.7641,59.3641],[14.7697,59.3577],[14.7825,59.3499],[14.7809,59.3435],[14.79,59.3326],[14.8,59.3219],[14.8087,59.3224],[14.8355,59.3112],[14.8405,59.314],[14.8492,59.3134],[14.8658,59.302],[14.8739,59.2985],[14.8812,59.2998],[14.8924,59.2944],[14.9009,59.2822],[14.9008,59.2754],[14.91,59.2747],[14.9191,59.2672],[14.9237,59.2595],[14.9272,59.2588],[14.929,59.2458],[14.9274,59.2389],[14.9454,59.2282],[14.953,59.2152],[14.9486,59.2145],[14.9335,59.2054],[14.9284,59.2054],[14.9469,59.1898],[14.9576,59.193],[14.9894,59.1957],[14.9891,59.1989],[15.0018,59.2003],[15.0285,59.1975],[15.0253,59.1951],[15.0408,59.1865],[15.0436,59.1732],[15.0504,59.1669],[15.0552,59.1733],[15.0669,59.1715],[15.0844,59.175],[15.0967,59.1806],[15.1107,59.1769],[15.1357,59.1768],[15.1448,59.181],[15.1578,59.1822],[15.1426,59.1704],[15.1576,59.17],[15.1607,59.1705],[15.1835,59.1821],[15.2002,59.1822],[15.2032,59.1799],[15.2047,59.1806],[15.2296,59.1716],[15.2378,59.1754],[15.2488,59.1769],[15.2577,59.1812],[15.2773,59.1855],[15.2792,59.1886],[15.2979,59.1881],[15.3081,59.1812],[15.3176,59.1807],[15.3255,59.1844],[15.3566,59.1833],[15.3583,59.1794],[15.3586,59.1786],[15.3614,59.1719],[15.3728,59.1544],[15.379,59.1546],[15.3889,59.1493],[15.4051,59.1462],[15.4067,59.1338],[15.4054,59.1275],[15.4161,59.1155],[15.4262,59.1091],[15.424,59.1042],[15.4321,59.1015],[15.45,59.0936],[15.458,59.0853],[15.4672,59.0801],[15.4607,59.0739],[15.4686,59.0668],[15.4591,59.0609],[15.4626,59.0418],[15.471,59.0354],[15.471,59.0295],[15.4638,59.0185],[15.436,59.017],[15.4603,59.0017],[15.4756,59.0019],[15.4793,58.998],[15.4901,58.992],[15.4988,58.9883],[15.5177,58.9829],[15.5434,58.9732],[15.5466,58.9703],[15.5552,58.9565],[15.5814,58.9597],[15.5911,58.9596],[15.6031,58.9683],[15.6286,58.9829],[15.6416,58.9739],[15.6578,58.975],[15.6777,58.9742],[15.6819,58.9753],[15.6876,58.982],[15.6653,58.982],[15.6503,58.9961],[15.6545,58.9997],[15.652,59.0077],[15.6448,59.0129],[15.6311,59.0113],[15.6212,59.0157],[15.62,59.0247],[15.6283,59.0245],[15.6334,59.0313],[15.6323,59.0368],[15.6383,59.0432],[15.6366,59.0471],[15.6426,59.0498],[15.6399,59.0541],[15.6719,59.0641],[15.6841,59.0652],[15.7012,59.0725],[15.7036,59.0765],[15.7105,59.0774],[15.7161,59.0849],[15.7078,59.0887],[15.7012,59.096],[15.7073,59.101],[15.7166,59.1017],[15.7293,59.1054],[15.7704,59.1064],[15.7763,59.1044],[15.7943,59.1097],[15.7899,59.113],[15.7908,59.1214],[15.7976,59.1229],[15.7879,59.1335],[15.7879,59.1369],[15.7982,59.137],[15.7691,59.1837],[15.7637,59.1946],[15.762,59.1979],[15.7973,59.2297],[15.7982,59.2305],[15.7964,59.2304],[15.7284,59.2236],[15.7265,59.2234],[15.6917,59.2705],[15.6512,59.2774],[15.6077,59.2887],[15.6206,59.3042],[15.6348,59.3221],[15.6353,59.334],[15.6145,59.3477],[15.6192,59.3526],[15.6126,59.3633],[15.6002,59.3673],[15.5994,59.3732],[15.5948,59.3739],[15.5829,59.3697],[15.5682,59.3683],[15.564,59.3723],[15.5347,59.3767],[15.5209,59.3841],[15.4989,59.3867],[15.489,59.3891],[15.476,59.3891],[15.4744,59.3954],[15.4757,59.3985],[15.5012,59.4038],[15.516,59.4059],[15.5015,59.4187],[15.4853,59.4214],[15.4729,59.432],[15.4639,59.4335],[15.4494,59.4278],[15.4264,59.4248],[15.4199,59.4215],[15.4065,59.4237],[15.3929,59.4312],[15.3772,59.4296],[15.3638,59.4284],[15.3194,59.4328],[15.3192,59.4373],[15.2988,59.4494],[15.2796,59.4459],[15.2728,59.4853],[15.2788,59.5016],[15.2754,59.5053],[15.2315,59.508],[15.2294,59.5203],[15.2221,59.5193],[15.2145,59.515],[15.2008,59.5237],[15.1754,59.5167],[15.1751,59.5142],[15.159,59.5066],[15.1501,59.5092],[15.1469,59.5055],[15.1515,59.5013],[15.1484,59.4948],[15.1508,59.487],[15.1422,59.4672],[15.145,59.4592],[15.1493,59.4555],[15.151,59.4464],[15.1399,59.4448],[15.1279,59.4445],[15.1086,59.4404],[15.1081,59.4348],[15.0887,59.4316],[15.0755,59.4337],[15.069,59.4325],[15.073,59.4462],[15.0734,59.4535],[15.0662,59.4662],[15.06,59.4696],[15.0411,59.473],[15.0119,59.4658],[15.0037,59.4645],[14.9942,59.4525],[14.9995,59.4516],[14.9962,59.4348],[14.9989,59.4223],[14.9893,59.4217],[14.9742,59.4162],[14.9605,59.4143],[14.9393,59.3988],[14.9314,59.3832],[14.9158,59.3812],[14.8956,59.3765],[14.8862,59.3759]],[[15.0041,59.2024],[15.0173,59.2117],[15.0172,59.2033],[15.0041,59.2024]]]}},{"type":"Feature","properties":{"code":"1881","name":"Kumla"},"geometry":{"type":"Polygon","coordinates":[[[15.0474,59.142],[15.0431,59.136],[15.0307,59.1319],[14.9933,59.1258],[14.9802,59.1294],[14.9608,59.1276],[14.9514,59.1196],[14.946,59.1194],[14.9378,59.1146],[14.9339,59.1056],[14.93,59.1018],[14.9294,59.0922],[14.9228,59.0847],[14.9181,59.0752],[14.9368,59.0733],[14.9461,59.0761],[14.9629,59.0784],[14.9794,59.0778],[14.9905,59.0725],[14.9837,59.0678],[14.9836,59.0631],[14.9881,59.0575],[15.0063,59.0507],[15.0215,59.0472],[15.0371,59.0513],[15.0398,59.0546],[15.0293,59.0558],[15.029,59.0609],[15.0337,59.0648],[15.0481,59.0679],[15.0613,59.0693],[15.064,59.0769],[15.0699,59.0764],[15.0806,59.0854],[15.0921,59.0843],[15.1038,59.0794],[15.1216,59.0838],[15.1259,59.083],[15.1229,59.0732],[15.1319,59.0746],[15.1366,59.0723],[15.1547,59.0809],[15.1614,59.0881],[15.1759,59.0878],[15.1846,59.0902],[15.2246,59.0896],[15.2459,59.0869],[15.2505,59.0825],[15.2578,59.0647],[15.2677,59.0666],[15.2721,59.0728],[15.2747,59.0696],[15.2746,59.0831],[15.2779,59.0865],[15.2681,59.1021],[15.2878,59.1052],[15.2861,59.109],[15.2997,59.1087],[15.2973,59.1238],[15.2981,59.1309],[15.2848,59.1337],[15.3031,59.1376],[15.3094,59.1432],[15.319,59.1437],[15.3229,59.1489],[15.3196,59.1533],[15.35,59.1676],[15.3455,59.1702],[15.3557,59.1749],[15.3586,59.1786],[15.3583,59.1794],[15.3566,59.1833],[15.3255,59.1844],[15.3176,59.1807],[15.3081,59.1812],[15.2979,59.1881],[15.2792,59.1886],[15.2773,59.1855],[15.2577,59.1812],[15.2488,59.1769],[15.2378,59.1754],[15.2296,59.1716],[15.2047,59.1806],[15.2032,59.1799],[15.2002,59.1822],[15.1835,59.1821],[15.1607,59.1705],[15.1576,59.17],[15.1426,59.1704],[15.1578,59.1822],[15.1448,59.181],[15.1357,59.1768],[15.1107,59.1769],[15.0967,59.1806],[15.0844,59.175],[15.0669,59.1715],[15.0552,59.1733],[15.0504,59.1669],[15.0504,59.1609],[15.0549,59.1522],[15.0474,59.142]]]}},{"type":"Feature","properties":{"code":"1882","name":"Askersund"},"geometry":{"type":"Polygon","coordinates":[[[14.6912,58.7423],[14.6913,58.7401],[14.6924,58.7266],[14.6957,58.7211],[14.6905,58.7181],[14.6916,58.711],[14.6992,58.6997],[14.6993,58.6963],[14.7186,58.6853],[14.7194,58.6848],[14.7396,58.6717],[14.7788,58.6462],[14.8066,58.6651],[14.9292,58.6968],[14.9362,58.6948],[14.9555,58.693],[14.964,58.6895],[14.9695,58.6833],[14.9751,58.6871],[15.0039,58.6957],[15.0116,58.7056],[15.0345,58.7043],[15.0492,58.7222],[15.0537,58.7382],[15.0652,58.7506],[15.0669,58.7544],[15.0837,58.7668],[15.098,58.7658],[15.1152,58.7702],[15.1168,58.7764],[15.1252,58.7865],[15.1189,58.7908],[15.1279,58.7964],[15.1356,58.8111],[15.1381,58.8207],[15.1674,58.8107],[15.1883,58.8129],[15.2038,58.8169],[15.2181,58.8273],[15.2216,58.8353],[15.219,58.8427],[15.2407,58.8413],[15.247,58.8479],[15.2562,58.8498],[15.2569,58.8585],[15.2628,58.8651],[15.2754,58.8632],[15.2963,58.85],[15.3065,58.8545],[15.3253,58.8593],[15.3264,58.8503],[15.3398,58.8353],[15.3476,58.8292],[15.3441,58.8415],[15.3393,58.8716],[15.3355,58.8852],[15.3231,58.8948],[15.3252,58.9031],[15.3333,58.9065],[15.3329,58.9178],[15.3241,58.919],[15.315,58.9242],[15.2923,58.9397],[15.2848,58.9502],[15.2616,58.9472],[15.2581,58.9566],[15.2526,58.9566],[15.233,58.9686],[15.2182,58.9793],[15.2034,58.9795],[15.1859,58.9739],[15.1741,58.9735],[15.1625,58.9757],[15.168,58.9827],[15.1675,58.9929],[15.1642,58.9996],[15.1339,59.0009],[15.0926,59.0027],[15.0964,59.0149],[15.0917,59.0221],[15.0426,59.0262],[15.0316,59.0229],[15.0029,59.0162],[14.9972,59.0177],[14.9712,59.0112],[14.9612,59.0104],[14.9594,59.0025],[14.9396,59.0025],[14.9212,59.0058],[14.9108,59.006],[14.9038,59.0104],[14.8863,59.0115],[14.8734,59.0059],[14.8719,59.0011],[14.8605,58.991],[14.8503,58.9877],[14.8477,58.9901],[14.8328,58.9866],[14.7741,58.9798],[14.7671,58.9845],[14.759,58.9789],[14.7255,58.9751],[14.7364,58.9671],[14.7446,58.9549],[14.751,58.9561],[14.765,58.951],[14.7694,58.9419],[14.7753,58.9454],[14.7856,58.9399],[14.7355,58.9111],[14.7331,58.9064],[14.7256,58.9066],[14.7194,58.9033],[14.7021,58.8975],[14.6945,58.8934],[14.6921,58.889],[14.6815,58.8878],[14.6509,58.8907],[14.646,58.8891],[14.6478,58.8796],[14.6529,58.8748],[14.6459,58.8629],[14.6446,58.8521],[14.6466,58.8491],[14.6388,58.839],[14.6311,58.8364],[14.6301,58.8313],[14.6338,58.8196],[14.6389,58.8149],[14.6413,58.808],[14.647,58.8012],[14.6535,58.7994],[14.677,58.786],[14.683,58.7732],[14.6804,58.7657],[14.6849,58.7503],[14.6912,58.7423]]]}},{"type":"Feature","properties":{"code":"1883","name":"Karlskoga"},"geometry":{"type":"Polygon","coordinates":[[[14.3262,59.318],[14.3325,59.3137],[14.3405,59.3039],[14.3503,59.3032],[14.3741,59.2988],[14.4028,59.3022],[14.41,59.3],[14.4338,59.2973],[14.4545,59.2897],[14.465,59.2872],[14.4721,59.2787],[14.4776,59.2791],[14.4819,59.2794],[14.4997,59.2883],[14.5158,59.2933],[14.5304,59.2834],[14.5468,59.2822],[14.5435,59.2729],[14.5634,59.2648],[14.5807,59.2551],[14.6151,59.246],[14.6246,59.2558],[14.6435,59.2606],[14.6691,59.2417],[14.6829,59.2381],[14.7097,59.2326],[14.7108,59.2573],[14.7173,59.2593],[14.7256,59.2576],[14.7661,59.2592],[14.7603,59.2726],[14.765,59.2795],[14.7731,59.279],[14.7691,59.2912],[14.7632,59.2993],[14.7638,59.3024],[14.7549,59.3085],[14.7484,59.3153],[14.7613,59.321],[14.7701,59.3187],[14.7721,59.3228],[14.7878,59.3271],[14.79,59.3326],[14.7809,59.3435],[14.7825,59.3499],[14.7697,59.3577],[14.7332,59.3748],[14.7156,59.3905],[14.6809,59.4206],[14.6887,59.4208],[14.7106,59.4382],[14.7225,59.4571],[14.721,59.4634],[14.7096,59.4761],[14.6993,59.4761],[14.696,59.4732],[14.6712,59.4689],[14.6672,59.4718],[14.6564,59.4724],[14.6311,59.4943],[14.5935,59.4994],[14.5598,59.5049],[14.5586,59.5096],[14.527,59.5145],[14.5014,59.5247],[14.4758,59.5291],[14.4357,59.5422],[14.4238,59.5327],[14.4008,59.5186],[14.3908,59.5138],[14.3918,59.5136],[14.4003,59.5013],[14.4198,59.4853],[14.4415,59.4593],[14.4689,59.4405],[14.4579,59.4358],[14.4322,59.4222],[14.417,59.4129],[14.4097,59.4136],[14.4032,59.4064],[14.3901,59.3896],[14.3785,59.3841],[14.3745,59.3762],[14.3768,59.3686],[14.3669,59.3687],[14.3632,59.3488],[14.3548,59.3317],[14.3409,59.3335],[14.3337,59.3304],[14.3262,59.318]]]}},{"type":"Feature","properties":{"code":"1884","name":"Nora"},"geometry":{"type":"Polygon","coordinates":[[[14.7231,59.7061],[14.7253,59.697],[14.7496,59.6724],[14.7586,59.6682],[14.772,59.6561],[14.7744,59.637],[14.7555,59.6198],[14.7389,59.6157],[14.7363,59.6133],[14.7142,59.6017],[14.699,59.5972],[14.6873,59.5923],[14.6623,59.5734],[14.6241,59.5583],[14.6298,59.5366],[14.6522,59.5322],[14.6705,59.5273],[14.6941,59.5304],[14.7147,59.5274],[14.7245,59.5211],[14.7348,59.5179],[14.7405,59.5094],[14.7273,59.5072],[14.7288,59.5017],[14.721,59.5],[14.7108,59.4894],[14.7136,59.4852],[14.7099,59.4823],[14.7096,59.4761],[14.721,59.4634],[14.7225,59.4571],[14.7106,59.4382],[14.6887,59.4208],[14.6809,59.4206],[14.7156,59.3905],[14.7332,59.3748],[14.7697,59.3577],[14.7641,59.3641],[14.763,59.3765],[14.7606,59.3848],[14.7649,59.3861],[14.7917,59.3868],[14.8098,59.3813],[14.8324,59.3728],[14.8464,59.374],[14.8862,59.3759],[14.8956,59.3765],[14.9158,59.3812],[14.9314,59.3832],[14.9393,59.3988],[14.9605,59.4143],[14.9742,59.4162],[14.9893,59.4217],[14.9989,59.4223],[14.9962,59.4348],[14.9995,59.4516],[14.9942,59.4525],[15.0037,59.4645],[15.0119,59.4658],[15.0411,59.473],[15.06,59.4696],[15.0662,59.4662],[15.0734,59.4535],[15.073,59.4462],[15.069,59.4325],[15.0755,59.4337],[15.0887,59.4316],[15.1081,59.4348],[15.1086,59.4404],[15.1279,59.4445],[15.1399,59.4448],[15.151,59.4464],[15.1493,59.4555],[15.145,59.4592],[15.1422,59.4672],[15.1508,59.487],[15.1484,59.4948],[15.1515,59.5013],[15.1469,59.5055],[15.1501,59.5092],[15.1611,59.5173],[15.1518,59.5209],[15.1466,59.537],[15.1548,59.545],[15.1637,59.5473],[15.1724,59.5548],[15.1614,59.5607],[15.1403,59.5701],[15.1249,59.5802],[15.1056,59.5802],[15.1,59.5812],[15.1034,59.5903],[15.0633,59.5909],[15.0328,59.5891],[15.0007,59.5841],[15.001,59.5922],[15.0016,59.6067],[15.0061,59.6108],[15.0031,59.6136],[14.996,59.6335],[14.9766,59.6371],[14.9752,59.6461],[14.9664,59.662],[14.9627,59.6862],[14.9599,59.7028],[14.953,59.7119],[14.9486,59.7096],[14.9359,59.7097],[14.9334,59.7179],[14.9102,59.7188],[14.9009,59.722],[14.8897,59.7284],[14.8755,59.7125],[14.8688,59.7136],[14.8582,59.7106],[14.8508,59.7065],[14.8397,59.7055],[14.8289,59.6985],[14.8175,59.6943],[14.7769,59.7007],[14.7714,59.698],[14.7588,59.6983],[14.7231,59.7061]]]}},{"type":"Feature","properties":{"code":"1885","name":"Lindesberg"},"geometry":{"type":"Polygon","coordinates":[[[15.2294,59.5203],[15.2315,59.508],[15.2754,59.5053],[15.2788,59.5016],[15.2728,59.4853],[15.2796,59.4459],[15.2988,59.4494],[15.3192,59.4373],[15.3194,59.4328],[15.3638,59.4284],[15.3772,59.4296],[15.3929,59.4312],[15.4065,59.4237],[15.4199,59.4215],[15.4264,59.4248],[15.4494,59.4278],[15.4639,59.4335],[15.4729,59.432],[15.4853,59.4214],[15.5015,59.4187],[15.516,59.4059],[15.5012,59.4038],[15.4757,59.3985],[15.4744,59.3954],[15.476,59.3891],[15.489,59.3891],[15.4989,59.3867],[15.5209,59.3841],[15.5347,59.3767],[15.564,59.3723],[15.5682,59.3683],[15.5829,59.3697],[15.5948,59.3739],[15.5998,59.3749],[15.604,59.3966],[15.6243,59.3971],[15.6267,59.4038],[15.637,59.4054],[15.6487,59.4033],[15.664,59.4044],[15.67,59.4061],[15.6853,59.4066],[15.6984,59.4093],[15.7137,59.409],[15.7212,59.4104],[15.7302,59.4086],[15.7314,59.4178],[15.7297,59.4317],[15.7266,59.4381],[15.7157,59.4505],[15.7128,59.4758],[15.6855,59.4774],[15.6903,59.4849],[15.6881,59.4889],[15.6906,59.4961],[15.7015,59.4994],[15.7037,59.503],[15.7197,59.5075],[15.7173,59.5194],[15.7134,59.5257],[15.7047,59.5389],[15.683,59.534],[15.6732,59.5348],[15.6723,59.5294],[15.6631,59.5251],[15.6394,59.5214],[15.6287,59.5202],[15.6305,59.5289],[15.6264,59.5501],[15.6263,59.5737],[15.6322,59.5711],[15.6353,59.5792],[15.6366,59.5912],[15.6344,59.596],[15.6233,59.5982],[15.621,59.6171],[15.6188,59.6264],[15.6157,59.6305],[15.604,59.631],[15.5848,59.6283],[15.5651,59.627],[15.546,59.6286],[15.5212,59.6335],[15.5151,59.6423],[15.5125,59.6526],[15.5267,59.666],[15.5245,59.6769],[15.5328,59.6866],[15.5504,59.6992],[15.5451,59.7175],[15.554,59.7236],[15.5532,59.7259],[15.5387,59.7394],[15.5256,59.7544],[15.5314,59.7609],[15.5124,59.7773],[15.5121,59.7875],[15.5054,59.7961],[15.4259,59.7956],[15.4269,59.7996],[15.4561,59.8211],[15.448,59.8244],[15.4479,59.8313],[15.457,59.8353],[15.4411,59.8439],[15.4418,59.8491],[15.4313,59.8492],[15.4222,59.8541],[15.3792,59.8775],[15.3714,59.8739],[15.3605,59.8805],[15.3617,59.8845],[15.3548,59.8899],[15.3553,59.894],[15.3314,59.9086],[15.2694,59.9495],[15.2284,59.9761],[15.2135,59.9552],[15.2059,59.9423],[15.1942,59.9457],[15.1888,59.9411],[15.1925,59.9378],[15.2016,59.9349],[15.1944,59.9225],[15.1867,59.9197],[15.1895,59.9144],[15.1679,59.8807],[15.1641,59.8724],[15.1538,59.8565],[15.1413,59.8346],[15.1145,59.8278],[15.1055,59.8227],[15.0996,59.8262],[15.0927,59.8194],[15.0933,59.8153],[15.0818,59.8086],[15.0846,59.8029],[15.0949,59.8018],[15.0967,59.7877],[15.0718,59.7815],[15.0566,59.7805],[15.0303,59.7802],[14.9869,59.7756],[14.9415,59.7717],[14.9054,59.768],[14.9115,59.7473],[14.9304,59.7386],[14.9455,59.7219],[14.953,59.7119],[14.9599,59.7028],[14.9627,59.6862],[14.9664,59.662],[14.9752,59.6461],[14.9766,59.6371],[14.996,59.6335],[15.0031,59.6136],[15.0061,59.6108],[15.0016,59.6067],[15.001,59.5922],[15.0007,59.5841],[15.0328,59.5891],[15.0633,59.5909],[15.1034,59.5903],[15.1,59.5812],[15.1056,59.5802],[15.1249,59.5802],[15.1403,59.5701],[15.1614,59.5607],[15.1724,59.5548],[15.1637,59.5473],[15.1548,59.545],[15.1466,59.537],[15.1518,59.5209],[15.1611,59.5173],[15.1501,59.5092],[15.159,59.5066],[15.1751,59.5142],[15.1754,59.5167],[15.2008,59.5237],[15.2145,59.515],[15.2221,59.5193],[15.2294,59.5203]]]}},{"type":"Feature","properties":{"code":"1904","name":"Skinnskatteberg"},"geometry":{"type":"Polygon","coordinates":[[[15.5504,59.6992],[15.6072,59.6976],[15.6468,59.683],[15.6625,59.6828],[15.6752,59.6799],[15.6803,59.6848],[15.7268,59.6856],[15.7489,59.6829],[15.7543,59.674],[15.7634,59.6663],[15.7596,59.6632],[15.7745,59.6481],[15.8072,59.6478],[15.8155,59.6424],[15.8207,59.6317],[15.837,59.6339],[15.8447,59.6419],[15.8633,59.6423],[15.8656,59.6536],[15.9058,59.6689],[15.9344,59.6681],[15.9385,59.6634],[15.9502,59.6654],[15.9579,59.6603],[15.9645,59.661],[15.9649,59.6664],[15.9718,59.6856],[15.9734,59.6944],[15.9966,59.713],[15.9967,59.7277],[15.9921,59.7626],[15.9846,59.789],[15.9797,59.8045],[15.9637,59.8222],[15.9435,59.8393],[15.9415,59.8501],[15.9378,59.8538],[15.9291,59.8521],[15.9211,59.8548],[15.864,59.8951],[15.8067,59.8903],[15.7718,59.881],[15.7631,59.8851],[15.7658,59.8924],[15.7596,59.8976],[15.769,59.8999],[15.7661,59.9059],[15.7609,59.9086],[15.7462,59.9055],[15.7449,59.9117],[15.7351,59.911],[15.7223,59.9053],[15.7033,59.9103],[15.7038,59.9159],[15.6818,59.9379],[15.6587,59.9394],[15.6259,59.9359],[15.6157,59.9379],[15.602,59.9481],[15.5312,59.9572],[15.493,59.936],[15.501,59.928],[15.4965,59.9269],[15.4794,59.9142],[15.4796,59.9116],[15.4866,59.898],[15.467,59.8935],[15.4604,59.8947],[15.4222,59.8541],[15.4313,59.8492],[15.4418,59.8491],[15.4411,59.8439],[15.457,59.8353],[15.4479,59.8313],[15.448,59.8244],[15.4561,59.8211],[15.4269,59.7996],[15.4259,59.7956],[15.5054,59.7961],[15.5121,59.7875],[15.5124,59.7773],[15.5314,59.7609],[15.5256,59.7544],[15.5387,59.7394],[15.5532,59.7259],[15.554,59.7236],[15.5451,59.7175],[15.5504,59.6992]]]}},{"type":"Feature","properties":{"code":"1907","name":"Surahammar"},"geometry":{"type":"Polygon","coordinates":[[[15.9921,59.7626],[15.9967,59.7277],[15.9966,59.713],[16.0108,59.6716],[16.0242,59.6641],[16.0281,59.6604],[16.1101,59.6546],[16.1127,59.6548],[16.1233,59.6571],[16.1232,59.6605],[16.1337,59.6623],[16.136,59.6596],[16.1546,59.6645],[16.1661,59.664],[16.1847,59.6574],[16.2008,59.6608],[16.218,59.6607],[16.2456,59.6622],[16.2572,59.667],[16.2636,59.6788],[16.2699,59.6771],[16.2767,59.6814],[16.281,59.6941],[16.2898,59.6952],[16.3108,59.701],[16.304,59.7038],[16.2944,59.7112],[16.2953,59.7213],[16.2857,59.7341],[16.2891,59.7456],[16.2809,59.7503],[16.2845,59.7524],[16.2927,59.7637],[16.2876,59.7655],[16.2826,59.7744],[16.2684,59.7817],[16.2548,59.7939],[16.2423,59.8017],[16.2333,59.8028],[16.2172,59.8165],[16.2156,59.8247],[16.2153,59.8394],[16.2062,59.8515],[16.1722,59.8621],[16.1642,59.8646],[16.1504,59.8738],[16.1223,59.882],[16.1207,59.8874],[16.1154,59.8908],[16.1045,59.905],[16.1145,59.9104],[16.0949,59.9097],[16.0732,59.8998],[16.0542,59.8971],[16.0363,59.8827],[16.0331,59.8761],[16.0036,59.8621],[15.9861,59.8624],[15.9764,59.8601],[15.9597,59.8521],[15.9415,59.8501],[15.9435,59.8393],[15.9637,59.8222],[15.9797,59.8045],[15.9846,59.789],[15.9921,59.7626]]]}},{"type":"Feature","properties":{"code":"1960","name":"Kungsör"},"geometry":{"type":"Polygon","coordinates":[[[16.135,59.4575],[16.1294,59.4587],[16.1079,59.4592],[16.0844,59.4719],[16.0707,59.4711],[16.0682,59.4694],[16.0557,59.4707],[16.0431,59.4758],[16.0318,59.4782],[16.0204,59.4769],[16.0062,59.4796],[15.9888,59.4767],[15.9806,59.477],[15.9721,59.4744],[15.9655,59.4696],[15.9557,59.4711],[15.9485,59.4775],[15.9378,59.4817],[15.9273,59.4778],[15.9206,59.4731],[15.9047,59.4658],[15.8946,59.4643],[15.8678,59.4579],[15.8714,59.4464],[15.8808,59.4355],[15.8782,59.4302],[15.8857,59.4245],[15.8986,59.4213],[15.9044,59.4216],[15.9261,59.4176],[15.9248,59.413],[15.9314,59.4044],[15.9529,59.41],[15.9685,59.4115],[15.9604,59.4099],[15.9629,59.4051],[15.9757,59.3953],[15.9783,59.3954],[15.9972,59.3676],[15.9927,59.3647],[15.9964,59.3595],[16.0351,59.3693],[16.0466,59.3639],[16.0623,59.3605],[16.0592,59.3582],[16.0723,59.352],[16.1128,59.3503],[16.1351,59.3478],[16.1421,59.3484],[16.157,59.3463],[16.1761,59.3524],[16.1863,59.3524],[16.1957,59.3545],[16.202,59.3582],[16.2225,59.3612],[16.2356,59.36],[16.2665,59.362],[16.269,59.3651],[16.2729,59.3763],[16.2736,59.3885],[16.2842,59.3948],[16.3067,59.3994],[16.2907,59.399],[16.2701,59.406],[16.249,59.4119],[16.2451,59.4156],[16.2475,59.4252],[16.2488,59.4402],[16.2543,59.4525],[16.2433,59.4571],[16.2279,59.4549],[16.227,59.4673],[16.218,59.4601],[16.2057,59.4547],[16.1921,59.4509],[16.1665,59.4509],[16.135,59.4575]]]}},{"type":"Feature","properties":{"code":"1961","name":"Hallstahammar"},"geometry":{"type":"Polygon","coordinates":[[[16.3207,59.5982],[16.3244,59.6029],[16.3211,59.6096],[16.3151,59.6108],[16.3081,59.6162],[16.311,59.6247],[16.3157,59.6263],[16.309,59.6383],[16.3019,59.6419],[16.3081,59.6498],[16.3066,59.6543],[16.2926,59.6536],[16.2767,59.6609],[16.2699,59.6679],[16.2636,59.6788],[16.2572,59.667],[16.2456,59.6622],[16.218,59.6607],[16.2008,59.6608],[16.1847,59.6574],[16.1661,59.664],[16.1546,59.6645],[16.136,59.6596],[16.1337,59.6623],[16.1232,59.6605],[16.1233,59.6571],[16.1127,59.6548],[16.1101,59.6446],[16.096,59.6398],[16.0915,59.6435],[16.0806,59.6388],[16.0744,59.6279],[16.075,59.6151],[16.0814,59.61],[16.0823,59.6043],[16.1071,59.6025],[16.1068,59.6004],[16.1184,59.5972],[16.1267,59.5904],[16.1275,59.5866],[16.1191,59.5803],[16.1337,59.5775],[16.1455,59.5686],[16.152,59.5619],[16.1682,59.5509],[16.1708,59.5445],[16.1766,59.5422],[16.1774,59.5351],[16.2096,59.5369],[16.2238,59.527],[16.2358,59.5166],[16.229,59.5123],[16.2183,59.5],[16.2105,59.4943],[16.2131,59.4906],[16.209,59.4826],[16.2029,59.4783],[16.1999,59.4691],[16.2105,59.4667],[16.227,59.4673],[16.2279,59.4549],[16.2433,59.4571],[16.2543,59.4525],[16.2631,59.4524],[16.2667,59.4818],[16.2361,59.4916],[16.2357,59.4984],[16.2407,59.5043],[16.2544,59.507],[16.2645,59.507],[16.2831,59.5166],[16.2913,59.5227],[16.3053,59.5299],[16.3078,59.5349],[16.3299,59.5453],[16.3231,59.5647],[16.3361,59.5709],[16.3296,59.5761],[16.3172,59.5758],[16.3058,59.5803],[16.312,59.5824],[16.3107,59.5869],[16.3207,59.5982]]]}},{"type":"Feature","properties":{"code":"1962","name":"Norberg"},"geometry":{"type":"Polygon","coordinates":[[[15.7229,60.0694],[15.7225,60.0642],[15.7076,60.0575],[15.7066,60.0451],[15.6823,60.052],[15.6949,60.0355],[15.7081,60.0295],[15.7247,60.0309],[15.7309,60.0297],[15.7309,60.023],[15.7392,60.0202],[15.7479,60.0228],[15.7594,60.0419],[15.7695,60.0409],[15.7834,60.0442],[15.7882,60.0403],[15.7997,60.0439],[15.8191,60.0286],[15.8577,60.0473],[15.8702,60.0349],[15.8819,60.0194],[15.8809,60.0146],[15.9133,60.0079],[15.9125,60.0048],[15.9188,60.0023],[15.9389,60.0057],[15.9494,60.0034],[15.9607,60.0049],[15.9736,60.0031],[15.9806,59.9959],[15.991,59.9856],[16.0141,59.9835],[16.0224,59.9847],[16.0366,59.9908],[16.0507,59.9924],[16.0584,59.9869],[16.0663,59.9726],[16.0757,59.9604],[16.0728,59.9598],[16.0925,59.9366],[16.1212,59.942],[16.1306,59.9493],[16.1435,59.9498],[16.1631,59.9606],[16.1419,59.9704],[16.1492,59.9821],[16.1453,59.9908],[16.1717,59.99],[16.2063,59.9919],[16.1975,59.9955],[16.1891,60.0045],[16.1874,60.0174],[16.177,60.0336],[16.1846,60.0334],[16.1878,60.0288],[16.1966,60.0293],[16.1841,60.076],[16.1815,60.0845],[16.1418,60.0925],[16.1612,60.1126],[16.1634,60.1197],[16.1639,60.1203],[16.1429,60.1324],[16.1324,60.1386],[16.1161,60.1415],[16.0968,60.143],[16.057,60.1471],[16.0463,60.154],[16.0432,60.1612],[16.0382,60.1642],[16.0291,60.1743],[16.0239,60.1822],[16.0169,60.1814],[15.9982,60.1855],[15.9847,60.185],[15.9686,60.1867],[15.9659,60.1828],[15.9463,60.185],[15.9266,60.1723],[15.9072,60.169],[15.882,60.1663],[15.8364,60.1721],[15.812,60.1759],[15.8014,60.1775],[15.7929,60.1645],[15.776,60.1529],[15.767,60.1481],[15.7254,60.1449],[15.7264,60.1283],[15.7389,60.1304],[15.752,60.1297],[15.765,60.1306],[15.7599,60.1157],[15.7477,60.1113],[15.7468,60.1005],[15.7352,60.0988],[15.7267,60.0934],[15.7209,60.0934],[15.7123,60.0819],[15.7327,60.0822],[15.7381,60.0801],[15.724,60.0738],[15.7229,60.0694]]]}},{"type":"Feature","properties":{"code":"1980","name":"Västerås"},"geometry":{"type":"Polygon","coordinates":[[[16.2927,59.7637],[16.2845,59.7524],[16.2809,59.7503],[16.2891,59.7456],[16.2857,59.7341],[16.2953,59.7213],[16.2944,59.7112],[16.304,59.7038],[16.3108,59.701],[16.2898,59.6952],[16.281,59.6941],[16.2767,59.6814],[16.2699,59.6771],[16.2636,59.6788],[16.2699,59.6679],[16.2767,59.6609],[16.2926,59.6536],[16.3066,59.6543],[16.3081,59.6498],[16.3019,59.6419],[16.309,59.6383],[16.3157,59.6263],[16.311,59.6247],[16.3081,59.6162],[16.3151,59.6108],[16.3211,59.6096],[16.3244,59.6029],[16.3207,59.5982],[16.3107,59.5869],[16.312,59.5824],[16.3058,59.5803],[16.3172,59.5758],[16.3296,59.5761],[16.3361,59.5709],[16.3231,59.5647],[16.3299,59.5453],[16.3078,59.5349],[16.3053,59.5299],[16.2913,59.5227],[16.2831,59.5166],[16.2645,59.507],[16.2544,59.507],[16.2407,59.5043],[16.2357,59.4984],[16.2361,59.4916],[16.2667,59.4818],[16.2631,59.4524],[16.2683,59.4523],[16.3005,59.4576],[16.3157,59.4525],[16.3227,59.4529],[16.3492,59.46],[16.3715,59.4673],[16.3861,59.4667],[16.4021,59.4601],[16.4107,59.4598],[16.4965,59.4689],[16.5443,59.4741],[16.5889,59.479],[16.5975,59.4799],[16.649,59.4858],[16.6656,59.4923],[16.68,59.4905],[16.7012,59.4879],[16.7214,59.4898],[16.7569,59.502],[16.8339,59.4984],[16.883,59.4812],[16.8845,59.48],[16.9063,59.4796],[16.915,59.4827],[16.9352,59.4851],[16.9506,59.494],[16.9659,59.5203],[16.926,59.5464],[16.9213,59.5476],[16.9174,59.5647],[16.9089,59.5766],[16.9016,59.5842],[16.8948,59.5949],[16.8879,59.6029],[16.8793,59.6193],[16.8737,59.6264],[16.873,59.6317],[16.8637,59.6444],[16.8616,59.6517],[16.8543,59.6633],[16.8548,59.6666],[16.8419,59.6766],[16.8407,59.6809],[16.8241,59.6888],[16.8216,59.6958],[16.8227,59.6976],[16.8157,59.7103],[16.8081,59.7136],[16.7883,59.7166],[16.7835,59.7187],[16.7809,59.7239],[16.7844,59.7316],[16.7818,59.7391],[16.7758,59.7464],[16.7641,59.7552],[16.729,59.7768],[16.7221,59.7823],[16.707,59.7832],[16.6935,59.7886],[16.6776,59.7913],[16.6637,59.7866],[16.6635,59.7818],[16.6816,59.7719],[16.6746,59.7718],[16.6473,59.7634],[16.6551,59.7553],[16.6366,59.7587],[16.6146,59.7595],[16.6003,59.7661],[16.5928,59.7656],[16.5878,59.7714],[16.593,59.7739],[16.5753,59.7893],[16.5878,59.7916],[16.5933,59.7893],[16.6005,59.7921],[16.5926,59.7971],[16.5787,59.7984],[16.5626,59.7977],[16.5479,59.8111],[16.5305,59.8199],[16.5228,59.8174],[16.5066,59.8225],[16.4733,59.8389],[16.4691,59.8389],[16.4554,59.8455],[16.4476,59.8419],[16.4495,59.8393],[16.4299,59.8338],[16.4106,59.8241],[16.3768,59.8137],[16.3559,59.8229],[16.3462,59.8201],[16.3486,59.8129],[16.3572,59.8078],[16.3538,59.7996],[16.3407,59.7929],[16.3056,59.7867],[16.2908,59.7798],[16.2826,59.7744],[16.2876,59.7655],[16.2927,59.7637]]]}},{"type":"Feature","properties":{"code":"1981","name":"Sala"},"geometry":{"type":"Polygon","coordinates":[[[16.799,59.8815],[16.7779,59.89],[16.7731,59.8943],[16.7778,59.9057],[16.7871,59.9055],[16.8021,59.9087],[16.7999,59.9148],[16.7943,59.9459],[16.7873,59.9479],[16.7841,59.9527],[16.7769,59.9553],[16.7691,59.9499],[16.7614,59.9533],[16.7691,59.96],[16.7839,59.9633],[16.7892,59.9658],[16.7743,59.9743],[16.7501,59.977],[16.7382,59.9829],[16.7343,59.9893],[16.7337,60.002],[16.7236,60.0012],[16.7162,60.0109],[16.7225,60.0195],[16.7227,60.0201],[16.7237,60.0236],[16.7239,60.0242],[16.7268,60.0322],[16.7274,60.0434],[16.7117,60.0562],[16.7174,60.0575],[16.7074,60.0717],[16.692,60.0833],[16.7142,60.0894],[16.7052,60.109],[16.7286,60.111],[16.7352,60.1177],[16.7275,60.1209],[16.7473,60.1359],[16.7384,60.1476],[16.739,60.1526],[16.7351,60.1563],[16.7336,60.1656],[16.7165,60.1849],[16.711,60.1873],[16.7048,60.1951],[16.6736,60.1933],[16.6526,60.1889],[16.6472,60.1842],[16.6323,60.1848],[16.6073,60.1815],[16.5816,60.1798],[16.5676,60.1754],[16.5538,60.1727],[16.5436,60.1751],[16.527,60.1646],[16.5332,60.1532],[16.5387,60.1512],[16.5346,60.145],[16.539,60.1374],[16.5029,60.1367],[16.4768,60.1322],[16.4629,60.1309],[16.4575,60.1287],[16.4381,60.1248],[16.4043,60.1022],[16.4079,60.0922],[16.4037,60.0887],[16.3892,60.0912],[16.3872,60.0814],[16.3747,60.0795],[16.3529,60.0814],[16.3528,60.0755],[16.3388,60.0776],[16.332,60.0801],[16.3208,60.0778],[16.3216,60.0736],[16.2921,60.0734],[16.2942,60.0705],[16.289,60.0702],[16.2885,60.0734],[16.2646,60.0735],[16.2465,60.077],[16.2459,60.0787],[16.2282,60.0789],[16.2076,60.0728],[16.2005,60.0759],[16.1841,60.076],[16.1966,60.0293],[16.1878,60.0288],[16.1846,60.0334],[16.177,60.0336],[16.1874,60.0174],[16.1891,60.0045],[16.1975,59.9955],[16.2063,59.9919],[16.1717,59.99],[16.1453,59.9908],[16.1492,59.9821],[16.1419,59.9704],[16.1631,59.9606],[16.1435,59.9498],[16.1306,59.9493],[16.1212,59.942],[16.0925,59.9366],[16.1145,59.9104],[16.1045,59.905],[16.1154,59.8908],[16.1207,59.8874],[16.1223,59.882],[16.1504,59.8738],[16.1642,59.8646],[16.1722,59.8621],[16.2062,59.8515],[16.2153,59.8394],[16.2156,59.8247],[16.2172,59.8165],[16.2333,59.8028],[16.2423,59.8017],[16.2548,59.7939],[16.2684,59.7817],[16.2826,59.7744],[16.2908,59.7798],[16.3056,59.7867],[16.3407,59.7929],[16.3538,59.7996],[16.3572,59.8078],[16.3486,59.8129],[16.3462,59.8201],[16.3559,59.8229],[16.3768,59.8137],[16.4106,59.8241],[16.4299,59.8338],[16.4495,59.8393],[16.4476,59.8419],[16.4554,59.8455],[16.4691,59.8389],[16.4733,59.8389],[16.5066,59.8225],[16.5228,59.8174],[16.5305,59.8199],[16.5479,59.8111],[16.5626,59.7977],[16.5787,59.7984],[16.5926,59.7971],[16.6005,59.7921],[16.5933,59.7893],[16.5878,59.7916],[16.5753,59.7893],[16.593,59.7739],[16.5878,59.7714],[16.5928,59.7656],[16.6003,59.7661],[16.6146,59.7595],[16.6366,59.7587],[16.6551,59.7553],[16.6473,59.7634],[16.6746,59.7718],[16.6816,59.7719],[16.6635,59.7818],[16.6637,59.7866],[16.6776,59.7913],[16.6935,59.7886],[16.707,59.7832],[16.7221,59.7823],[16.729,59.7768],[16.7618,59.7956],[16.7743,59.8052],[16.7886,59.8067],[16.7871,59.8109],[16.7926,59.8152],[16.8038,59.8138],[16.8102,59.8194],[16.7998,59.8248],[16.8098,59.8262],[16.8098,59.833],[16.8136,59.8376],[16.801,59.8441],[16.8129,59.8518],[16.8177,59.8522],[16.8366,59.8599],[16.8145,59.867],[16.8005,59.8696],[16.799,59.8815]]]}},{"type":"Feature","properties":{"code":"1982","name":"Fagersta"},"geometry":{"type":"Polygon","coordinates":[[[15.9125,60.0048],[15.9133,60.0079],[15.8809,60.0146],[15.8819,60.0194],[15.8702,60.0349],[15.8577,60.0473],[15.8191,60.0286],[15.7997,60.0439],[15.7882,60.0403],[15.7834,60.0442],[15.7695,60.0409],[15.7594,60.0419],[15.7479,60.0228],[15.7392,60.0202],[15.7309,60.023],[15.7155,60.0179],[15.6986,60.0154],[15.7144,60.0002],[15.7169,59.9886],[15.7136,59.9857],[15.7169,59.9812],[15.7145,59.9755],[15.7195,59.9737],[15.6926,59.9478],[15.6857,59.9482],[15.6775,59.9454],[15.6818,59.9379],[15.7038,59.9159],[15.7033,59.9103],[15.7223,59.9053],[15.7351,59.911],[15.7449,59.9117],[15.7462,59.9055],[15.7609,59.9086],[15.7661,59.9059],[15.769,59.8999],[15.7596,59.8976],[15.7658,59.8924],[15.7631,59.8851],[15.7718,59.881],[15.8067,59.8903],[15.864,59.8951],[15.9211,59.8548],[15.9291,59.8521],[15.9378,59.8538],[15.9415,59.8501],[15.9597,59.8521],[15.9764,59.8601],[15.9861,59.8624],[16.0036,59.8621],[16.0331,59.8761],[16.0363,59.8827],[16.0542,59.8971],[16.0732,59.8998],[16.0949,59.9097],[16.1145,59.9104],[16.0925,59.9366],[16.0728,59.9598],[16.0757,59.9604],[16.0663,59.9726],[16.0584,59.9869],[16.0507,59.9924],[16.0366,59.9908],[16.0224,59.9847],[16.0141,59.9835],[15.991,59.9856],[15.9806,59.9959],[15.9736,60.0031],[15.9607,60.0049],[15.9494,60.0034],[15.9389,60.0057],[15.9188,60.0023],[15.9125,60.0048]]]}},{"type":"Feature","properties":{"code":"1983","name":"Köping"},"geometry":{"type":"Polygon","coordinates":[[[16.0844,59.4719],[16.1079,59.4592],[16.1294,59.4587],[16.135,59.4575],[16.1665,59.4509],[16.1921,59.4509],[16.2057,59.4547],[16.218,59.4601],[16.227,59.4673],[16.2105,59.4667],[16.1999,59.4691],[16.2029,59.4783],[16.209,59.4826],[16.2131,59.4906],[16.2105,59.4943],[16.2183,59.5],[16.229,59.5123],[16.2358,59.5166],[16.2238,59.527],[16.2096,59.5369],[16.1774,59.5351],[16.1766,59.5422],[16.1708,59.5445],[16.1682,59.5509],[16.152,59.5619],[16.1455,59.5686],[16.1337,59.5775],[16.1191,59.5803],[16.1275,59.5866],[16.1267,59.5904],[16.1184,59.5972],[16.1068,59.6004],[16.1071,59.6025],[16.0823,59.6043],[16.0814,59.61],[16.075,59.6151],[16.0744,59.6279],[16.0806,59.6388],[16.0915,59.6435],[16.096,59.6398],[16.1101,59.6446],[16.1127,59.6548],[16.1101,59.6546],[16.0281,59.6604],[16.0242,59.6641],[16.0108,59.6716],[15.9966,59.713],[15.9734,59.6944],[15.9718,59.6856],[15.9649,59.6664],[15.9645,59.661],[15.9579,59.6603],[15.9502,59.6654],[15.9385,59.6634],[15.9344,59.6681],[15.9058,59.6689],[15.8656,59.6536],[15.8633,59.6423],[15.8447,59.6419],[15.837,59.6339],[15.8207,59.6317],[15.8155,59.6424],[15.8072,59.6478],[15.7745,59.6481],[15.7596,59.6632],[15.7634,59.6663],[15.7543,59.674],[15.7489,59.6829],[15.7268,59.6856],[15.6803,59.6848],[15.6752,59.6799],[15.6625,59.6828],[15.6468,59.683],[15.6072,59.6976],[15.5504,59.6992],[15.5328,59.6866],[15.5245,59.6769],[15.5267,59.666],[15.5125,59.6526],[15.5151,59.6423],[15.5212,59.6335],[15.546,59.6286],[15.5651,59.627],[15.5848,59.6283],[15.604,59.631],[15.6157,59.6305],[15.6188,59.6264],[15.621,59.6171],[15.6233,59.5982],[15.6344,59.596],[15.6366,59.5912],[15.6353,59.5792],[15.6322,59.5711],[15.6263,59.5737],[15.6264,59.5501],[15.6305,59.5289],[15.6287,59.5202],[15.6394,59.5214],[15.6631,59.5251],[15.6723,59.5294],[15.6732,59.5348],[15.683,59.534],[15.7047,59.5389],[15.7134,59.5257],[15.7378,59.5246],[15.7332,59.5453],[15.7508,59.5322],[15.7617,59.5166],[15.7684,59.5109],[15.7805,59.5063],[15.7881,59.501],[15.7833,59.4969],[15.7923,59.49],[15.7935,59.4863],[15.8147,59.4711],[15.8209,59.4684],[15.8322,59.4476],[15.8542,59.4531],[15.8678,59.4579],[15.8946,59.4643],[15.9047,59.4658],[15.9206,59.4731],[15.9273,59.4778],[15.9378,59.4817],[15.9485,59.4775],[15.9557,59.4711],[15.9655,59.4696],[15.9721,59.4744],[15.9806,59.477],[15.9888,59.4767],[16.0062,59.4796],[16.0204,59.4769],[16.0318,59.4782],[16.0431,59.4758],[16.0557,59.4707],[16.0682,59.4694],[16.0707,59.4711],[16.0844,59.4719]]]}},{"type":"Feature","properties":{"code":"1984","name":"Arboga"},"geometry":{"type":"Polygon","coordinates":[[[15.9314,59.4044],[15.9248,59.413],[15.9261,59.4176],[15.9044,59.4216],[15.8986,59.4213],[15.8857,59.4245],[15.8782,59.4302],[15.8808,59.4355],[15.8714,59.4464],[15.8678,59.4579],[15.8542,59.4531],[15.8322,59.4476],[15.8209,59.4684],[15.8147,59.4711],[15.7935,59.4863],[15.7923,59.49],[15.7833,59.4969],[15.7881,59.501],[15.7805,59.5063],[15.7684,59.5109],[15.7617,59.5166],[15.7508,59.5322],[15.7332,59.5453],[15.7378,59.5246],[15.7134,59.5257],[15.7173,59.5194],[15.7197,59.5075],[15.7037,59.503],[15.7015,59.4994],[15.6906,59.4961],[15.6881,59.4889],[15.6903,59.4849],[15.6855,59.4774],[15.7128,59.4758],[15.7157,59.4505],[15.7266,59.4381],[15.7297,59.4317],[15.7314,59.4178],[15.7302,59.4086],[15.7212,59.4104],[15.7137,59.409],[15.6984,59.4093],[15.6853,59.4066],[15.67,59.4061],[15.664,59.4044],[15.6487,59.4033],[15.637,59.4054],[15.6267,59.4038],[15.6243,59.3971],[15.604,59.3966],[15.5998,59.3749],[15.5994,59.3732],[15.6002,59.3673],[15.6126,59.3633],[15.6192,59.3526],[15.6145,59.3477],[15.6353,59.334],[15.6348,59.3221],[15.6206,59.3042],[15.6077,59.2887],[15.6512,59.2774],[15.6917,59.2705],[15.7265,59.2234],[15.7284,59.2236],[15.7964,59.2304],[15.7982,59.2305],[15.7973,59.2297],[15.762,59.1979],[15.7637,59.1946],[15.762,59.1979],[15.8927,59.2305],[15.8647,59.284],[15.8783,59.2837],[15.8766,59.2919],[15.8806,59.3031],[15.8858,59.3],[15.9025,59.2964],[15.9122,59.3055],[15.9112,59.3156],[15.9176,59.3165],[15.9386,59.3225],[15.9383,59.3414],[15.9505,59.3476],[15.9653,59.3519],[15.9792,59.3531],[15.9964,59.3595],[15.9927,59.3647],[15.9972,59.3676],[15.9783,59.3954],[15.9757,59.3953],[15.9629,59.4051],[15.9604,59.4099],[15.9685,59.4115],[15.9529,59.41],[15.9314,59.4044]]]}},{"type":"Feature","properties":{"code":"2021","name":"Vansbro"},"geometry":{"type":"Polygon","coordinates":[[[14.1436,60.2423],[14.3288,60.253],[14.3727,60.2557],[14.4949,60.2339],[14.5187,60.2342],[14.5486,60.2388],[14.5836,60.2557],[14.6274,60.2679],[14.6335,60.2753],[14.6339,60.2895],[14.6095,60.3239],[14.6338,60.378],[14.6267,60.4025],[14.6193,60.4353],[14.6127,60.4705],[14.6028,60.485],[14.55,60.5555],[14.5359,60.5722],[14.3857,60.6514],[14.3634,60.6925],[14.2805,60.6877],[14.227,60.685],[14.1463,60.6788],[14.145,60.6787],[14.0778,60.6737],[14.0111,60.6643],[14.0205,60.6217],[13.992,60.5875],[13.954,60.5843],[13.93,60.5756],[13.8992,60.5622],[13.9036,60.5511],[13.9037,60.5056],[13.9115,60.4904],[13.9045,60.4577],[13.9147,60.4299],[13.9299,60.3924],[13.9417,60.3582],[13.9477,60.2902],[13.9415,60.2666],[13.9385,60.2647],[13.9443,60.2559],[13.9511,60.251],[13.991,60.2515],[13.9912,60.2484],[14.0229,60.2423],[14.0237,60.2288],[14.1492,60.2307],[14.1433,60.2423],[14.1436,60.2423]]]}},{"type":"Feature","properties":{"code":"2023","name":"Malung-Sälen"},"geometry":{"type":"Polygon","coordinates":[[[14.0111,60.6643],[14.0057,60.6879],[13.9601,60.7187],[13.9434,60.7347],[13.9588,60.7435],[13.9782,60.7644],[14.0163,60.8038],[13.9787,60.8432],[13.9491,60.8538],[13.9067,60.8673],[13.8364,60.8649],[13.8096,60.8648],[13.7927,60.8634],[13.7789,60.864],[13.744,60.8633],[13.6846,60.8639],[13.6312,60.8625],[13.6109,60.8611],[13.6129,60.9022],[13.6018,60.9227],[13.5933,60.9223],[13.5881,60.9337],[13.5954,60.934],[13.5594,60.9985],[13.5426,61.0317],[13.5133,61.0925],[13.4399,61.1477],[13.4183,61.1772],[13.3939,61.2105],[13.3872,61.2267],[13.3642,61.2698],[13.3531,61.2872],[13.2523,61.3637],[13.2382,61.3775],[13.2396,61.3859],[13.2269,61.3949],[13.2193,61.4045],[13.215,61.4047],[13.1983,61.4166],[13.1761,61.4395],[13.0984,61.5217],[13.0742,61.5021],[12.9986,61.4473],[12.9361,61.4027],[12.8708,61.3565],[12.8531,61.3081],[12.8338,61.2585],[12.7982,61.2081],[12.7903,61.197],[12.707,61.1433],[12.6948,61.1014],[12.6826,61.0612],[12.6702,61.056],[12.6987,60.9981],[12.8649,60.9122],[12.9614,60.8625],[12.9776,60.8548],[13.0816,60.8058],[13.1596,60.7551],[13.1994,60.6953],[13.2008,60.6889],[13.1947,60.6848],[13.2487,60.6861],[13.2758,60.6444],[13.3014,60.6253],[13.3241,60.6083],[13.3328,60.599],[13.3488,60.5849],[13.4281,60.5172],[13.4407,60.4998],[13.4681,60.4594],[13.5423,60.4225],[13.5503,60.4217],[13.6217,60.4144],[13.6661,60.4044],[13.6708,60.4034],[13.728,60.3557],[13.751,60.33],[13.7927,60.2848],[13.828,60.2548],[13.9199,60.2015],[13.9655,60.1752],[14.0119,60.1911],[14.0057,60.1976],[13.9959,60.211],[13.9745,60.2305],[13.9658,60.2367],[13.9597,60.2439],[13.9511,60.251],[13.9443,60.2559],[13.9385,60.2647],[13.9415,60.2666],[13.9477,60.2902],[13.9417,60.3582],[13.9299,60.3924],[13.9147,60.4299],[13.9045,60.4577],[13.9115,60.4904],[13.9037,60.5056],[13.9036,60.5511],[13.8992,60.5622],[13.93,60.5756],[13.954,60.5843],[13.992,60.5875],[14.0205,60.6217],[14.0111,60.6643]]]}},{"type":"Feature","properties":{"code":"2026","name":"Gagnef"},"geometry":{"type":"MultiPolygon","coordinates":[[[[14.9868,60.3667],[14.9993,60.3641],[15.0118,60.3618],[15.0477,60.3848],[15.0953,60.415],[15.0955,60.4197],[15.0965,60.4335],[15.1076,60.4495],[15.1298,60.4643],[15.1567,60.4771],[15.1762,60.467],[15.1838,60.4699],[15.1659,60.4817],[15.2115,60.5042],[15.2243,60.5117],[15.2475,60.5238],[15.2517,60.5297],[15.2634,60.5457],[15.2571,60.5482],[15.2563,60.5511],[15.2415,60.5516],[15.2422,60.5635],[15.2502,60.581],[15.267,60.6011],[15.2792,60.6052],[15.279,60.6097],[15.2837,60.6178],[15.3032,60.627],[15.239,60.6282],[15.2027,60.6219],[15.1872,60.6191],[15.1765,60.6203],[15.1339,60.6305],[15.1127,60.6368],[15.0702,60.638],[15.0671,60.632],[15.0565,60.6233],[15.0455,60.6239],[15.033,60.6036],[15.0248,60.6067],[15.0123,60.6027],[15.0075,60.5923],[14.9006,60.5431],[14.8924,60.5419],[14.8308,60.5501],[14.7895,60.5565],[14.7401,60.559],[14.7084,60.5611],[14.6283,60.5598],[14.5359,60.5722],[14.55,60.5555],[14.6028,60.485],[14.6127,60.4705],[14.6193,60.4353],[14.6267,60.4025],[14.6338,60.378],[14.6095,60.3239],[14.6339,60.2895],[14.6335,60.2753],[14.6844,60.283],[14.7142,60.293],[14.7448,60.3167],[14.7504,60.3143],[14.7527,60.3021],[14.7657,60.2997],[14.7764,60.3079],[14.7957,60.3055],[14.798,60.3103],[14.7817,60.3279],[14.7736,60.3243],[14.7608,60.3291],[14.7794,60.3436],[14.7828,60.3517],[14.8097,60.3723],[14.8799,60.3746],[14.9283,60.375],[14.9494,60.3721],[14.9527,60.3734],[14.9868,60.3667]]],[[[15.0443,60.6264],[15.0405,60.6266],[15.0442,60.6263],[15.0443,60.6264]]]]}},{"type":"Feature","properties":{"code":"2029","name":"Leksand"},"geometry":{"type":"MultiPolygon","coordinates":[[[[15.0455,60.6239],[15.0565,60.6233],[15.0671,60.632],[15.0702,60.638],[15.1127,60.6368],[15.1339,60.6305],[15.1765,60.6203],[15.1872,60.6191],[15.2027,60.6219],[15.239,60.6282],[15.3032,60.627],[15.3206,60.6353],[15.3331,60.6394],[15.3751,60.6532],[15.4021,60.6619],[15.4162,60.6722],[15.4219,60.6832],[15.4209,60.6886],[15.4087,60.6894],[15.3975,60.6965],[15.3945,60.7051],[15.3965,60.7078],[15.3808,60.7122],[15.3705,60.7132],[15.3596,60.7167],[15.3496,60.7117],[15.3275,60.7078],[15.3182,60.7018],[15.2967,60.7001],[15.286,60.6978],[15.285,60.7063],[15.2771,60.7074],[15.2751,60.7117],[15.2663,60.7114],[15.2643,60.7155],[15.2851,60.7314],[15.2895,60.7365],[15.3229,60.7384],[15.3284,60.7445],[15.338,60.7392],[15.3585,60.7404],[15.3284,60.752],[15.3232,60.7562],[15.3356,60.7577],[15.3389,60.7653],[15.3564,60.7794],[15.3663,60.7802],[15.373,60.7891],[15.3795,60.7908],[15.3797,60.7954],[15.3896,60.7966],[15.4248,60.7941],[15.4265,60.798],[15.4377,60.7978],[15.4466,60.8016],[15.459,60.7945],[15.5332,60.8157],[15.5279,60.8208],[15.5368,60.8229],[15.5219,60.8391],[15.5411,60.8394],[15.5453,60.8191],[15.6253,60.8421],[15.623,60.8443],[15.6371,60.8499],[15.6197,60.8622],[15.595,60.8547],[15.5617,60.8551],[15.5557,60.8753],[15.5585,60.8768],[15.5811,60.8652],[15.5904,60.8617],[15.5912,60.8673],[15.5958,60.8697],[15.5933,60.88],[15.5967,60.8806],[15.5811,60.8897],[15.5715,60.8978],[15.4887,60.8755],[15.504,60.8646],[15.4838,60.8561],[15.476,60.8391],[15.4727,60.8364],[15.4548,60.8176],[15.442,60.8222],[15.4457,60.8303],[15.4644,60.8402],[15.4708,60.8589],[15.4629,60.8643],[15.463,60.869],[15.3392,60.8516],[15.2891,60.8354],[15.2439,60.8208],[15.2333,60.8208],[15.2238,60.8149],[15.2103,60.8131],[15.2039,60.8167],[15.193,60.8124],[15.1678,60.82],[15.1615,60.8199],[15.1378,60.8266],[15.1297,60.827],[15.1088,60.825],[15.0896,60.8303],[15.0846,60.8378],[15.0785,60.8387],[15.0735,60.8444],[15.0602,60.8455],[15.0314,60.845],[15.0101,60.8641],[15.0064,60.8633],[14.9588,60.8528],[14.9441,60.8712],[14.9273,60.8701],[14.9223,60.8744],[14.9055,60.8761],[14.9058,60.8805],[14.9166,60.8827],[14.9083,60.8914],[14.8926,60.8933],[14.8878,60.8956],[14.8876,60.9049],[14.8801,60.9073],[14.867,60.8963],[14.8701,60.8879],[14.8576,60.8799],[14.787,60.8577],[14.7762,60.8542],[14.6936,60.828],[14.6615,60.8203],[14.6079,60.7902],[14.5452,60.7565],[14.5095,60.7437],[14.4666,60.7294],[14.4196,60.6982],[14.413,60.6939],[14.3634,60.6925],[14.3857,60.6514],[14.5359,60.5722],[14.6283,60.5598],[14.7084,60.5611],[14.7401,60.559],[14.7895,60.5565],[14.8308,60.5501],[14.8924,60.5419],[14.9006,60.5431],[15.0075,60.5923],[15.0123,60.6027],[15.0248,60.6067],[15.033,60.6036],[15.0455,60.6239]],[[15.0405,60.6266],[15.0443,60.6264],[15.0442,60.6263],[15.0405,60.6266]],[[15.2564,60.7709],[15.2587,60.7744],[15.2758,60.7753],[15.2761,60.7792],[15.2909,60.7823],[15.3137,60.7736],[15.3109,60.7591],[15.2977,60.7628],[15.2774,60.7644],[15.2738,60.7727],[15.2564,60.7709]],[[15.2731,60.7346],[15.2763,60.7309],[15.2649,60.7296],[15.2611,60.7357],[15.2676,60.7376],[15.2731,60.7346]],[[14.9361,60.8423],[14.9221,60.8427],[14.9087,60.8431],[14.9043,60.8432],[14.9015,60.8605],[14.9043,60.8642],[14.9083,60.864],[14.9203,60.8663],[14.9217,60.8632],[14.9481,60.8478],[14.9361,60.8423]],[[15.5098,60.8385],[15.5152,60.8361],[15.5218,60.8266],[15.5018,60.8203],[15.487,60.8242],[15.4793,60.837],[15.4868,60.8374],[15.4921,60.831],[15.4991,60.8306],[15.5016,60.8382],[15.5098,60.8385]],[[15.3655,60.8309],[15.3793,60.8312],[15.392,60.8289],[15.4028,60.8289],[15.4175,60.8242],[15.4112,60.8146],[15.4204,60.8095],[15.4112,60.8083],[15.3959,60.8109],[15.3899,60.8105],[15.3935,60.8039],[15.3861,60.8029],[15.3819,60.7988],[15.3721,60.8111],[15.3626,60.8116],[15.3589,60.8164],[15.3518,60.8172],[15.356,60.8325],[15.3655,60.8309]],[[15.4674,60.8595],[15.4637,60.8498],[15.4573,60.8431],[15.4509,60.851],[15.4477,60.8579],[15.4674,60.8595]]],[[[15.4728,60.8489],[15.4763,60.8568],[15.4714,60.8587],[15.4679,60.8494],[15.4728,60.8489]]],[[[14.8886,60.9144],[14.9036,60.9113],[14.9298,60.8909],[14.9673,60.8944],[14.9761,60.896],[14.9633,60.904],[14.9498,60.9014],[14.9407,60.9018],[14.9462,60.9173],[14.9376,60.9259],[14.9365,60.9295],[14.9215,60.9405],[14.9113,60.943],[14.909,60.9306],[14.8886,60.9144]]]]}},{"type":"Feature","properties":{"code":"2031","name":"Rättvik"},"geometry":{"type":"MultiPolygon","coordinates":[[[[15.0932,61.4841],[15.063,61.3659],[15.0147,61.1885],[15.0612,61.1761],[15.0814,61.1545],[15.0791,61.1492],[15.0416,61.0592],[14.949,61.0293],[14.9212,61.0274],[14.9004,61.0022],[14.8714,60.9633],[14.8872,60.9545],[14.8956,60.952],[14.8991,60.9479],[14.9113,60.943],[14.9215,60.9405],[14.9365,60.9295],[14.9376,60.9259],[14.9462,60.9173],[14.9407,60.9018],[14.9498,60.9014],[14.9633,60.904],[14.9761,60.896],[14.9673,60.8944],[14.9298,60.8909],[14.9036,60.9113],[14.8886,60.9144],[14.8913,60.9088],[14.8984,60.9097],[14.9026,60.9051],[14.8939,60.9013],[14.8965,60.8971],[14.8878,60.8956],[14.8926,60.8933],[14.9083,60.8914],[14.9166,60.8827],[14.9058,60.8805],[14.9055,60.8761],[14.9223,60.8744],[14.9273,60.8701],[14.9441,60.8712],[14.9588,60.8528],[15.0064,60.8633],[15.0101,60.8641],[15.0314,60.845],[15.0602,60.8455],[15.0735,60.8444],[15.0785,60.8387],[15.0846,60.8378],[15.0896,60.8303],[15.1088,60.825],[15.1297,60.827],[15.1378,60.8266],[15.1615,60.8199],[15.1678,60.82],[15.193,60.8124],[15.2039,60.8167],[15.2103,60.8131],[15.2238,60.8149],[15.2333,60.8208],[15.2439,60.8208],[15.2891,60.8354],[15.3392,60.8516],[15.463,60.869],[15.4887,60.8755],[15.5715,60.8978],[15.5811,60.8897],[15.5967,60.8806],[15.6112,60.8756],[15.6189,60.8748],[15.6276,60.8698],[15.6299,60.8654],[15.6197,60.8622],[15.6371,60.8499],[15.6603,60.8591],[15.6316,60.8809],[15.6293,60.9263],[15.6709,60.976],[15.6772,60.9841],[15.6788,61.0437],[15.691,61.0497],[15.705,61.0542],[15.762,61.0496],[15.6803,61.1133],[15.6749,61.1385],[15.6574,61.2156],[15.5432,61.2807],[15.4401,61.3332],[15.343,61.3977],[15.3008,61.4261],[15.2422,61.4734],[15.2163,61.4947],[15.205,61.5039],[15.1533,61.5958],[15.0954,61.4929],[15.0932,61.4841]]],[[[14.9043,60.8432],[14.9087,60.8431],[14.9043,60.8642],[14.9015,60.8605],[14.9043,60.8432]]],[[[14.9083,60.864],[14.9221,60.8427],[14.9361,60.8423],[14.9481,60.8478],[14.9217,60.8632],[14.9203,60.8663],[14.9083,60.864]]]]}},{"type":"Feature","properties":{"code":"2034","name":"Orsa"},"geometry":{"type":"Polygon","coordinates":[[[15.0932,61.4841],[14.9779,61.4913],[14.9694,61.4939],[14.9529,61.4916],[14.9484,61.4895],[14.9239,61.4938],[14.9135,61.4926],[14.9009,61.4965],[14.8581,61.4936],[14.8484,61.4955],[14.8243,61.4923],[14.8149,61.4924],[14.8071,61.495],[14.7971,61.495],[14.7857,61.4925],[14.7594,61.493],[14.7566,61.4947],[14.7389,61.4931],[14.7312,61.4965],[14.7234,61.4949],[14.716,61.4891],[14.7011,61.491],[14.6908,61.4904],[14.6843,61.4863],[14.6676,61.4917],[14.667,61.4968],[14.6559,61.5011],[14.6594,61.5103],[14.6648,61.5141],[14.6748,61.5271],[14.6678,61.5471],[14.6583,61.5512],[14.6552,61.5628],[14.6666,61.5653],[14.6645,61.5696],[14.6758,61.5753],[14.6748,61.58],[14.6796,61.5836],[14.6751,61.5914],[14.4466,61.5947],[14.3946,61.5639],[14.3717,61.554],[14.3262,61.5345],[14.304,61.5005],[14.3074,61.4711],[14.3209,61.4278],[14.3628,61.3921],[14.3709,61.3693],[14.3976,61.3002],[14.4012,61.2957],[14.4531,61.2507],[14.4832,61.2156],[14.5111,61.182],[14.5393,61.1299],[14.5499,61.1075],[14.5604,61.085],[14.572,61.0603],[14.5919,61.0616],[14.658,61.0524],[14.7165,61.0497],[14.7754,61.0523],[14.8107,61.0538],[14.9454,61.054],[15.0416,61.0592],[15.0791,61.1492],[15.0814,61.1545],[15.0612,61.1761],[15.0147,61.1885],[15.063,61.3659],[15.0932,61.4841]]]}},{"type":"Feature","properties":{"code":"2039","name":"Älvdalen"},"geometry":{"type":"Polygon","coordinates":[[[14.177,61.2195],[14.1734,61.221],[14.1757,61.2382],[14.1762,61.2424],[14.1935,61.2694],[14.1917,61.274],[14.1671,61.3589],[14.1596,61.3817],[14.1353,61.4087],[14.0658,61.4843],[14.0461,61.5575],[13.9768,61.6214],[13.8979,61.6351],[13.8159,61.6424],[13.7535,61.6416],[13.5984,61.6563],[13.5592,61.6435],[13.4898,61.6901],[13.4973,61.702],[13.5115,61.7098],[13.4973,61.7184],[13.4982,61.7255],[13.4958,61.7299],[13.4431,61.7736],[13.4132,61.7965],[13.3832,61.834],[13.3345,61.8657],[13.2613,61.9128],[13.2003,61.9291],[13.2377,61.942],[13.3919,62.0008],[13.2935,62.0116],[13.2908,62.0288],[13.2861,62.0581],[13.2191,62.0408],[13.1587,62.0197],[13.1165,62.0416],[13.0452,62.062],[13.0386,62.0714],[13.0035,62.0658],[12.9814,62.0932],[12.9514,62.1334],[12.9026,62.1419],[12.8438,62.1899],[12.8065,62.2202],[12.7287,62.2178],[12.6078,62.2148],[12.5354,62.2266],[12.3505,62.2566],[12.339,62.2591],[12.2994,62.2675],[12.2777,62.1963],[12.2612,62.1361],[12.2447,62.0867],[12.2045,61.9467],[12.1848,61.8783],[12.1612,61.7993],[12.1377,61.7238],[12.1897,61.6923],[12.2756,61.6402],[12.3412,61.6147],[12.4196,61.563],[12.4466,61.5671],[12.5693,61.5687],[12.6547,61.509],[12.7229,61.4614],[12.8051,61.4045],[12.8708,61.3565],[12.9361,61.4027],[12.9986,61.4473],[13.0742,61.5021],[13.0984,61.5217],[13.1761,61.4395],[13.1983,61.4166],[13.215,61.4047],[13.2193,61.4045],[13.2269,61.3949],[13.2396,61.3859],[13.2382,61.3775],[13.2523,61.3637],[13.3531,61.2872],[13.3642,61.2698],[13.3872,61.2267],[13.3939,61.2105],[13.4183,61.1772],[13.4399,61.1477],[13.5133,61.0925],[13.5426,61.0317],[13.6761,61.05],[13.7608,61.0614],[13.8704,61.0576],[13.9461,61.0511],[13.9908,61.0782],[14.0766,61.1296],[14.1496,61.1445],[14.1631,61.1383],[14.1703,61.1328],[14.1851,61.1279],[14.1859,61.1234],[14.1785,61.1191],[14.1929,61.1174],[14.2048,61.1138],[14.2293,61.1128],[14.2405,61.114],[14.2541,61.1116],[14.2573,61.1024],[14.355,61.1043],[14.2447,61.186],[14.2246,61.2005],[14.177,61.2195]]]}},{"type":"Feature","properties":{"code":"2061","name":"Smedjebacken"},"geometry":{"type":"Polygon","coordinates":[[[15.2415,60.1762],[15.2381,60.1629],[15.2253,60.1615],[15.2214,60.1541],[15.2303,60.1469],[15.2217,60.143],[15.2397,60.1318],[15.2246,60.1228],[15.2214,60.1127],[15.2225,60.1049],[15.2259,60.1019],[15.2167,60.0974],[15.2086,60.1009],[15.2037,60.0979],[15.1951,60.0872],[15.1815,60.0793],[15.1769,60.0765],[15.1768,60.0711],[15.1661,60.0694],[15.1533,60.0577],[15.1365,60.044],[15.1255,60.0084],[15.2054,60.0018],[15.2284,59.9761],[15.2694,59.9495],[15.3314,59.9086],[15.3553,59.894],[15.3548,59.8899],[15.3617,59.8845],[15.3605,59.8805],[15.3714,59.8739],[15.3792,59.8775],[15.4222,59.8541],[15.4604,59.8947],[15.467,59.8935],[15.4866,59.898],[15.4796,59.9116],[15.4794,59.9142],[15.4965,59.9269],[15.501,59.928],[15.493,59.936],[15.5312,59.9572],[15.602,59.9481],[15.6157,59.9379],[15.6259,59.9359],[15.6587,59.9394],[15.6818,59.9379],[15.6775,59.9454],[15.6857,59.9482],[15.6926,59.9478],[15.7195,59.9737],[15.7145,59.9755],[15.7169,59.9812],[15.7136,59.9857],[15.7169,59.9886],[15.7144,60.0002],[15.6986,60.0154],[15.7155,60.0179],[15.7309,60.023],[15.7309,60.0297],[15.7247,60.0309],[15.7081,60.0295],[15.6949,60.0355],[15.6823,60.052],[15.7066,60.0451],[15.7076,60.0575],[15.7225,60.0642],[15.7229,60.0694],[15.724,60.0738],[15.7381,60.0801],[15.7327,60.0822],[15.7123,60.0819],[15.7209,60.0934],[15.7267,60.0934],[15.7352,60.0988],[15.7468,60.1005],[15.7477,60.1113],[15.7599,60.1157],[15.765,60.1306],[15.752,60.1297],[15.7389,60.1304],[15.7264,60.1283],[15.7254,60.1449],[15.767,60.1481],[15.776,60.1529],[15.7929,60.1645],[15.8014,60.1775],[15.7286,60.1991],[15.6573,60.2188],[15.6219,60.2274],[15.6002,60.2317],[15.5645,60.2407],[15.5282,60.248],[15.5262,60.245],[15.5146,60.2469],[15.495,60.2539],[15.493,60.2564],[15.4968,60.2636],[15.4933,60.2657],[15.4846,60.2708],[15.4447,60.2666],[15.4286,60.2691],[15.3837,60.276],[15.3768,60.2761],[15.3573,60.2775],[15.3476,60.2762],[15.3391,60.2781],[15.3297,60.2766],[15.3043,60.2767],[15.2931,60.2774],[15.2873,60.2825],[15.2581,60.2868],[15.2363,60.2797],[15.2307,60.2723],[15.2327,60.2631],[15.227,60.2583],[15.2342,60.2532],[15.2438,60.2197],[15.2452,60.2055],[15.2452,60.1894],[15.2415,60.1762]]]}},{"type":"Feature","properties":{"code":"2062","name":"Mora"},"geometry":{"type":"MultiPolygon","coordinates":[[[[14.3634,60.6925],[14.413,60.6939],[14.4196,60.6982],[14.4666,60.7294],[14.5095,60.7437],[14.5452,60.7565],[14.6079,60.7902],[14.6615,60.8203],[14.6936,60.828],[14.7762,60.8542],[14.787,60.8577],[14.8576,60.8799],[14.8701,60.8879],[14.867,60.8963],[14.8801,60.9073],[14.8876,60.9049],[14.8878,60.8956],[14.8965,60.8971],[14.8939,60.9013],[14.9026,60.9051],[14.8984,60.9097],[14.8913,60.9088],[14.8886,60.9144],[14.909,60.9306],[14.9113,60.943],[14.8991,60.9479],[14.8956,60.952],[14.8872,60.9545],[14.8714,60.9633],[14.9004,61.0022],[14.9212,61.0274],[14.949,61.0293],[15.0416,61.0592],[14.9454,61.054],[14.8107,61.0538],[14.7754,61.0523],[14.7165,61.0497],[14.658,61.0524],[14.5919,61.0616],[14.572,61.0603],[14.5604,61.085],[14.5499,61.1075],[14.5393,61.1299],[14.5111,61.182],[14.4832,61.2156],[14.4531,61.2507],[14.4012,61.2957],[14.3976,61.3002],[14.3709,61.3693],[14.3628,61.3921],[14.3209,61.4278],[14.3074,61.4711],[14.304,61.5005],[14.3262,61.5345],[14.3717,61.554],[14.3946,61.5639],[14.3361,61.5994],[14.2851,61.6082],[14.1822,61.6176],[14.0525,61.6193],[13.9768,61.6214],[14.0461,61.5575],[14.0658,61.4843],[14.1353,61.4087],[14.1596,61.3817],[14.1671,61.3589],[14.1917,61.274],[14.1935,61.2694],[14.1762,61.2424],[14.1757,61.2382],[14.1734,61.221],[14.177,61.2195],[14.2246,61.2005],[14.2447,61.186],[14.355,61.1043],[14.2573,61.1024],[14.2541,61.1116],[14.2405,61.114],[14.2293,61.1128],[14.2048,61.1138],[14.1929,61.1174],[14.1785,61.1191],[14.1859,61.1234],[14.1851,61.1279],[14.1703,61.1328],[14.1631,61.1383],[14.1496,61.1445],[14.0766,61.1296],[13.9908,61.0782],[13.9461,61.0511],[13.8704,61.0576],[13.7608,61.0614],[13.6761,61.05],[13.5426,61.0317],[13.5594,60.9985],[13.5954,60.934],[13.5881,60.9337],[13.5933,60.9223],[13.6018,60.9227],[13.6129,60.9022],[13.6109,60.8611],[13.6312,60.8625],[13.6846,60.8639],[13.744,60.8633],[13.7789,60.864],[13.7927,60.8634],[13.8096,60.8648],[13.8364,60.8649],[13.9067,60.8673],[13.9491,60.8538],[13.9787,60.8432],[14.0163,60.8038],[13.9782,60.7644],[13.9588,60.7435],[13.9434,60.7347],[13.9601,60.7187],[14.0057,60.6879],[14.0111,60.6643],[14.0778,60.6737],[14.145,60.6787],[14.1463,60.6788],[14.227,60.685],[14.2805,60.6877],[14.3634,60.6925]]],[[[14.9043,60.8642],[14.9087,60.8431],[14.9221,60.8427],[14.9083,60.864],[14.9043,60.8642]]]]}},{"type":"Feature","properties":{"code":"2080","name":"Falun"},"geometry":{"type":"MultiPolygon","coordinates":[[[[15.4162,60.6722],[15.4021,60.6619],[15.3751,60.6532],[15.3331,60.6394],[15.3383,60.6343],[15.3389,60.6285],[15.3444,60.6231],[15.3473,60.6166],[15.36,60.6121],[15.3696,60.6061],[15.381,60.6025],[15.4007,60.5936],[15.405,60.5902],[15.3852,60.5821],[15.3803,60.5828],[15.3679,60.589],[15.3638,60.5928],[15.3376,60.6018],[15.3331,60.5995],[15.347,60.5917],[15.3526,60.5907],[15.3474,60.5808],[15.3572,60.5738],[15.3719,60.5758],[15.3831,60.5708],[15.4087,60.5526],[15.4193,60.5519],[15.4282,60.5513],[15.4393,60.5627],[15.4495,60.5518],[15.4483,60.5502],[15.4559,60.5396],[15.4666,60.5382],[15.4787,60.534],[15.4892,60.5352],[15.4996,60.5338],[15.5131,60.5255],[15.5075,60.5245],[15.517,60.5215],[15.5295,60.5227],[15.5415,60.5257],[15.556,60.5392],[15.5786,60.5415],[15.583,60.5434],[15.5977,60.5382],[15.5876,60.5324],[15.6097,60.5269],[15.6141,60.5305],[15.6268,60.527],[15.635,60.5268],[15.6361,60.5329],[15.6525,60.5391],[15.6675,60.5355],[15.6496,60.5151],[15.6558,60.4881],[15.6618,60.4732],[15.6945,60.4604],[15.7042,60.4538],[15.7045,60.4532],[15.7292,60.4558],[15.7329,60.4524],[15.7676,60.4575],[15.7671,60.4612],[15.7855,60.4639],[15.8112,60.4694],[15.8158,60.4755],[15.8371,60.4867],[15.8654,60.4996],[15.8795,60.5151],[15.9203,60.5329],[15.948,60.558],[15.9712,60.5798],[15.9673,60.584],[15.9716,60.5865],[15.9795,60.5848],[16.0028,60.5892],[16.0587,60.5982],[16.1365,60.6103],[16.1976,60.614],[16.2384,60.6231],[16.2621,60.6444],[16.2721,60.6525],[16.3178,60.6895],[16.3185,60.6937],[16.3137,60.7025],[16.3077,60.7062],[16.3345,60.7289],[16.3434,60.725],[16.377,60.7436],[16.3858,60.7598],[16.3841,60.7794],[16.3862,60.7868],[16.3863,60.7868],[16.2746,60.8524],[16.2552,60.8638],[16.1856,60.9357],[16.131,60.9921],[15.9463,61.0057],[15.9214,61.0077],[15.762,61.0496],[15.705,61.0542],[15.691,61.0497],[15.6788,61.0437],[15.6772,60.9841],[15.6709,60.976],[15.6293,60.9263],[15.6316,60.8809],[15.6603,60.8591],[15.6371,60.8499],[15.623,60.8443],[15.6253,60.8421],[15.5453,60.8191],[15.5411,60.8394],[15.5219,60.8391],[15.5368,60.8229],[15.5279,60.8208],[15.5332,60.8157],[15.459,60.7945],[15.4466,60.8016],[15.4377,60.7978],[15.4265,60.798],[15.4248,60.7941],[15.3896,60.7966],[15.3797,60.7954],[15.3795,60.7908],[15.373,60.7891],[15.3663,60.7802],[15.3564,60.7794],[15.3389,60.7653],[15.3356,60.7577],[15.3232,60.7562],[15.3284,60.752],[15.3585,60.7404],[15.338,60.7392],[15.3284,60.7445],[15.3229,60.7384],[15.2895,60.7365],[15.2851,60.7314],[15.2643,60.7155],[15.2663,60.7114],[15.2751,60.7117],[15.2771,60.7074],[15.285,60.7063],[15.286,60.6978],[15.2967,60.7001],[15.3182,60.7018],[15.3275,60.7078],[15.3496,60.7117],[15.3596,60.7167],[15.3705,60.7132],[15.3808,60.7122],[15.3965,60.7078],[15.3945,60.7051],[15.3975,60.6965],[15.4087,60.6894],[15.4209,60.6886],[15.4219,60.6832],[15.4162,60.6722]]],[[[15.2731,60.7346],[15.2676,60.7376],[15.2611,60.7357],[15.2649,60.7296],[15.2763,60.7309],[15.2731,60.7346]]],[[[15.5098,60.8385],[15.5016,60.8382],[15.4991,60.8306],[15.4921,60.831],[15.4868,60.8374],[15.4793,60.837],[15.487,60.8242],[15.5018,60.8203],[15.5218,60.8266],[15.5152,60.8361],[15.5098,60.8385]]],[[[15.4644,60.8402],[15.4457,60.8303],[15.442,60.8222],[15.4548,60.8176],[15.4727,60.8364],[15.476,60.8391],[15.4838,60.8561],[15.504,60.8646],[15.4887,60.8755],[15.463,60.869],[15.4629,60.8643],[15.4708,60.8589],[15.4644,60.8402]],[[15.4728,60.8489],[15.4679,60.8494],[15.4714,60.8587],[15.4763,60.8568],[15.4728,60.8489]]],[[[15.6197,60.8622],[15.6299,60.8654],[15.6276,60.8698],[15.6189,60.8748],[15.6112,60.8756],[15.5967,60.8806],[15.5933,60.88],[15.5958,60.8697],[15.5912,60.8673],[15.5904,60.8617],[15.5811,60.8652],[15.5585,60.8768],[15.5557,60.8753],[15.5617,60.8551],[15.595,60.8547],[15.6197,60.8622]]],[[[15.3109,60.7591],[15.3137,60.7736],[15.2909,60.7823],[15.2761,60.7792],[15.2758,60.7753],[15.2587,60.7744],[15.2564,60.7709],[15.2738,60.7727],[15.2774,60.7644],[15.2977,60.7628],[15.3109,60.7591]]],[[[15.3655,60.8309],[15.356,60.8325],[15.3518,60.8172],[15.3589,60.8164],[15.3626,60.8116],[15.3721,60.8111],[15.3819,60.7988],[15.3861,60.8029],[15.3935,60.8039],[15.3899,60.8105],[15.3959,60.8109],[15.4112,60.8083],[15.4204,60.8095],[15.4112,60.8146],[15.4175,60.8242],[15.4028,60.8289],[15.392,60.8289],[15.3793,60.8312],[15.3655,60.8309]]],[[[15.4674,60.8595],[15.4477,60.8579],[15.4509,60.851],[15.4573,60.8431],[15.4637,60.8498],[15.4674,60.8595]]]]}},{"type":"Feature","properties":{"code":"2081","name":"Borlänge"},"geometry":{"type":"MultiPolygon","coordinates":[[[[15.7042,60.4538],[15.6945,60.4604],[15.6618,60.4732],[15.6558,60.4881],[15.6496,60.5151],[15.6675,60.5355],[15.6525,60.5391],[15.6361,60.5329],[15.635,60.5268],[15.6268,60.527],[15.6141,60.5305],[15.6097,60.5269],[15.5876,60.5324],[15.5977,60.5382],[15.583,60.5434],[15.5786,60.5415],[15.556,60.5392],[15.5415,60.5257],[15.5295,60.5227],[15.517,60.5215],[15.5075,60.5245],[15.5131,60.5255],[15.4996,60.5338],[15.4892,60.5352],[15.4787,60.534],[15.4666,60.5382],[15.4559,60.5396],[15.4483,60.5502],[15.4495,60.5518],[15.4393,60.5627],[15.4282,60.5513],[15.4193,60.5519],[15.4087,60.5526],[15.3831,60.5708],[15.3719,60.5758],[15.3572,60.5738],[15.3474,60.5808],[15.3526,60.5907],[15.347,60.5917],[15.3331,60.5995],[15.3376,60.6018],[15.3638,60.5928],[15.3679,60.589],[15.3803,60.5828],[15.3852,60.5821],[15.405,60.5902],[15.4007,60.5936],[15.381,60.6025],[15.3696,60.6061],[15.36,60.6121],[15.3473,60.6166],[15.3444,60.6231],[15.3389,60.6285],[15.3383,60.6343],[15.3331,60.6394],[15.3206,60.6353],[15.3032,60.627],[15.2837,60.6178],[15.279,60.6097],[15.2792,60.6052],[15.267,60.6011],[15.2502,60.581],[15.2422,60.5635],[15.2415,60.5516],[15.2563,60.5511],[15.2571,60.5482],[15.2634,60.5457],[15.2517,60.5297],[15.2475,60.5238],[15.2243,60.5117],[15.2115,60.5042],[15.1659,60.4817],[15.1838,60.4699],[15.1762,60.467],[15.1567,60.4771],[15.1298,60.4643],[15.1076,60.4495],[15.0965,60.4335],[15.0955,60.4197],[15.1216,60.3655],[15.1386,60.353],[15.1444,60.341],[15.1522,60.3335],[15.1466,60.3243],[15.1736,60.3308],[15.179,60.3293],[15.1856,60.3342],[15.193,60.3361],[15.2005,60.3324],[15.2005,60.3291],[15.2119,60.329],[15.2017,60.3199],[15.2004,60.3148],[15.2067,60.3111],[15.2088,60.3045],[15.2204,60.3006],[15.2313,60.3017],[15.2482,60.3009],[15.3124,60.3016],[15.3435,60.3104],[15.3347,60.3309],[15.3523,60.3372],[15.3931,60.3359],[15.3908,60.3485],[15.3997,60.3509],[15.4075,60.3471],[15.4304,60.3424],[15.4188,60.356],[15.4205,60.3579],[15.4673,60.3613],[15.4775,60.367],[15.4954,60.3723],[15.5187,60.3818],[15.5284,60.3856],[15.5337,60.3806],[15.5519,60.3775],[15.5606,60.385],[15.5609,60.3973],[15.5541,60.398],[15.5535,60.4028],[15.5483,60.4089],[15.5538,60.4194],[15.5572,60.4187],[15.5608,60.4218],[15.5549,60.4294],[15.5588,60.4333],[15.556,60.4386],[15.5603,60.4365],[15.579,60.4402],[15.5852,60.4389],[15.6077,60.4485],[15.6163,60.4535],[15.6343,60.4394],[15.6631,60.4446],[15.7042,60.4538]]],[[[15.3768,60.2761],[15.3837,60.276],[15.4286,60.2691],[15.4271,60.2923],[15.4127,60.2905],[15.4026,60.291],[15.4017,60.2862],[15.3768,60.2761]]],[[[15.488,60.3353],[15.479,60.3312],[15.4768,60.3271],[15.4805,60.3215],[15.4862,60.3182],[15.5068,60.3254],[15.488,60.3353]]],[[[15.4552,60.3428],[15.443,60.3371],[15.4524,60.3351],[15.4683,60.3403],[15.4754,60.3353],[15.481,60.3375],[15.4674,60.3468],[15.4611,60.347],[15.4552,60.3428]]]]}},{"type":"Feature","properties":{"code":"2082","name":"Säter"},"geometry":{"type":"Polygon","coordinates":[[[15.5572,60.4187],[15.5538,60.4194],[15.5483,60.4089],[15.5535,60.4028],[15.5541,60.398],[15.5609,60.3973],[15.5606,60.385],[15.5519,60.3775],[15.5337,60.3806],[15.5284,60.3856],[15.5187,60.3818],[15.4954,60.3723],[15.4775,60.367],[15.4673,60.3613],[15.4205,60.3579],[15.4188,60.356],[15.4304,60.3424],[15.4075,60.3471],[15.3997,60.3509],[15.3908,60.3485],[15.3931,60.3359],[15.3523,60.3372],[15.3347,60.3309],[15.3435,60.3104],[15.3124,60.3016],[15.2482,60.3009],[15.2313,60.3017],[15.2204,60.3006],[15.2088,60.3045],[15.2103,60.3],[15.2202,60.2916],[15.2328,60.2914],[15.2393,60.287],[15.2363,60.2797],[15.2581,60.2868],[15.2873,60.2825],[15.2931,60.2774],[15.3043,60.2767],[15.3297,60.2766],[15.3391,60.2781],[15.3476,60.2762],[15.3573,60.2775],[15.3768,60.2761],[15.4017,60.2862],[15.4026,60.291],[15.4127,60.2905],[15.4271,60.2923],[15.4286,60.2691],[15.4447,60.2666],[15.4846,60.2708],[15.4933,60.2657],[15.4968,60.2636],[15.493,60.2564],[15.495,60.2539],[15.5146,60.2469],[15.5262,60.245],[15.5282,60.248],[15.5645,60.2407],[15.6002,60.2317],[15.6219,60.2274],[15.6573,60.2188],[15.6873,60.2344],[15.7286,60.2387],[15.7389,60.2407],[15.7469,60.2553],[15.7587,60.2693],[15.779,60.277],[15.7733,60.2865],[15.7785,60.2946],[15.788,60.301],[15.7937,60.3147],[15.8001,60.3204],[15.8307,60.322],[15.8432,60.3294],[15.8441,60.3355],[15.8365,60.3445],[15.8229,60.3526],[15.8459,60.3546],[15.881,60.3564],[15.889,60.3604],[15.9062,60.3661],[15.9187,60.3676],[15.9195,60.371],[15.9262,60.3727],[15.9243,60.3741],[15.9493,60.3908],[15.9509,60.3996],[15.9371,60.4139],[15.9293,60.4138],[15.9208,60.4177],[15.9195,60.4246],[15.9215,60.4296],[15.9159,60.4331],[15.9236,60.4352],[15.9311,60.4563],[15.9489,60.479],[15.9559,60.4917],[15.9616,60.4953],[16.0042,60.5219],[16.0319,60.5401],[16.0618,60.5612],[16.1055,60.5893],[16.1365,60.6103],[16.0587,60.5982],[16.0028,60.5892],[15.9795,60.5848],[15.9716,60.5865],[15.9673,60.584],[15.9712,60.5798],[15.948,60.558],[15.9203,60.5329],[15.8795,60.5151],[15.8654,60.4996],[15.8371,60.4867],[15.8158,60.4755],[15.8112,60.4694],[15.7855,60.4639],[15.7671,60.4612],[15.7676,60.4575],[15.7329,60.4524],[15.7292,60.4558],[15.7045,60.4532],[15.7042,60.4538],[15.6631,60.4446],[15.6343,60.4394],[15.6163,60.4535],[15.6077,60.4485],[15.5852,60.4389],[15.579,60.4402],[15.5603,60.4365],[15.556,60.4386],[15.5588,60.4333],[15.5549,60.4294],[15.5608,60.4218],[15.5572,60.4187]],[[15.4552,60.3428],[15.4611,60.347],[15.4674,60.3468],[15.481,60.3375],[15.4754,60.3353],[15.4683,60.3403],[15.4524,60.3351],[15.443,60.3371],[15.4552,60.3428]],[[15.488,60.3353],[15.5068,60.3254],[15.4862,60.3182],[15.4805,60.3215],[15.4768,60.3271],[15.479,60.3312],[15.488,60.3353]]]}},{"type":"Feature","properties":{"code":"2083","name":"Hedemora"},"geometry":{"type":"Polygon","coordinates":[[[16.0169,60.1814],[16.0291,60.1864],[16.0334,60.1915],[16.0448,60.1894],[16.0516,60.1938],[16.0589,60.1936],[16.0521,60.1993],[16.0653,60.2048],[16.0854,60.2273],[16.0884,60.2373],[16.0982,60.2458],[16.1089,60.252],[16.124,60.247],[16.142,60.2463],[16.1525,60.2464],[16.1663,60.2348],[16.1912,60.2302],[16.2047,60.2291],[16.2117,60.2425],[16.2295,60.2512],[16.2347,60.2577],[16.2401,60.2537],[16.2405,60.2481],[16.2499,60.249],[16.2583,60.2684],[16.2815,60.2723],[16.3068,60.2777],[16.3165,60.2782],[16.3342,60.2812],[16.3258,60.2941],[16.3047,60.3056],[16.2989,60.3135],[16.3136,60.329],[16.313,60.3403],[16.3158,60.3463],[16.3926,60.3793],[16.3533,60.4101],[16.3372,60.4215],[16.3347,60.4281],[16.2838,60.4717],[16.2786,60.4836],[16.2706,60.4859],[16.2645,60.4951],[16.2589,60.4932],[16.2461,60.504],[16.2365,60.5099],[16.2002,60.5322],[16.1948,60.5353],[16.1796,60.5554],[16.1715,60.561],[16.166,60.577],[16.1365,60.6103],[16.1055,60.5893],[16.0618,60.5612],[16.0319,60.5401],[16.0042,60.5219],[15.9616,60.4953],[15.9559,60.4917],[15.9489,60.479],[15.9311,60.4563],[15.9236,60.4352],[15.9159,60.4331],[15.9215,60.4296],[15.9195,60.4246],[15.9208,60.4177],[15.9293,60.4138],[15.9371,60.4139],[15.9509,60.3996],[15.9493,60.3908],[15.9243,60.3741],[15.9262,60.3727],[15.9195,60.371],[15.9187,60.3676],[15.9062,60.3661],[15.889,60.3604],[15.881,60.3564],[15.8459,60.3546],[15.8229,60.3526],[15.8365,60.3445],[15.8441,60.3355],[15.8432,60.3294],[15.8307,60.322],[15.8001,60.3204],[15.7937,60.3147],[15.788,60.301],[15.7785,60.2946],[15.7733,60.2865],[15.779,60.277],[15.7587,60.2693],[15.7469,60.2553],[15.7389,60.2407],[15.7286,60.2387],[15.6873,60.2344],[15.6573,60.2188],[15.7286,60.1991],[15.8014,60.1775],[15.812,60.1759],[15.8364,60.1721],[15.882,60.1663],[15.9072,60.169],[15.9266,60.1723],[15.9463,60.185],[15.9659,60.1828],[15.9686,60.1867],[15.9847,60.185],[15.9982,60.1855],[16.0169,60.1814]]]}},{"type":"Feature","properties":{"code":"2084","name":"Avesta"},"geometry":{"type":"Polygon","coordinates":[[[16.1429,60.1324],[16.1639,60.1203],[16.1634,60.1197],[16.1612,60.1126],[16.1418,60.0925],[16.1815,60.0845],[16.1841,60.076],[16.2005,60.0759],[16.2076,60.0728],[16.2282,60.0789],[16.2459,60.0787],[16.2465,60.077],[16.2646,60.0735],[16.2885,60.0734],[16.289,60.0702],[16.2942,60.0705],[16.2921,60.0734],[16.3216,60.0736],[16.3208,60.0778],[16.332,60.0801],[16.3388,60.0776],[16.3528,60.0755],[16.3529,60.0814],[16.3747,60.0795],[16.3872,60.0814],[16.3892,60.0912],[16.4037,60.0887],[16.4079,60.0922],[16.4043,60.1022],[16.4381,60.1248],[16.4575,60.1287],[16.4629,60.1309],[16.4768,60.1322],[16.5029,60.1367],[16.539,60.1374],[16.5346,60.145],[16.5387,60.1512],[16.5332,60.1532],[16.527,60.1646],[16.5436,60.1751],[16.5538,60.1727],[16.5676,60.1754],[16.5816,60.1798],[16.6073,60.1815],[16.6323,60.1848],[16.6472,60.1842],[16.6526,60.1889],[16.6736,60.1933],[16.7048,60.1951],[16.6986,60.205],[16.699,60.2093],[16.6914,60.2149],[16.6852,60.2167],[16.6632,60.2272],[16.6464,60.2321],[16.6293,60.2386],[16.6152,60.2789],[16.6103,60.2831],[16.5884,60.2943],[16.5793,60.2976],[16.5734,60.3064],[16.5605,60.3177],[16.5517,60.3307],[16.5428,60.34],[16.5166,60.3555],[16.4754,60.3665],[16.4479,60.3716],[16.4232,60.3792],[16.4065,60.3773],[16.3926,60.3793],[16.3158,60.3463],[16.313,60.3403],[16.3136,60.329],[16.2989,60.3135],[16.3047,60.3056],[16.3258,60.2941],[16.3342,60.2812],[16.3165,60.2782],[16.3068,60.2777],[16.2815,60.2723],[16.2583,60.2684],[16.2499,60.249],[16.2405,60.2481],[16.2401,60.2537],[16.2347,60.2577],[16.2295,60.2512],[16.2117,60.2425],[16.2047,60.2291],[16.1912,60.2302],[16.1663,60.2348],[16.1525,60.2464],[16.142,60.2463],[16.124,60.247],[16.1089,60.252],[16.0982,60.2458],[16.0884,60.2373],[16.0854,60.2273],[16.0653,60.2048],[16.0521,60.1993],[16.0589,60.1936],[16.0516,60.1938],[16.0448,60.1894],[16.0334,60.1915],[16.0291,60.1864],[16.0169,60.1814],[16.0239,60.1822],[16.0291,60.1743],[16.0382,60.1642],[16.0432,60.1612],[16.0463,60.154],[16.057,60.1471],[16.0968,60.143],[16.1161,60.1415],[16.1324,60.1386],[16.1429,60.1324]]]}},{"type":"Feature","properties":{"code":"2085","name":"Ludvika"},"geometry":{"type":"Polygon","coordinates":[[[15.2307,60.2723],[15.2363,60.2797],[15.2393,60.287],[15.2328,60.2914],[15.2202,60.2916],[15.2103,60.3],[15.2088,60.3045],[15.2067,60.3111],[15.2004,60.3148],[15.2017,60.3199],[15.2119,60.329],[15.2005,60.3291],[15.2005,60.3324],[15.193,60.3361],[15.1856,60.3342],[15.179,60.3293],[15.1736,60.3308],[15.1466,60.3243],[15.1522,60.3335],[15.1444,60.341],[15.1386,60.353],[15.1216,60.3655],[15.0955,60.4197],[15.0953,60.415],[15.0477,60.3848],[15.0118,60.3618],[14.9993,60.3641],[14.9868,60.3667],[14.9527,60.3734],[14.9494,60.3721],[14.9283,60.375],[14.8799,60.3746],[14.8097,60.3723],[14.7828,60.3517],[14.7794,60.3436],[14.7608,60.3291],[14.7736,60.3243],[14.7817,60.3279],[14.798,60.3103],[14.7957,60.3055],[14.7764,60.3079],[14.7657,60.2997],[14.7527,60.3021],[14.7504,60.3143],[14.7448,60.3167],[14.7142,60.293],[14.6844,60.283],[14.6335,60.2753],[14.6274,60.2679],[14.5836,60.2557],[14.5486,60.2388],[14.5187,60.2342],[14.4949,60.2339],[14.3727,60.2557],[14.3288,60.253],[14.1436,60.2423],[14.1433,60.2423],[14.1492,60.2307],[14.1574,60.2166],[14.1588,60.2059],[14.167,60.1971],[14.1818,60.1859],[14.1893,60.1773],[14.1871,60.1749],[14.1908,60.1658],[14.1967,60.1636],[14.1978,60.1409],[14.2025,60.1371],[14.2031,60.1309],[14.2092,60.1259],[14.2053,60.1191],[14.2113,60.1103],[14.2104,60.0992],[14.2127,60.0957],[14.3139,60.0622],[14.437,60.0257],[14.7236,59.9999],[14.7536,59.9972],[14.7516,60.0089],[14.7373,60.0817],[14.77,60.095],[14.8077,60.1109],[14.8501,60.1045],[14.8514,60.1028],[14.8425,60.1021],[14.8425,60.0979],[14.8378,60.0938],[14.8382,60.0884],[14.8457,60.0828],[14.8594,60.0818],[14.8873,60.0638],[14.8913,60.0572],[14.9048,60.0513],[14.9174,60.0527],[14.9388,60.0487],[14.9813,60.0537],[15.0134,60.0574],[15.034,60.0392],[15.0462,60.0429],[15.0476,60.0495],[15.0777,60.0411],[15.1255,60.0084],[15.1365,60.044],[15.1533,60.0577],[15.1661,60.0694],[15.1768,60.0711],[15.1769,60.0765],[15.1815,60.0793],[15.1951,60.0872],[15.2037,60.0979],[15.2086,60.1009],[15.2167,60.0974],[15.2259,60.1019],[15.2225,60.1049],[15.2214,60.1127],[15.2246,60.1228],[15.2397,60.1318],[15.2217,60.143],[15.2303,60.1469],[15.2214,60.1541],[15.2253,60.1615],[15.2381,60.1629],[15.2415,60.1762],[15.2452,60.1894],[15.2452,60.2055],[15.2438,60.2197],[15.2342,60.2532],[15.227,60.2583],[15.2327,60.2631],[15.2307,60.2723]]]}},{"type":"Feature","properties":{"code":"2101","name":"Ockelbo"},"geometry":{"type":"Polygon","coordinates":[[[16.2746,60.8524],[16.3863,60.7868],[16.525,60.7915],[16.5839,60.7879],[16.6324,60.7855],[16.6853,60.772],[16.7103,60.7683],[16.7131,60.7652],[16.7238,60.7643],[16.732,60.7613],[16.7448,60.7632],[16.7543,60.7627],[16.859,60.7772],[16.9337,60.7852],[16.9543,60.8252],[16.9455,60.8365],[16.9313,60.8548],[16.8979,60.8807],[16.8957,60.8824],[16.892,60.897],[16.8866,60.9069],[16.8823,60.9298],[16.8863,60.9504],[16.8973,60.9652],[16.8883,60.973],[16.8778,60.9826],[16.8727,60.9915],[16.8884,61.0053],[16.8887,61.0114],[16.9001,61.0428],[16.8188,61.0395],[16.7696,61.0645],[16.7596,61.0704],[16.7411,61.0766],[16.7125,61.0776],[16.7133,61.0831],[16.7002,61.0841],[16.6983,61.0808],[16.6431,61.0837],[16.6075,61.0908],[16.551,61.0885],[16.5194,61.0762],[16.5205,61.0481],[16.4651,61.0534],[16.3983,61.052],[16.3062,61.0505],[16.2644,61.0373],[16.1979,61.0147],[16.131,60.9921],[16.1856,60.9357],[16.2552,60.8638],[16.2746,60.8524]]]}},{"type":"Feature","properties":{"code":"2104","name":"Hofors"},"geometry":{"type":"Polygon","coordinates":[[[16.2365,60.5099],[16.2461,60.504],[16.2589,60.4932],[16.2645,60.4951],[16.2706,60.4859],[16.2786,60.4836],[16.2838,60.4717],[16.3347,60.4281],[16.3372,60.4215],[16.3533,60.4101],[16.3926,60.3793],[16.4065,60.3773],[16.4232,60.3792],[16.4479,60.3716],[16.4754,60.3665],[16.5166,60.3555],[16.5298,60.3714],[16.5695,60.377],[16.5956,60.3863],[16.6094,60.3943],[16.6155,60.4018],[16.6272,60.4119],[16.6482,60.412],[16.6491,60.4146],[16.6362,60.4177],[16.6503,60.4283],[16.6684,60.4407],[16.6691,60.4431],[16.6617,60.4562],[16.6669,60.4669],[16.6509,60.4698],[16.6186,60.4917],[16.6138,60.4949],[16.5851,60.509],[16.574,60.5129],[16.5706,60.5221],[16.5631,60.5316],[16.5551,60.5348],[16.5341,60.5492],[16.5272,60.5496],[16.5138,60.5538],[16.5008,60.556],[16.4882,60.5648],[16.4676,60.5684],[16.4669,60.5689],[16.4358,60.5814],[16.4199,60.5862],[16.3209,60.6047],[16.2461,60.6077],[16.1976,60.614],[16.1365,60.6103],[16.166,60.577],[16.1715,60.561],[16.1796,60.5554],[16.1948,60.5353],[16.2002,60.5322],[16.2365,60.5099]]]}},{"type":"Feature","properties":{"code":"2121","name":"Ovanåker"},"geometry":{"type":"Polygon","coordinates":[[[15.4351,61.5689],[15.4352,61.5667],[15.3993,61.5706],[15.3938,61.5685],[15.3365,61.5654],[15.2976,61.552],[15.2964,61.5527],[15.2658,61.547],[15.2778,61.5225],[15.2701,61.5185],[15.2632,61.5073],[15.2535,61.5121],[15.2381,61.5068],[15.2437,61.5019],[15.2163,61.4947],[15.2422,61.4734],[15.3008,61.4261],[15.343,61.3977],[15.4401,61.3332],[15.5432,61.2807],[15.6574,61.2156],[15.6749,61.1385],[15.6803,61.1133],[15.762,61.0496],[15.9214,61.0077],[15.9526,61.0392],[15.9593,61.0364],[15.9678,61.0411],[15.9588,61.0456],[15.9702,61.0572],[15.9775,61.0559],[15.9975,61.0669],[15.9804,61.0743],[15.9849,61.0842],[15.9959,61.1008],[16.0335,61.1524],[16.0456,61.1496],[16.0592,61.1653],[16.046,61.1691],[16.0487,61.173],[16.058,61.1731],[16.0668,61.1878],[16.0582,61.1897],[16.0771,61.2195],[16.0523,61.224],[16.0667,61.2386],[16.0882,61.2269],[16.0889,61.2333],[16.108,61.256],[16.1123,61.2571],[16.1234,61.2524],[16.1315,61.2569],[16.1314,61.2614],[16.1243,61.2638],[16.1118,61.2651],[16.1273,61.2838],[16.1719,61.3372],[16.1794,61.342],[16.1737,61.3449],[16.1795,61.353],[16.1855,61.3521],[16.2081,61.3801],[16.2167,61.392],[16.2257,61.4042],[16.2532,61.4398],[16.211,61.4608],[16.2156,61.4717],[16.2168,61.4754],[16.2202,61.485],[16.2063,61.4889],[16.1915,61.4997],[16.1371,61.499],[16.0859,61.5159],[16.0375,61.5309],[15.9129,61.5565],[15.8467,61.5701],[15.8421,61.5622],[15.8332,61.5637],[15.8334,61.5727],[15.7738,61.5855],[15.7421,61.5829],[15.6589,61.6241],[15.5892,61.6161],[15.5144,61.6067],[15.4681,61.6092],[15.4034,61.6125],[15.4063,61.6075],[15.4013,61.6039],[15.4128,61.5957],[15.4098,61.5935],[15.4148,61.5888],[15.4317,61.5814],[15.4221,61.5778],[15.4351,61.5689]]]}},{"type":"Feature","properties":{"code":"2132","name":"Nordanstig"},"geometry":{"type":"Polygon","coordinates":[[[16.0911,62.2504],[16.0134,62.2592],[16.1741,62.2139],[16.1894,62.2095],[16.379,62.1519],[16.5368,62.1024],[16.6391,62.0702],[16.7114,62.0494],[16.7196,62.0426],[16.7397,62.0188],[16.7932,61.9768],[16.822,61.968],[16.8552,61.9601],[16.8771,61.9526],[16.8814,61.9512],[16.8557,61.9377],[16.8947,61.9124],[16.9339,61.8885],[16.9336,61.8879],[16.9339,61.8885],[16.949,61.8821],[16.958,61.8654],[16.973,61.8438],[16.9841,61.8449],[16.9912,61.8428],[16.9997,61.8455],[17.0289,61.833],[17.0575,61.8313],[17.0754,61.8326],[17.101,61.842],[17.1233,61.8611],[17.1395,61.8572],[17.177,61.8585],[17.2086,61.863],[17.2077,61.8709],[17.254,61.8652],[17.2732,61.8615],[17.3008,61.8562],[17.2952,61.8547],[17.2949,61.8497],[17.3046,61.8512],[17.3139,61.849],[17.3245,61.8514],[17.3347,61.849],[17.35,61.8517],[17.4392,61.8502],[17.4475,61.8501],[17.4513,61.896],[17.5524,61.9426],[17.6583,61.9974],[17.7254,62.1169],[17.5279,62.1326],[17.3197,62.1571],[17.2449,62.1508],[17.2164,62.1502],[17.2116,62.1537],[17.207,62.1612],[17.1641,62.1627],[17.149,62.1604],[17.1457,62.1569],[17.1312,62.1576],[17.1191,62.1557],[17.0979,62.1566],[17.0846,62.162],[17.07,62.1639],[17.0328,62.16],[16.9754,62.1651],[16.9618,62.1629],[16.9538,62.1644],[16.8915,62.1761],[16.8014,62.2028],[16.7174,62.208],[16.6327,62.2142],[16.5214,62.2329],[16.4353,62.2362],[16.2513,62.2345],[16.2312,62.2343],[16.0911,62.2504]]]}},{"type":"Feature","properties":{"code":"2161","name":"Ljusdal"},"geometry":{"type":"Polygon","coordinates":[[[16.317,61.8376],[16.3231,61.845],[16.3281,61.8608],[16.3368,61.8744],[16.3066,61.8804],[16.2991,61.8863],[16.2768,61.8869],[16.2582,61.9037],[16.2523,61.9322],[16.252,61.9323],[16.2355,61.9472],[16.1978,62.0528],[16.1648,62.0852],[16.1633,62.0943],[16.1753,62.0949],[16.1546,62.1339],[16.0737,62.2062],[16.0653,62.2133],[16.0694,62.22],[16.0802,62.2245],[16.1219,62.2037],[16.1741,62.2139],[16.0134,62.2592],[16.0911,62.2504],[16.0134,62.2592],[15.8778,62.288],[15.805,62.3032],[15.6232,62.3413],[15.6132,62.3435],[15.5053,62.3386],[15.4394,62.319],[15.3785,62.2972],[15.3261,62.272],[15.3487,62.225],[15.3567,62.2136],[15.3992,62.1948],[15.4014,62.1832],[15.4292,62.1449],[15.4172,62.1114],[15.3402,62.0913],[15.262,62.0573],[15.2329,62.0464],[15.2066,62.0378],[15.0921,61.9969],[15.1094,61.9664],[15.1106,61.9568],[15.1406,61.9522],[15.1125,61.9355],[15.1159,61.8944],[15.0854,61.8962],[15.0913,61.8849],[15.1086,61.844],[15.0918,61.8191],[15.0476,61.8239],[15.045,61.868],[14.9285,61.8771],[14.9094,61.8805],[14.9049,61.8793],[14.9218,61.8419],[14.9278,61.8213],[14.8654,61.8091],[14.8631,61.8274],[14.8058,61.8862],[14.7611,61.864],[14.8093,61.8182],[14.8417,61.8042],[14.8563,61.7836],[14.8031,61.7956],[14.7851,61.8054],[14.772,61.8153],[14.7627,61.8206],[14.7639,61.823],[14.738,61.8428],[14.7336,61.8495],[14.7178,61.8632],[14.7121,61.87],[14.6987,61.8795],[14.6996,61.8848],[14.6864,61.9016],[14.6729,61.8966],[14.5792,61.8223],[14.5303,61.7838],[14.5249,61.7838],[14.5164,61.7344],[14.5223,61.7341],[14.5209,61.7268],[14.5152,61.7272],[14.4994,61.6259],[14.4466,61.5947],[14.6751,61.5914],[14.6796,61.5836],[14.6748,61.58],[14.6758,61.5753],[14.6645,61.5696],[14.6666,61.5653],[14.6552,61.5628],[14.6583,61.5512],[14.6678,61.5471],[14.6748,61.5271],[14.6648,61.5141],[14.6594,61.5103],[14.6559,61.5011],[14.667,61.4968],[14.6676,61.4917],[14.6843,61.4863],[14.6908,61.4904],[14.7011,61.491],[14.716,61.4891],[14.7234,61.4949],[14.7312,61.4965],[14.7389,61.4931],[14.7566,61.4947],[14.7594,61.493],[14.7857,61.4925],[14.7971,61.495],[14.8071,61.495],[14.8149,61.4924],[14.8243,61.4923],[14.8484,61.4955],[14.8581,61.4936],[14.9009,61.4965],[14.9135,61.4926],[14.9239,61.4938],[14.9484,61.4895],[14.9529,61.4916],[14.9694,61.4939],[14.9779,61.4913],[15.0932,61.4841],[15.0954,61.4929],[15.1533,61.5958],[15.205,61.5039],[15.2163,61.4947],[15.2437,61.5019],[15.2381,61.5068],[15.2535,61.5121],[15.2632,61.5073],[15.2701,61.5185],[15.2778,61.5225],[15.2658,61.547],[15.2964,61.5527],[15.2976,61.552],[15.3365,61.5654],[15.3938,61.5685],[15.3993,61.5706],[15.4352,61.5667],[15.4351,61.5689],[15.4221,61.5778],[15.4317,61.5814],[15.4148,61.5888],[15.4098,61.5935],[15.4128,61.5957],[15.4013,61.6039],[15.4063,61.6075],[15.4034,61.6125],[15.4681,61.6092],[15.5144,61.6067],[15.5892,61.6161],[15.6589,61.6241],[15.7421,61.5829],[15.7738,61.5855],[15.8334,61.5727],[15.8332,61.5637],[15.8421,61.5622],[15.8467,61.5701],[15.9129,61.5565],[16.0375,61.5309],[16.0416,61.5372],[16.0519,61.5415],[16.0564,61.5503],[16.0662,61.5524],[16.0594,61.5558],[16.0873,61.5663],[16.1398,61.5841],[16.1578,61.5909],[16.1754,61.5959],[16.1862,61.5907],[16.2359,61.608],[16.2294,61.6114],[16.2412,61.615],[16.2673,61.6346],[16.277,61.6382],[16.2728,61.6406],[16.2811,61.6442],[16.2987,61.6411],[16.3208,61.6389],[16.3242,61.6445],[16.4176,61.639],[16.4399,61.6366],[16.518,61.6292],[16.5493,61.6313],[16.5827,61.6404],[16.6328,61.6243],[16.5912,61.6463],[16.548,61.659],[16.513,61.6794],[16.4759,61.6968],[16.3839,61.7412],[16.321,61.7721],[16.2746,61.7937],[16.279,61.7976],[16.2917,61.8004],[16.299,61.8174],[16.317,61.8376]],[[15.3806,62.0313],[15.4175,62.0115],[15.3955,62.0089],[15.3659,62.0217],[15.3652,62.0249],[15.3806,62.0313]]]}},{"type":"Feature","properties":{"code":"2180","name":"Gävle"},"geometry":{"type":"Polygon","coordinates":[[[16.8939,60.4303],[16.8841,60.4296],[16.8648,60.4383],[16.857,60.439],[16.8472,60.4474],[16.8368,60.4439],[16.8173,60.4421],[16.8114,60.4405],[16.8019,60.4343],[16.7739,60.4242],[16.7732,60.4177],[16.7765,60.4163],[16.7857,60.3925],[16.7795,60.3908],[16.7808,60.3837],[16.7849,60.3809],[16.7927,60.3869],[16.8218,60.3707],[16.8876,60.3528],[16.9013,60.3392],[16.9027,60.3309],[16.8907,60.3047],[16.9014,60.2871],[16.9089,60.2815],[16.9292,60.2872],[16.9618,60.2873],[16.961,60.2924],[16.9686,60.2953],[16.9805,60.2953],[16.9921,60.2874],[17.0006,60.2757],[17.0154,60.2732],[17.0417,60.2754],[17.0585,60.273],[17.0824,60.2592],[17.1129,60.2693],[17.11,60.2705],[17.1031,60.2808],[17.1305,60.2879],[17.1575,60.2874],[17.1807,60.2986],[17.1938,60.3008],[17.1987,60.3078],[17.1968,60.3451],[17.2126,60.3642],[17.1995,60.3657],[17.1993,60.3785],[17.1891,60.3823],[17.1945,60.3906],[17.1913,60.3944],[17.1942,60.401],[17.1923,60.4041],[17.1955,60.4105],[17.207,60.4173],[17.2173,60.4196],[17.2176,60.434],[17.2363,60.4316],[17.2535,60.4352],[17.2571,60.4317],[17.2576,60.4251],[17.2878,60.4468],[17.2893,60.454],[17.2978,60.4648],[17.3027,60.5088],[17.3217,60.537],[17.3307,60.5533],[17.3489,60.5862],[17.3624,60.6182],[17.3668,60.6303],[17.3736,60.6505],[17.3693,60.6531],[17.3757,60.657],[17.3781,60.663],[17.3819,60.6769],[17.3956,60.6858],[17.6688,60.706],[17.4057,60.7847],[17.4488,60.818],[17.3257,60.8504],[17.348,60.8645],[17.3633,60.8927],[17.3128,60.9024],[17.2623,60.8937],[17.2793,60.9034],[17.2883,60.9071],[17.2819,60.936],[17.2859,60.9586],[17.3066,61.0076],[17.3208,61.0909],[17.2567,61.0757],[17.2341,61.0597],[17.1947,61.0581],[17.1748,61.0586],[17.1609,61.0547],[16.9611,61.0453],[16.9001,61.0428],[16.8887,61.0114],[16.8884,61.0053],[16.8727,60.9915],[16.8778,60.9826],[16.8883,60.973],[16.8973,60.9652],[16.8863,60.9504],[16.8823,60.9298],[16.8866,60.9069],[16.892,60.897],[16.8957,60.8824],[16.8979,60.8807],[16.9313,60.8548],[16.9455,60.8365],[16.9543,60.8252],[16.9337,60.7852],[16.859,60.7772],[16.8488,60.7538],[16.8402,60.728],[16.8466,60.7121],[16.8465,60.7081],[16.8588,60.7084],[16.8532,60.7006],[16.8602,60.6988],[16.863,60.6935],[16.8539,60.6857],[16.8773,60.6658],[16.8779,60.6533],[16.871,60.6347],[16.8773,60.6153],[16.8396,60.6091],[16.8373,60.593],[16.8749,60.562],[16.8977,60.5541],[16.8994,60.5537],[16.9285,60.532],[16.933,60.533],[16.9421,60.5248],[16.9427,60.5191],[16.9389,60.509],[16.9352,60.5008],[16.93,60.4963],[16.9101,60.4922],[16.8971,60.4658],[16.8962,60.4485],[16.8908,60.4417],[16.8939,60.4303]]]}},{"type":"Feature","properties":{"code":"2181","name":"Sandviken"},"geometry":{"type":"Polygon","coordinates":[[[16.3137,60.7025],[16.3185,60.6937],[16.3178,60.6895],[16.2721,60.6525],[16.2621,60.6444],[16.2384,60.6231],[16.1976,60.614],[16.2461,60.6077],[16.3209,60.6047],[16.4199,60.5862],[16.4358,60.5814],[16.4669,60.5689],[16.4676,60.5684],[16.4882,60.5648],[16.5008,60.556],[16.5138,60.5538],[16.5272,60.5496],[16.5341,60.5492],[16.5551,60.5348],[16.5631,60.5316],[16.5706,60.5221],[16.574,60.5129],[16.5851,60.509],[16.6138,60.4949],[16.6186,60.4917],[16.6509,60.4698],[16.6669,60.4669],[16.6617,60.4562],[16.6691,60.4431],[16.6684,60.4407],[16.6503,60.4283],[16.6362,60.4177],[16.6491,60.4146],[16.6482,60.412],[16.6272,60.4119],[16.6155,60.4018],[16.6094,60.3943],[16.5956,60.3863],[16.5695,60.377],[16.5298,60.3714],[16.5166,60.3555],[16.5428,60.34],[16.5517,60.3307],[16.5605,60.3177],[16.5734,60.3064],[16.5793,60.2976],[16.5884,60.2943],[16.6103,60.2831],[16.6152,60.2789],[16.6293,60.2386],[16.6464,60.2321],[16.6632,60.2272],[16.6852,60.2167],[16.6914,60.2149],[16.699,60.2093],[16.6986,60.205],[16.7048,60.1951],[16.712,60.1961],[16.7339,60.1951],[16.7501,60.1886],[16.779,60.1899],[16.7858,60.1958],[16.7967,60.1977],[16.7975,60.2038],[16.8026,60.2121],[16.8229,60.2168],[16.8418,60.2168],[16.8504,60.2244],[16.8645,60.2254],[16.8758,60.2306],[16.9049,60.2395],[16.8967,60.2447],[16.8882,60.2445],[16.8862,60.2536],[16.8915,60.2597],[16.9029,60.2663],[16.9118,60.2692],[16.9129,60.2721],[16.9089,60.2815],[16.9014,60.2871],[16.8907,60.3047],[16.9027,60.3309],[16.9013,60.3392],[16.8876,60.3528],[16.8218,60.3707],[16.7927,60.3869],[16.7849,60.3809],[16.7808,60.3837],[16.7795,60.3908],[16.7857,60.3925],[16.7765,60.4163],[16.7732,60.4177],[16.7739,60.4242],[16.8019,60.4343],[16.8114,60.4405],[16.8173,60.4421],[16.8368,60.4439],[16.8472,60.4474],[16.857,60.439],[16.8648,60.4383],[16.8841,60.4296],[16.8939,60.4303],[16.8908,60.4417],[16.8962,60.4485],[16.8971,60.4658],[16.9101,60.4922],[16.93,60.4963],[16.9352,60.5008],[16.9389,60.509],[16.9427,60.5191],[16.9421,60.5248],[16.933,60.533],[16.9285,60.532],[16.8994,60.5537],[16.8977,60.5541],[16.8749,60.562],[16.8373,60.593],[16.8396,60.6091],[16.8773,60.6153],[16.871,60.6347],[16.8779,60.6533],[16.8773,60.6658],[16.8539,60.6857],[16.863,60.6935],[16.8602,60.6988],[16.8532,60.7006],[16.8588,60.7084],[16.8465,60.7081],[16.8466,60.7121],[16.8402,60.728],[16.8488,60.7538],[16.859,60.7772],[16.7543,60.7627],[16.7448,60.7632],[16.732,60.7613],[16.7238,60.7643],[16.7131,60.7652],[16.7103,60.7683],[16.6853,60.772],[16.6324,60.7855],[16.5839,60.7879],[16.525,60.7915],[16.3863,60.7868],[16.3862,60.7868],[16.3841,60.7794],[16.3858,60.7598],[16.377,60.7436],[16.3434,60.725],[16.3345,60.7289],[16.3077,60.7062],[16.3137,60.7025]]]}},{"type":"Feature","properties":{"code":"2182","name":"Söderhamn"},"geometry":{"type":"Polygon","coordinates":[[[16.9611,61.0453],[17.1609,61.0547],[17.1748,61.0586],[17.1947,61.0581],[17.2341,61.0597],[17.2567,61.0757],[17.249,61.0848],[17.2151,61.1071],[17.2217,61.1168],[17.1985,61.2121],[17.2207,61.2171],[17.2579,61.2097],[17.3149,61.245],[17.3229,61.2648],[17.3573,61.3486],[17.3328,61.3581],[17.3161,61.3565],[17.2973,61.3431],[17.2527,61.3706],[17.2189,61.3781],[17.2247,61.3911],[17.2113,61.3917],[17.1386,61.3949],[17.1136,61.4028],[17.0903,61.4206],[17.042,61.4489],[16.9461,61.4563],[16.906,61.4573],[16.8751,61.4678],[16.8376,61.4817],[16.8156,61.4907],[16.7794,61.5085],[16.7173,61.5357],[16.7073,61.5347],[16.6757,61.5208],[16.7082,61.5227],[16.7031,61.5012],[16.6966,61.4878],[16.6974,61.4678],[16.7016,61.4601],[16.7098,61.4573],[16.714,61.4509],[16.7031,61.4371],[16.7274,61.3959],[16.7346,61.3854],[16.7311,61.377],[16.7257,61.3722],[16.7255,61.3605],[16.7001,61.3251],[16.6963,61.3235],[16.6781,61.3253],[16.6525,61.3202],[16.6303,61.3174],[16.6774,61.2969],[16.7003,61.2858],[16.7232,61.278],[16.7317,61.2603],[16.7427,61.245],[16.7474,61.242],[16.7331,61.2311],[16.7299,61.219],[16.7149,61.2131],[16.7311,61.2033],[16.7124,61.1783],[16.6943,61.1636],[16.6874,61.1625],[16.6873,61.158],[16.6776,61.1503],[16.6686,61.1477],[16.6704,61.1445],[16.6522,61.1299],[16.6268,61.119],[16.551,61.0885],[16.6075,61.0908],[16.6431,61.0837],[16.6983,61.0808],[16.7002,61.0841],[16.7133,61.0831],[16.7125,61.0776],[16.7411,61.0766],[16.7596,61.0704],[16.7696,61.0645],[16.8188,61.0395],[16.9001,61.0428],[16.9611,61.0453]]]}},{"type":"Feature","properties":{"code":"2183","name":"Bollnäs"},"geometry":{"type":"Polygon","coordinates":[[[16.2081,61.3801],[16.1855,61.3521],[16.1795,61.353],[16.1737,61.3449],[16.1794,61.342],[16.1719,61.3372],[16.1273,61.2838],[16.1118,61.2651],[16.1243,61.2638],[16.1314,61.2614],[16.1315,61.2569],[16.1234,61.2524],[16.1123,61.2571],[16.108,61.256],[16.0889,61.2333],[16.0882,61.2269],[16.0667,61.2386],[16.0523,61.224],[16.0771,61.2195],[16.0582,61.1897],[16.0668,61.1878],[16.058,61.1731],[16.0487,61.173],[16.046,61.1691],[16.0592,61.1653],[16.0456,61.1496],[16.0335,61.1524],[15.9959,61.1008],[15.9849,61.0842],[15.9804,61.0743],[15.9975,61.0669],[15.9775,61.0559],[15.9702,61.0572],[15.9588,61.0456],[15.9678,61.0411],[15.9593,61.0364],[15.9526,61.0392],[15.9214,61.0077],[15.9463,61.0057],[16.131,60.9921],[16.1979,61.0147],[16.2644,61.0373],[16.3062,61.0505],[16.3983,61.052],[16.4651,61.0534],[16.5205,61.0481],[16.5194,61.0762],[16.551,61.0885],[16.6268,61.119],[16.6522,61.1299],[16.6704,61.1445],[16.6686,61.1477],[16.6776,61.1503],[16.6873,61.158],[16.6874,61.1625],[16.6943,61.1636],[16.7124,61.1783],[16.7311,61.2033],[16.7149,61.2131],[16.7299,61.219],[16.7331,61.2311],[16.7474,61.242],[16.7427,61.245],[16.7317,61.2603],[16.7232,61.278],[16.7003,61.2858],[16.6774,61.2969],[16.6303,61.3174],[16.6525,61.3202],[16.6781,61.3253],[16.6963,61.3235],[16.7001,61.3251],[16.7255,61.3605],[16.7257,61.3722],[16.7311,61.377],[16.7346,61.3854],[16.7274,61.3959],[16.7031,61.4371],[16.714,61.4509],[16.7098,61.4573],[16.7016,61.4601],[16.6974,61.4678],[16.6966,61.4878],[16.7031,61.5012],[16.7082,61.5227],[16.6757,61.5208],[16.6571,61.5126],[16.648,61.4914],[16.6113,61.5047],[16.6095,61.5116],[16.6077,61.5182],[16.6061,61.5524],[16.6048,61.5923],[16.5947,61.5914],[16.585,61.5926],[16.57,61.5866],[16.5584,61.5933],[16.5616,61.5984],[16.6328,61.6243],[16.5827,61.6404],[16.5493,61.6313],[16.518,61.6292],[16.4399,61.6366],[16.4176,61.639],[16.3242,61.6445],[16.3208,61.6389],[16.2987,61.6411],[16.2811,61.6442],[16.2728,61.6406],[16.277,61.6382],[16.2673,61.6346],[16.2412,61.615],[16.2294,61.6114],[16.2359,61.608],[16.1862,61.5907],[16.1754,61.5959],[16.1578,61.5909],[16.1398,61.5841],[16.0873,61.5663],[16.0594,61.5558],[16.0662,61.5524],[16.0564,61.5503],[16.0519,61.5415],[16.0416,61.5372],[16.0375,61.5309],[16.0859,61.5159],[16.1371,61.499],[16.1915,61.4997],[16.2063,61.4889],[16.2202,61.485],[16.2168,61.4754],[16.2156,61.4717],[16.211,61.4608],[16.2532,61.4398],[16.2257,61.4042],[16.2167,61.392],[16.2081,61.3801]]]}},{"type":"Feature","properties":{"code":"2184","name":"Hudiksvall"},"geometry":{"type":"Polygon","coordinates":[[[16.299,61.8174],[16.2917,61.8004],[16.279,61.7976],[16.2746,61.7937],[16.321,61.7721],[16.3839,61.7412],[16.4759,61.6968],[16.513,61.6794],[16.548,61.659],[16.5912,61.6463],[16.6328,61.6243],[16.5616,61.5984],[16.5584,61.5933],[16.57,61.5866],[16.585,61.5926],[16.5947,61.5914],[16.6048,61.5923],[16.6061,61.5524],[16.6077,61.5182],[16.6095,61.5116],[16.6113,61.5047],[16.648,61.4914],[16.6571,61.5126],[16.6757,61.5208],[16.7073,61.5347],[16.7173,61.5357],[16.7794,61.5085],[16.8156,61.4907],[16.8376,61.4817],[16.8751,61.4678],[16.906,61.4573],[16.9461,61.4563],[17.042,61.4489],[17.0903,61.4206],[17.1136,61.4028],[17.1386,61.3949],[17.2113,61.3917],[17.2247,61.3911],[17.2639,61.5486],[17.2635,61.5488],[17.3098,61.5498],[17.3091,61.5346],[17.3305,61.5341],[17.3478,61.5132],[17.4323,61.5121],[17.4335,61.5326],[17.4699,61.5318],[17.4714,61.5692],[17.3604,61.5701],[17.3612,61.6034],[17.4302,61.6107],[17.5043,61.6095],[17.6718,61.688],[17.7445,61.8302],[17.4475,61.8501],[17.4392,61.8502],[17.35,61.8517],[17.3347,61.849],[17.3245,61.8514],[17.3139,61.849],[17.3046,61.8512],[17.2949,61.8497],[17.2952,61.8547],[17.3008,61.8562],[17.2732,61.8615],[17.254,61.8652],[17.2077,61.8709],[17.2086,61.863],[17.177,61.8585],[17.1395,61.8572],[17.1233,61.8611],[17.101,61.842],[17.0754,61.8326],[17.0575,61.8313],[17.0289,61.833],[16.9997,61.8455],[16.9912,61.8428],[16.9841,61.8449],[16.973,61.8438],[16.958,61.8654],[16.949,61.8821],[16.9339,61.8885],[16.9336,61.8879],[16.9339,61.8885],[16.8947,61.9124],[16.8557,61.9377],[16.8814,61.9512],[16.8771,61.9526],[16.8552,61.9601],[16.822,61.968],[16.7932,61.9768],[16.7397,62.0188],[16.7196,62.0426],[16.7114,62.0494],[16.6391,62.0702],[16.5368,62.1024],[16.379,62.1519],[16.1894,62.2095],[16.1741,62.2139],[16.1219,62.2037],[16.0802,62.2245],[16.0694,62.22],[16.0653,62.2133],[16.0737,62.2062],[16.1546,62.1339],[16.1753,62.0949],[16.1633,62.0943],[16.1648,62.0852],[16.1978,62.0528],[16.2355,61.9472],[16.252,61.9323],[16.2523,61.9322],[16.2582,61.9037],[16.2768,61.8869],[16.2991,61.8863],[16.3066,61.8804],[16.3368,61.8744],[16.3281,61.8608],[16.3231,61.845],[16.317,61.8376],[16.299,61.8174]]]}},{"type":"Feature","properties":{"code":"2260","name":"Ånge"},"geometry":{"type":"Polygon","coordinates":[[[16.1134,62.6951],[15.9653,62.7128],[15.8785,62.6924],[15.768,62.6645],[15.6996,62.649],[15.6396,62.6348],[15.5169,62.6172],[15.5108,62.6169],[15.4131,62.6107],[15.2451,62.6004],[15.2265,62.5939],[15.1277,62.5591],[15.105,62.5768],[15.0935,62.5841],[14.9671,62.6008],[14.9167,62.5981],[14.7811,62.5908],[14.7988,62.5752],[14.8095,62.5627],[14.8049,62.5577],[14.8092,62.5449],[14.803,62.5377],[14.8023,62.5275],[14.813,62.5231],[14.8249,62.5133],[14.8304,62.507],[14.8303,62.4978],[14.8423,62.4882],[14.8433,62.4785],[14.8403,62.4747],[14.8504,62.4668],[14.832,62.4615],[14.8192,62.4597],[14.8053,62.4637],[14.7963,62.4634],[14.7979,62.4387],[14.8012,62.4041],[14.8751,62.4022],[14.8736,62.4005],[14.8653,62.3908],[14.8969,62.3566],[14.9395,62.3203],[15.014,62.2959],[15.1526,62.25],[15.2172,62.2708],[15.2845,62.293],[15.3261,62.272],[15.3785,62.2972],[15.4394,62.319],[15.5053,62.3386],[15.6132,62.3435],[15.6232,62.3413],[15.805,62.3032],[15.8778,62.288],[16.0134,62.2592],[16.0911,62.2504],[16.2312,62.2343],[16.2513,62.2345],[16.3152,62.2693],[16.3767,62.3035],[16.3871,62.31],[16.3952,62.3098],[16.4266,62.3497],[16.4149,62.3679],[16.473,62.421],[16.456,62.4249],[16.4607,62.4305],[16.4477,62.4394],[16.4402,62.4421],[16.4378,62.4464],[16.4281,62.4519],[16.4584,62.5004],[16.5108,62.5387],[16.5512,62.5746],[16.5344,62.5782],[16.5654,62.5917],[16.5189,62.6146],[16.468,62.6373],[16.4146,62.6599],[16.3825,62.6742],[16.3699,62.6963],[16.2457,62.7102],[16.2267,62.707],[16.1305,62.6912],[16.1134,62.6951]]]}},{"type":"Feature","properties":{"code":"2262","name":"Timrå"},"geometry":{"type":"Polygon","coordinates":[[[17.2368,62.5167],[17.2244,62.5213],[17.2107,62.5044],[17.2006,62.4812],[17.2025,62.4675],[17.2117,62.4615],[17.2163,62.4446],[17.2209,62.4446],[17.2273,62.4447],[17.2391,62.4449],[17.2624,62.4488],[17.2896,62.4584],[17.2908,62.4689],[17.3124,62.4719],[17.3237,62.4716],[17.3422,62.4711],[17.356,62.4732],[17.3532,62.4792],[17.3687,62.4834],[17.3924,62.4853],[17.3942,62.4925],[17.4112,62.4941],[17.4618,62.491],[17.479,62.4886],[17.4937,62.4783],[17.495,62.4716],[17.5188,62.4471],[17.501,62.4399],[17.5097,62.431],[17.5275,62.4205],[17.5629,62.4144],[17.5996,62.4205],[17.6553,62.3798],[17.7351,62.3796],[17.76,62.3971],[17.7413,62.4464],[17.7052,62.46],[17.6864,62.4743],[17.7417,62.497],[17.7475,62.507],[17.7175,62.5271],[17.7076,62.5297],[17.6935,62.5358],[17.6924,62.5406],[17.6858,62.5417],[17.6879,62.5449],[17.6762,62.5504],[17.6723,62.5541],[17.6719,62.563],[17.6819,62.5661],[17.6793,62.5735],[17.6732,62.5775],[17.6688,62.5805],[17.6229,62.5919],[17.608,62.5944],[17.5739,62.6111],[17.5506,62.6251],[17.5408,62.6313],[17.5469,62.6329],[17.5393,62.6393],[17.5293,62.6392],[17.5292,62.6464],[17.5207,62.656],[17.5168,62.6571],[17.4834,62.6741],[17.4731,62.6783],[17.432,62.6989],[17.4222,62.7096],[17.4122,62.7098],[17.3043,62.7722],[17.2596,62.7997],[17.2875,62.805],[17.2302,62.8343],[17.1772,62.8618],[17.1636,62.8563],[17.1644,62.8558],[17.1121,62.8271],[17.0485,62.7944],[17.006,62.7737],[16.9747,62.7577],[16.9467,62.7449],[16.97,62.7162],[16.9926,62.7065],[17.0656,62.6745],[17.1004,62.6539],[17.103,62.6543],[17.1244,62.6438],[17.1214,62.6416],[17.1502,62.6246],[17.232,62.5979],[17.273,62.5882],[17.27,62.5702],[17.2685,62.5615],[17.2583,62.5385],[17.2506,62.5248],[17.2351,62.5189],[17.2368,62.5167]]]}},{"type":"Feature","properties":{"code":"2280","name":"Härnösand"},"geometry":{"type":"Polygon","coordinates":[[[18.0943,62.6243],[18.1212,62.6441],[18.1177,62.6681],[18.1552,62.678],[18.2109,62.7318],[18.1831,62.741],[18.1716,62.7562],[18.1536,62.7583],[18.1239,62.7566],[18.1007,62.7585],[18.0781,62.7689],[18.0546,62.7725],[18.0446,62.7796],[18.0296,62.7862],[18.0063,62.7941],[17.9813,62.7949],[17.9609,62.7934],[17.9396,62.7963],[17.9244,62.8066],[17.9037,62.8106],[17.8946,62.8183],[17.8944,62.8224],[17.8813,62.8277],[17.8851,62.8294],[17.8646,62.8402],[17.8502,62.8453],[17.8331,62.8457],[17.7778,62.8613],[17.7221,62.8712],[17.687,62.8703],[17.6163,62.8676],[17.6142,62.8662],[17.571,62.8645],[17.5665,62.8655],[17.4938,62.8613],[17.4715,62.8788],[17.452,62.8683],[17.442,62.8841],[17.4157,62.8856],[17.3264,62.9097],[17.2621,62.8986],[17.2372,62.9028],[17.1866,62.8856],[17.1772,62.8618],[17.2302,62.8343],[17.2875,62.805],[17.2596,62.7997],[17.3043,62.7722],[17.4122,62.7098],[17.4222,62.7096],[17.432,62.6989],[17.4731,62.6783],[17.4834,62.6741],[17.5168,62.6571],[17.5207,62.656],[17.5292,62.6464],[17.5293,62.6392],[17.5393,62.6393],[17.5469,62.6329],[17.5408,62.6313],[17.5506,62.6251],[17.5739,62.6111],[17.608,62.5944],[17.6229,62.5919],[17.6688,62.5805],[17.6732,62.5775],[17.6793,62.5735],[17.6819,62.5661],[17.6719,62.563],[17.6723,62.5541],[17.6762,62.5504],[17.6879,62.5449],[17.6858,62.5417],[17.6924,62.5406],[17.6935,62.5358],[17.7076,62.5297],[17.7175,62.5271],[17.7475,62.507],[17.7417,62.497],[17.7998,62.4708],[17.9008,62.4795],[17.9549,62.52],[17.9813,62.5379],[18.0436,62.5801],[18.0848,62.608],[18.0943,62.6243]]]}},{"type":"Feature","properties":{"code":"2281","name":"Sundsvall"},"geometry":{"type":"Polygon","coordinates":[[[17.5474,62.3188],[17.6553,62.3798],[17.5996,62.4205],[17.5629,62.4144],[17.5275,62.4205],[17.5097,62.431],[17.501,62.4399],[17.5188,62.4471],[17.495,62.4716],[17.4937,62.4783],[17.479,62.4886],[17.4618,62.491],[17.4112,62.4941],[17.3942,62.4925],[17.3924,62.4853],[17.3687,62.4834],[17.3532,62.4792],[17.356,62.4732],[17.3422,62.4711],[17.3237,62.4716],[17.3124,62.4719],[17.2908,62.4689],[17.2896,62.4584],[17.2624,62.4488],[17.2391,62.4449],[17.2273,62.4447],[17.2209,62.4446],[17.2163,62.4446],[17.2117,62.4615],[17.2025,62.4675],[17.2006,62.4812],[17.2107,62.5044],[17.2244,62.5213],[17.2368,62.5167],[17.2351,62.5189],[17.2506,62.5248],[17.2583,62.5385],[17.2685,62.5615],[17.27,62.5702],[17.273,62.5882],[17.232,62.5979],[17.1502,62.6246],[17.1214,62.6416],[17.1244,62.6438],[17.103,62.6543],[17.1004,62.6539],[17.0656,62.6745],[16.9926,62.7065],[16.97,62.7162],[16.9467,62.7449],[16.9747,62.7577],[17.006,62.7737],[17.0485,62.7944],[17.1121,62.8271],[17.1644,62.8558],[17.1636,62.8563],[17.0932,62.897],[16.999,62.947],[16.881,62.9322],[16.8099,62.9268],[16.7477,62.9232],[16.7202,62.922],[16.7092,62.9134],[16.7077,62.9211],[16.6923,62.9196],[16.692,62.9174],[16.6801,62.912],[16.671,62.9124],[16.6704,62.9169],[16.6227,62.8874],[16.6236,62.8867],[16.5431,62.8388],[16.4944,62.8083],[16.4188,62.7711],[16.4048,62.7493],[16.3699,62.6963],[16.3825,62.6742],[16.4146,62.6599],[16.468,62.6373],[16.5189,62.6146],[16.5654,62.5917],[16.5344,62.5782],[16.5512,62.5746],[16.5108,62.5387],[16.4584,62.5004],[16.4281,62.4519],[16.4378,62.4464],[16.4402,62.4421],[16.4477,62.4394],[16.4607,62.4305],[16.456,62.4249],[16.473,62.421],[16.4149,62.3679],[16.4266,62.3497],[16.3952,62.3098],[16.3871,62.31],[16.3767,62.3035],[16.3152,62.2693],[16.2513,62.2345],[16.4353,62.2362],[16.5214,62.2329],[16.6327,62.2142],[16.7174,62.208],[16.8014,62.2028],[16.8915,62.1761],[16.9538,62.1644],[16.9618,62.1629],[16.9754,62.1651],[17.0328,62.16],[17.07,62.1639],[17.0846,62.162],[17.0979,62.1566],[17.1191,62.1557],[17.1312,62.1576],[17.1457,62.1569],[17.149,62.1604],[17.1641,62.1627],[17.207,62.1612],[17.2116,62.1537],[17.2164,62.1502],[17.2449,62.1508],[17.3197,62.1571],[17.5279,62.1326],[17.5456,62.1455],[17.5965,62.1546],[17.7367,62.1938],[17.7533,62.2114],[17.7487,62.2239],[17.6156,62.2871],[17.5907,62.2987],[17.5474,62.3188]]]}},{"type":"Feature","properties":{"code":"2282","name":"Kramfors"},"geometry":{"type":"Polygon","coordinates":[[[17.8944,62.8224],[17.8946,62.8183],[17.9037,62.8106],[17.9244,62.8066],[17.9396,62.7963],[17.9609,62.7934],[17.9813,62.7949],[18.0063,62.7941],[18.0296,62.7862],[18.0446,62.7796],[18.0546,62.7725],[18.0781,62.7689],[18.1007,62.7585],[18.1239,62.7566],[18.1536,62.7583],[18.1716,62.7562],[18.1831,62.741],[18.2109,62.7318],[18.2896,62.8139],[18.2926,62.8171],[18.3366,62.8158],[18.5161,62.86],[18.6555,62.9492],[18.5842,62.9738],[18.5754,63.0006],[18.6011,63.0313],[18.5746,63.0644],[18.5516,63.0675],[18.5196,63.0857],[18.4944,63.0841],[18.4418,63.0999],[18.3984,63.1129],[18.3026,63.1335],[18.2251,63.1499],[18.1815,63.1596],[18.1028,63.1762],[18.0552,63.1859],[18.0541,63.19],[17.9933,63.2052],[17.9727,63.1972],[18.0469,63.1861],[17.9773,63.172],[17.9888,63.1575],[17.896,63.1417],[17.8801,63.1609],[17.7644,63.1162],[17.7609,63.1126],[17.7487,63.1088],[17.7382,63.1138],[17.724,63.1181],[17.7156,63.1227],[17.7032,63.1253],[17.6944,63.1288],[17.6871,63.128],[17.597,63.1113],[17.5695,63.1099],[17.5474,63.1143],[17.5082,63.1056],[17.4408,63.0917],[17.4093,63.0845],[17.369,63.0738],[17.3218,63.0615],[17.2975,63.0557],[17.3152,63.0352],[17.2507,63.0152],[17.2085,63.0309],[17.1807,63.0205],[17.2512,62.9952],[17.2106,62.9718],[17.2708,62.9302],[17.3308,62.9407],[17.3531,62.9142],[17.3264,62.9097],[17.4157,62.8856],[17.442,62.8841],[17.452,62.8683],[17.4715,62.8788],[17.4938,62.8613],[17.5665,62.8655],[17.571,62.8645],[17.6142,62.8662],[17.6163,62.8676],[17.687,62.8703],[17.7221,62.8712],[17.7778,62.8613],[17.8331,62.8457],[17.8502,62.8453],[17.8646,62.8402],[17.8851,62.8294],[17.8813,62.8277],[17.8944,62.8224]]]}},{"type":"Feature","properties":{"code":"2283","name":"Sollefteå"},"geometry":{"type":"Polygon","coordinates":[[[17.4756,63.3398],[17.4744,63.3843],[17.4582,63.3814],[17.4525,63.3862],[17.4326,63.4252],[17.4196,63.4617],[17.4192,63.4707],[17.4171,63.5086],[17.335,63.4905],[17.2803,63.4797],[17.28,63.5033],[17.2926,63.5298],[17.2512,63.5537],[17.2702,63.5645],[17.3262,63.5743],[17.3443,63.5764],[17.3008,63.6135],[17.2799,63.6085],[17.2684,63.6097],[17.2689,63.6127],[17.2891,63.6234],[17.2643,63.6445],[17.3364,63.694],[17.3064,63.7398],[17.2241,63.7072],[17.2146,63.7606],[17.2118,63.7717],[17.2443,63.7845],[17.2706,63.7949],[17.2756,63.8016],[17.2466,63.8099],[17.2016,63.8147],[17.2097,63.82],[17.1814,63.827],[17.1928,63.8512],[17.1769,63.8694],[17.181,63.8713],[17.1821,63.8788],[17.1928,63.8847],[17.3253,63.869],[17.328,63.8696],[17.3356,63.8893],[17.2554,63.8955],[17.2615,63.9138],[17.1882,63.9203],[17.0669,63.9316],[16.993,63.9387],[16.8783,63.9507],[16.7187,64.0275],[16.6735,63.9769],[16.6312,63.9284],[16.5812,63.8732],[16.5635,63.8234],[16.5745,63.7827],[16.5974,63.7545],[16.6142,63.714],[16.5283,63.7047],[16.4188,63.6988],[16.3483,63.6969],[16.3411,63.6911],[16.3344,63.6949],[16.3193,63.6977],[16.2708,63.6597],[16.2283,63.6608],[16.0872,63.7043],[15.9829,63.6543],[15.9724,63.654],[15.9542,63.6573],[15.9328,63.6572],[15.9058,63.6642],[15.907,63.6711],[15.9101,63.675],[15.8989,63.683],[15.7921,63.6578],[15.8453,63.6334],[15.8514,63.6274],[15.8601,63.6263],[15.9267,63.5935],[15.9975,63.5506],[15.9862,63.5145],[15.9737,63.469],[15.9658,63.4441],[16.0173,63.4306],[16.0458,63.4481],[16.0542,63.4469],[16.1395,63.4213],[16.1315,63.383],[16.096,63.3692],[16.139,63.3533],[16.1452,63.3563],[16.2038,63.3371],[16.1967,63.3316],[16.2478,63.3119],[16.2873,63.311],[16.2754,63.3011],[16.323,63.2824],[16.362,63.2675],[16.4423,63.2358],[16.5995,63.1734],[16.6015,63.1731],[16.6765,63.1352],[16.6734,63.1341],[16.7028,63.118],[16.7825,63.074],[16.9036,63.0072],[16.9614,62.9711],[16.999,62.947],[17.0932,62.897],[17.1636,62.8563],[17.1772,62.8618],[17.1866,62.8856],[17.2372,62.9028],[17.2621,62.8986],[17.3264,62.9097],[17.3531,62.9142],[17.3308,62.9407],[17.2708,62.9302],[17.2106,62.9718],[17.2512,62.9952],[17.1807,63.0205],[17.2085,63.0309],[17.2507,63.0152],[17.3152,63.0352],[17.2975,63.0557],[17.3218,63.0615],[17.369,63.0738],[17.4093,63.0845],[17.4408,63.0917],[17.5082,63.1056],[17.5474,63.1143],[17.5695,63.1099],[17.597,63.1113],[17.6871,63.128],[17.6944,63.1288],[17.7032,63.1253],[17.7156,63.1227],[17.724,63.1181],[17.7382,63.1138],[17.7487,63.1088],[17.7609,63.1126],[17.7644,63.1162],[17.8801,63.1609],[17.896,63.1417],[17.9888,63.1575],[17.9773,63.172],[18.0469,63.1861],[17.9727,63.1972],[17.9933,63.2052],[17.9997,63.2078],[17.9752,63.2176],[17.8897,63.2529],[17.8382,63.2748],[17.8359,63.2748],[17.8028,63.2582],[17.755,63.2644],[17.6921,63.2734],[17.5936,63.287],[17.5345,63.2957],[17.5464,63.3262],[17.4756,63.3398]]]}},{"type":"Feature","properties":{"code":"2284","name":"Örnsköldsvik"},"geometry":{"type":"Polygon","coordinates":[[[18.9444,63.1879],[18.9987,63.1761],[19.0467,63.1798],[19.1055,63.2062],[19.148,63.2515],[19.2005,63.2652],[19.2046,63.2983],[19.2063,63.3065],[19.259,63.3171],[19.2731,63.3376],[19.2693,63.3754],[19.2743,63.4148],[19.2796,63.4325],[19.3144,63.4329],[19.2865,63.4634],[19.2926,63.4682],[19.2867,63.4701],[19.2229,63.5378],[19.1916,63.5711],[19.1818,63.5984],[19.1647,63.6099],[19.0703,63.6741],[19.0443,63.6888],[19.0158,63.7159],[18.9971,63.7313],[18.9713,63.7342],[18.9507,63.729],[18.9619,63.7605],[18.9412,63.7686],[18.9015,63.7826],[18.82,63.7735],[18.8007,63.7811],[18.8072,63.7885],[18.7573,63.8104],[18.7219,63.8064],[18.7032,63.8096],[18.7025,63.8162],[18.6844,63.8203],[18.6376,63.8262],[18.5944,63.8226],[18.4855,63.8426],[18.482,63.8561],[18.4726,63.8631],[18.4792,63.8661],[18.4541,63.8863],[18.4398,63.893],[18.426,63.909],[18.4299,63.9151],[18.4262,63.92],[18.4082,63.9215],[18.4064,63.9266],[18.4176,63.9298],[18.4205,63.9339],[18.439,63.9346],[18.4654,63.932],[18.463,63.9443],[18.468,63.9507],[18.4735,63.953],[18.4757,63.9597],[18.4737,63.9648],[18.4619,63.9761],[18.4273,63.991],[18.4065,63.9958],[18.3152,63.9809],[18.1306,63.9509],[17.993,63.9285],[17.9558,63.9222],[17.7334,63.8801],[17.5316,63.8928],[17.4371,63.8996],[17.3424,63.9071],[17.2615,63.9138],[17.2554,63.8955],[17.3356,63.8893],[17.328,63.8696],[17.3253,63.869],[17.1928,63.8847],[17.1821,63.8788],[17.181,63.8713],[17.1769,63.8694],[17.1928,63.8512],[17.1814,63.827],[17.2097,63.82],[17.2016,63.8147],[17.2466,63.8099],[17.2756,63.8016],[17.2706,63.7949],[17.2443,63.7845],[17.2118,63.7717],[17.2146,63.7606],[17.2241,63.7072],[17.3064,63.7398],[17.3364,63.694],[17.2643,63.6445],[17.2891,63.6234],[17.2689,63.6127],[17.2684,63.6097],[17.2799,63.6085],[17.3008,63.6135],[17.3443,63.5764],[17.3262,63.5743],[17.2702,63.5645],[17.2512,63.5537],[17.2926,63.5298],[17.28,63.5033],[17.2803,63.4797],[17.335,63.4905],[17.4171,63.5086],[17.4192,63.4707],[17.4196,63.4617],[17.4326,63.4252],[17.4525,63.3862],[17.4582,63.3814],[17.4744,63.3843],[17.4756,63.3398],[17.5464,63.3262],[17.5345,63.2957],[17.5936,63.287],[17.6921,63.2734],[17.755,63.2644],[17.8028,63.2582],[17.8359,63.2748],[17.8382,63.2748],[17.8897,63.2529],[17.9752,63.2176],[17.9997,63.2078],[17.9933,63.2052],[18.0541,63.19],[18.0552,63.1859],[18.1028,63.1762],[18.1815,63.1596],[18.2251,63.1499],[18.3026,63.1335],[18.3984,63.1129],[18.4418,63.0999],[18.4944,63.0841],[18.5196,63.0857],[18.5516,63.0675],[18.5746,63.0644],[18.6011,63.0313],[18.5754,63.0006],[18.5842,62.9738],[18.6555,62.9492],[18.6561,62.9495],[18.769,63.0612],[18.7708,63.083],[18.7944,63.1088],[18.8243,63.1207],[18.8318,63.1407],[18.8702,63.1365],[18.8882,63.147],[18.9139,63.1878],[18.9444,63.1879]]]}},{"type":"Feature","properties":{"code":"2303","name":"Ragunda"},"geometry":{"type":"Polygon","coordinates":[[[16.1315,63.383],[16.1395,63.4213],[16.0542,63.4469],[16.0458,63.4481],[16.0173,63.4306],[15.9658,63.4441],[15.9737,63.469],[15.9862,63.5145],[15.8789,63.5062],[15.8181,63.5095],[15.7917,63.5149],[15.7477,63.4942],[15.6931,63.4732],[15.6655,63.444],[15.5803,63.425],[15.5605,63.4379],[15.5549,63.4165],[15.5205,63.3831],[15.4949,63.3634],[15.5032,63.3275],[15.5036,63.3259],[15.556,63.3088],[15.4705,63.2593],[15.4558,63.2595],[15.4462,63.2678],[15.438,63.2773],[15.4266,63.2854],[15.3989,63.2933],[15.3895,63.3001],[15.3829,63.301],[15.3684,63.2976],[15.365,63.3032],[15.3058,63.264],[15.3139,63.2615],[15.2715,63.2369],[15.2553,63.2361],[15.2352,63.2414],[15.2217,63.2425],[15.2218,63.2395],[15.2315,63.1871],[15.3032,63.1913],[15.3088,63.1874],[15.3042,63.1832],[15.2928,63.1801],[15.294,63.1736],[15.3016,63.1718],[15.3179,63.1441],[15.4253,63.1225],[15.4598,63.0982],[15.5011,63.068],[15.6103,63.0766],[15.6918,63.0434],[15.7073,63.0406],[15.7251,63.0633],[15.7902,63.0745],[15.7924,63.0719],[15.8126,63.0633],[15.9045,63.0832],[15.934,63.0847],[15.9646,63.0518],[15.9972,63.049],[16.0079,63.0816],[16.0317,63.0902],[16.0767,63.069],[16.1296,63.0853],[16.1568,63.0814],[16.1648,63.0762],[16.289,63.0597],[16.3261,63.0575],[16.3973,63.0356],[16.42,63.0204],[16.4457,62.9987],[16.4214,62.9439],[16.3954,62.9318],[16.4366,62.9043],[16.4944,62.8083],[16.5431,62.8388],[16.6236,62.8867],[16.6227,62.8874],[16.6704,62.9169],[16.671,62.9124],[16.6801,62.912],[16.692,62.9174],[16.6923,62.9196],[16.7077,62.9211],[16.7092,62.9134],[16.7202,62.922],[16.7477,62.9232],[16.8099,62.9268],[16.881,62.9322],[16.999,62.947],[16.9614,62.9711],[16.9036,63.0072],[16.7825,63.074],[16.7028,63.118],[16.6734,63.1341],[16.6765,63.1352],[16.6015,63.1731],[16.5995,63.1734],[16.4423,63.2358],[16.362,63.2675],[16.323,63.2824],[16.2754,63.3011],[16.2873,63.311],[16.2478,63.3119],[16.1967,63.3316],[16.2038,63.3371],[16.1452,63.3563],[16.139,63.3533],[16.096,63.3692],[16.1315,63.383]]]}},{"type":"Feature","properties":{"code":"2305","name":"Bräcke"},"geometry":{"type":"Polygon","coordinates":[[[15.5108,62.6169],[15.5169,62.6172],[15.6396,62.6348],[15.6996,62.649],[15.768,62.6645],[15.8785,62.6924],[15.9653,62.7128],[16.1134,62.6951],[16.1305,62.6912],[16.2267,62.707],[16.2457,62.7102],[16.3699,62.6963],[16.4048,62.7493],[16.4188,62.7711],[16.4944,62.8083],[16.4366,62.9043],[16.3954,62.9318],[16.4214,62.9439],[16.4457,62.9987],[16.42,63.0204],[16.3973,63.0356],[16.3261,63.0575],[16.289,63.0597],[16.1648,63.0762],[16.1568,63.0814],[16.1296,63.0853],[16.0767,63.069],[16.0317,63.0902],[16.0079,63.0816],[15.9972,63.049],[15.9646,63.0518],[15.934,63.0847],[15.9045,63.0832],[15.8126,63.0633],[15.7924,63.0719],[15.7902,63.0745],[15.7251,63.0633],[15.7073,63.0406],[15.6918,63.0434],[15.6103,63.0766],[15.5011,63.068],[15.4598,63.0982],[15.4253,63.1225],[15.3179,63.1441],[15.3009,63.1319],[15.2587,63.098],[15.2472,63.1014],[15.2274,63.1166],[15.1841,63.135],[15.1721,63.1459],[15.1538,63.1477],[15.1468,63.1421],[15.1404,63.1423],[15.1231,63.1467],[15.1004,63.1485],[15.1287,63.091],[15.1309,63.0846],[15.1157,63.0569],[15.0822,63.062],[15.043,63.0637],[15.0348,63.0579],[15.0086,63.0422],[15.0306,63.0167],[15.0385,63.0132],[15.05,62.9967],[15.0532,62.9883],[15.0463,62.9846],[15.0391,62.9757],[15.0305,62.9701],[15.0197,62.9673],[15.012,62.9619],[15.0027,62.9671],[14.9932,62.9686],[14.9879,62.9729],[14.9807,62.9644],[14.9715,62.9593],[14.9632,62.9515],[14.9717,62.9455],[14.9827,62.9406],[15.0012,62.9398],[14.9979,62.9356],[14.969,62.9204],[14.9557,62.9162],[14.9217,62.9055],[14.8902,62.9226],[14.8546,62.9261],[14.7935,62.9328],[14.7728,62.9129],[14.7808,62.8915],[14.7929,62.8582],[14.8077,62.8271],[14.8145,62.811],[14.7689,62.8105],[14.7867,62.7922],[14.8169,62.7639],[14.7806,62.7579],[14.7694,62.7484],[14.7901,62.7402],[14.8584,62.7128],[14.8662,62.7041],[14.8614,62.6815],[14.8847,62.6382],[14.9167,62.5981],[14.9671,62.6008],[15.0935,62.5841],[15.105,62.5768],[15.1277,62.5591],[15.2265,62.5939],[15.2451,62.6004],[15.4131,62.6107],[15.5108,62.6169]]]}},{"type":"Feature","properties":{"code":"2309","name":"Krokom"},"geometry":{"type":"MultiPolygon","coordinates":[[[[14.5154,63.2319],[14.5226,63.2281],[14.5488,63.222],[14.5838,63.2152],[14.5998,63.2086],[14.6218,63.2232],[14.6431,63.2253],[14.6524,63.2262],[14.6555,63.2207],[14.6651,63.2225],[14.6777,63.2231],[14.6976,63.2222],[14.7095,63.2217],[14.7479,63.2246],[14.7355,63.232],[14.7363,63.2352],[14.7277,63.2414],[14.7282,63.2448],[14.7174,63.2526],[14.7314,63.2663],[14.7268,63.2783],[14.7217,63.2831],[14.7286,63.2901],[14.7358,63.2929],[14.7362,63.3108],[14.733,63.3125],[14.7147,63.3056],[14.6927,63.3048],[14.6653,63.3116],[14.6566,63.3109],[14.6411,63.3133],[14.6321,63.317],[14.6376,63.3207],[14.6433,63.3435],[14.6486,63.3592],[14.6338,63.3661],[14.6271,63.3726],[14.6207,63.375],[14.6152,63.3818],[14.587,63.3905],[14.5849,63.4001],[14.5738,63.4061],[14.5664,63.4132],[14.5473,63.4211],[14.5364,63.4317],[14.5257,63.4359],[14.5226,63.4402],[14.5089,63.4442],[14.4984,63.4496],[14.5794,63.4843],[14.5855,63.4879],[14.5479,63.4991],[14.5573,63.5041],[14.5924,63.5088],[14.579,63.5208],[14.5799,63.5397],[14.5722,63.5429],[14.578,63.5485],[14.5451,63.558],[14.5313,63.5851],[14.5382,63.5887],[14.5951,63.5647],[14.6905,63.5684],[14.7123,63.538],[14.7411,63.5496],[14.7461,63.5445],[14.7631,63.5395],[14.7726,63.558],[14.7642,63.5569],[14.7826,63.5932],[14.8638,63.5705],[14.9441,63.5949],[14.897,63.6137],[14.8586,63.6497],[14.9364,63.6496],[14.9256,63.7039],[14.9394,63.7096],[14.9082,63.718],[14.9156,63.7219],[14.9496,63.783],[15.0197,63.8219],[15.1064,63.8502],[15.0987,63.8558],[15.0907,63.8567],[15.0909,63.8614],[15.1047,63.865],[15.0795,63.8792],[15.0792,63.8829],[15.0563,63.894],[15.045,63.9067],[14.9782,63.9345],[14.9077,64.0269],[14.9762,64.0445],[14.9164,64.1069],[14.8774,64.107],[14.8455,64.1645],[14.7774,64.2724],[14.7741,64.277],[14.6848,64.2885],[14.6615,64.2901],[14.5156,64.3128],[14.257,64.3404],[14.1708,64.3983],[14.1266,64.3874],[14.1448,64.2842],[14.1571,64.1951],[14.0706,64.108],[14.0123,64.0503],[13.9675,64.008],[13.8886,64.0198],[13.7154,64.0463],[13.5376,64.0655],[13.3784,64.0797],[13.2782,64.0892],[13.3177,64.0678],[13.3098,64.0325],[13.3368,63.9858],[13.334,63.956],[13.3349,63.9491],[13.3407,63.9447],[13.3256,63.9156],[13.3835,63.8579],[13.3781,63.8509],[13.3643,63.8407],[13.3718,63.8362],[13.3838,63.8209],[13.3762,63.8],[13.3948,63.7972],[13.406,63.7939],[13.4184,63.769],[13.4718,63.7705],[13.4709,63.7189],[13.4697,63.6854],[13.4409,63.6734],[13.4388,63.6716],[13.4555,63.6671],[13.4694,63.6655],[13.4796,63.6666],[13.4882,63.6734],[13.4993,63.6296],[13.5067,63.6028],[13.4511,63.6171],[13.4016,63.6469],[13.3747,63.6615],[13.3016,63.6704],[13.2966,63.6722],[13.2864,63.6695],[13.2927,63.6615],[13.2886,63.6544],[13.2808,63.6532],[13.3116,63.6219],[13.3966,63.6131],[13.4084,63.6032],[13.422,63.6066],[13.505,63.5728],[13.4978,63.5675],[13.4836,63.5425],[13.4954,63.5296],[13.5282,63.4897],[13.4905,63.4706],[13.4723,63.4325],[13.4889,63.4308],[13.4996,63.4355],[13.5169,63.4351],[13.5398,63.4326],[13.5413,63.4255],[13.5498,63.4196],[13.568,63.4138],[13.579,63.4045],[13.5804,63.4013],[13.6118,63.4172],[13.6475,63.4032],[13.6415,63.4002],[13.6768,63.3845],[13.7028,63.3765],[13.6957,63.3675],[13.7284,63.3592],[13.7705,63.35],[13.7577,63.3453],[13.7662,63.3428],[13.8348,63.3566],[13.8372,63.3498],[13.8316,63.3428],[13.8394,63.338],[13.8576,63.342],[13.8582,63.3466],[13.8644,63.3494],[13.9019,63.3475],[13.9938,63.3288],[14.006,63.3273],[14.0327,63.3193],[14.0593,63.3067],[14.0627,63.3018],[14.0726,63.2976],[14.0796,63.2899],[14.0884,63.2879],[14.1122,63.2826],[14.1793,63.2718],[14.2401,63.2351],[14.2715,63.2249],[14.313,63.2305],[14.3878,63.2217],[14.4057,63.2163],[14.4311,63.2194],[14.4644,63.2207],[14.4767,63.2223],[14.4825,63.225],[14.4885,63.2277],[14.5154,63.2319]],[[14.5074,64.2288],[14.4113,64.2348],[14.3261,64.29],[14.4294,64.3001],[14.4659,64.2845],[14.5684,64.2762],[14.5074,64.2288]]],[[[13.4937,63.2346],[13.5063,63.2267],[13.515,63.2241],[13.5136,63.22],[13.5265,63.2141],[13.5374,63.2128],[13.5531,63.2152],[13.5583,63.2233],[13.5718,63.2262],[13.586,63.2733],[13.5195,63.2664],[13.5322,63.2468],[13.4937,63.2346]]]]}},{"type":"Feature","properties":{"code":"2313","name":"Strömsund"},"geometry":{"type":"MultiPolygon","coordinates":[[[[15.907,63.6711],[15.9058,63.6642],[15.9328,63.6572],[15.9542,63.6573],[15.9724,63.654],[15.9829,63.6543],[16.0872,63.7043],[16.2283,63.6608],[16.2708,63.6597],[16.3193,63.6977],[16.3344,63.6949],[16.3411,63.6911],[16.3483,63.6969],[16.4188,63.6988],[16.5283,63.7047],[16.6142,63.714],[16.5974,63.7545],[16.5745,63.7827],[16.5635,63.8234],[16.5812,63.8732],[16.6312,63.9284],[16.6735,63.9769],[16.7187,64.0275],[16.6671,64.0522],[16.6682,64.0527],[16.5212,64.1221],[16.4238,64.1677],[16.4162,64.1716],[16.3306,64.2116],[16.2192,64.2639],[16.1654,64.2612],[16.1448,64.2677],[16.1307,64.2628],[16.1196,64.2608],[16.1089,64.2626],[16.0425,64.2489],[16.0198,64.2691],[16.0225,64.2759],[16.0224,64.3272],[16.0224,64.3328],[15.8537,64.3756],[15.869,64.382],[15.799,64.3974],[15.7536,64.407],[15.7402,64.4041],[15.7044,64.538],[15.6362,64.5196],[15.6472,64.448],[15.5795,64.4434],[15.5765,64.4624],[15.5658,64.4705],[15.5635,64.4779],[15.5534,64.4864],[15.5535,64.4939],[15.5573,64.4962],[15.5443,64.5013],[15.5385,64.5072],[15.5432,64.5186],[15.5169,64.5337],[15.498,64.5379],[15.4632,64.5487],[15.4489,64.5564],[15.4386,64.5585],[15.4376,64.5695],[15.4299,64.5819],[15.4166,64.5793],[15.3746,64.5831],[15.363,64.5869],[15.3645,64.5896],[15.3473,64.5967],[15.3368,64.6047],[15.3277,64.6142],[15.3156,64.6207],[15.3012,64.625],[15.2645,64.6276],[15.248,64.6311],[15.2416,64.6362],[15.283,64.6399],[15.3359,64.6461],[15.3411,64.6479],[15.3346,64.6523],[15.3344,64.669],[15.3231,64.6742],[15.3023,64.6782],[15.2832,64.6855],[15.2654,64.6999],[15.2319,64.7163],[15.2247,64.7227],[15.1981,64.733],[15.1862,64.7405],[15.1751,64.7404],[15.1382,64.7467],[15.136,64.7518],[15.1175,64.7531],[15.0624,64.7516],[15.0473,64.7554],[15.0313,64.7615],[15.0281,64.7666],[15.0326,64.7709],[15.028,64.7809],[15.0344,64.7839],[15.0353,64.7914],[15.0255,64.7972],[15.0244,64.8038],[14.9739,64.8461],[14.9359,64.8571],[14.8798,64.8646],[14.8639,64.8686],[14.8553,64.8748],[14.8412,64.8766],[14.8454,64.882],[14.8447,64.8897],[14.841,64.8926],[14.8096,64.9059],[14.7863,64.909],[14.7798,64.9127],[14.7806,64.9221],[14.7758,64.9308],[14.7798,64.9383],[14.7661,64.9465],[14.7556,64.9493],[14.7543,64.9543],[14.7322,64.9543],[14.7235,64.9561],[14.7143,64.9633],[14.7143,64.9688],[14.7028,64.9788],[14.7051,64.9813],[14.6975,64.9905],[14.613,65.0024],[14.5313,65.0363],[14.3259,65.1189],[14.2269,65.0487],[14.1298,64.9786],[14.0936,64.9513],[14.0581,64.9238],[14.0151,64.8898],[13.9164,64.8103],[13.8734,64.7757],[13.7947,64.7117],[13.7055,64.64],[13.6543,64.5803],[13.7509,64.5502],[13.8911,64.5071],[14.0852,64.4784],[14.114,64.4625],[14.1266,64.3874],[14.1708,64.3983],[14.257,64.3404],[14.5156,64.3128],[14.6615,64.2901],[14.6848,64.2885],[14.7741,64.277],[14.7774,64.2724],[14.8455,64.1645],[14.8774,64.107],[14.9164,64.1069],[14.9762,64.0445],[14.9077,64.0269],[14.9782,63.9345],[15.045,63.9067],[15.0563,63.894],[15.0792,63.8829],[15.0795,63.8792],[15.1047,63.865],[15.0909,63.8614],[15.0907,63.8567],[15.0987,63.8558],[15.1064,63.8502],[15.0197,63.8219],[14.9496,63.783],[14.9156,63.7219],[14.9082,63.718],[14.9394,63.7096],[14.9256,63.7039],[14.9364,63.6496],[14.8586,63.6497],[14.897,63.6137],[14.9441,63.5949],[14.9818,63.5803],[14.9871,63.579],[15.0245,63.5542],[15.0206,63.5486],[15.0291,63.5435],[15.0498,63.534],[15.0547,63.5274],[15.0865,63.5159],[15.0385,63.4866],[15.0779,63.4683],[15.1212,63.4793],[15.1757,63.459],[15.2385,63.4435],[15.2848,63.4235],[15.342,63.3994],[15.3555,63.3862],[15.3914,63.3634],[15.3976,63.3612],[15.4368,63.347],[15.4949,63.3634],[15.5205,63.3831],[15.5549,63.4165],[15.5605,63.4379],[15.5803,63.425],[15.6655,63.444],[15.6931,63.4732],[15.7477,63.4942],[15.7917,63.5149],[15.8181,63.5095],[15.8789,63.5062],[15.9862,63.5145],[15.9975,63.5506],[15.9267,63.5935],[15.8601,63.6263],[15.8514,63.6274],[15.8453,63.6334],[15.7921,63.6578],[15.8989,63.683],[15.9101,63.675],[15.907,63.6711]]],[[[14.5074,64.2288],[14.5684,64.2762],[14.4659,64.2845],[14.4294,64.3001],[14.3261,64.29],[14.4113,64.2348],[14.5074,64.2288]]]]}},{"type":"Feature","properties":{"code":"2321","name":"Åre"},"geometry":{"type":"Polygon","coordinates":[[[12.0241,63.2146],[12.0471,63.1893],[12.1699,63.0546],[12.2182,63.0003],[12.1704,62.9674],[12.0749,62.9027],[12.6604,62.9734],[12.8468,62.9728],[13.0949,62.972],[13.1716,63.0074],[13.1761,63.0146],[13.1955,63.0183],[13.2147,63.026],[13.2172,63.0341],[13.2303,63.0355],[13.2431,63.0351],[13.2483,63.0321],[13.2637,63.0338],[13.2886,63.0283],[13.3017,63.0228],[13.3215,63.0245],[13.3287,63.0226],[13.3366,63.0256],[13.349,63.0251],[13.3657,63.0319],[13.3863,63.035],[13.3992,63.0438],[13.4116,63.0477],[13.4142,63.0523],[13.4228,63.0586],[13.4276,63.0584],[13.4411,63.0627],[13.4661,63.0597],[13.4803,63.0566],[13.4805,63.0603],[13.4971,63.0653],[13.5169,63.0681],[13.5002,63.0713],[13.5053,63.0774],[13.5265,63.0819],[13.5354,63.0878],[13.5456,63.0882],[13.5679,63.0933],[13.5832,63.0924],[13.5863,63.0904],[13.6064,63.0918],[13.6574,63.0914],[13.6706,63.0927],[13.6777,63.0973],[13.6871,63.0982],[13.7215,63.0908],[13.7358,63.0698],[13.7514,63.0703],[13.758,63.0741],[13.783,63.0786],[13.7945,63.086],[13.7925,63.0929],[13.8247,63.0982],[13.8447,63.095],[13.855,63.0899],[13.8576,63.0766],[13.8497,63.0774],[13.8356,63.0736],[13.8257,63.0749],[13.82,63.0652],[13.8274,63.0589],[13.8411,63.0573],[13.857,63.0601],[13.8736,63.0556],[13.8782,63.0574],[13.8893,63.0563],[13.9185,63.0609],[13.9289,63.0592],[13.9368,63.0463],[14.044,63.0549],[14.123,63.0586],[14.1345,63.0391],[14.1714,63.0464],[14.1811,63.0435],[14.188,63.0389],[14.1978,63.0376],[14.2063,63.0297],[14.2273,63.0368],[14.2299,63.0353],[14.2516,63.0409],[14.2472,63.0435],[14.2629,63.0489],[14.2869,63.0556],[14.3174,63.0496],[14.3374,63.0495],[14.354,63.0547],[14.3643,63.0632],[14.3817,63.0653],[14.3931,63.0686],[14.4045,63.0693],[14.4059,63.09],[14.397,63.1028],[14.3958,63.112],[14.3782,63.1188],[14.3572,63.1211],[14.3431,63.1246],[14.3284,63.1301],[14.3098,63.1423],[14.3021,63.1436],[14.2871,63.1492],[14.2647,63.1641],[14.2999,63.2121],[14.2715,63.2249],[14.2401,63.2351],[14.1793,63.2718],[14.1122,63.2826],[14.0884,63.2879],[14.0796,63.2899],[14.0726,63.2976],[14.0627,63.3018],[14.0593,63.3067],[14.0327,63.3193],[14.006,63.3273],[13.9938,63.3288],[13.9019,63.3475],[13.8644,63.3494],[13.8582,63.3466],[13.8576,63.342],[13.8394,63.338],[13.8316,63.3428],[13.8372,63.3498],[13.8348,63.3566],[13.7662,63.3428],[13.7577,63.3453],[13.7705,63.35],[13.7284,63.3592],[13.6957,63.3675],[13.7028,63.3765],[13.6768,63.3845],[13.6415,63.4002],[13.6475,63.4032],[13.6118,63.4172],[13.5804,63.4013],[13.579,63.4045],[13.568,63.4138],[13.5498,63.4196],[13.5413,63.4255],[13.5398,63.4326],[13.5169,63.4351],[13.4996,63.4355],[13.4889,63.4308],[13.4723,63.4325],[13.4905,63.4706],[13.5282,63.4897],[13.4954,63.5296],[13.4836,63.5425],[13.4978,63.5675],[13.505,63.5728],[13.422,63.6066],[13.4084,63.6032],[13.3966,63.6131],[13.3116,63.6219],[13.2808,63.6532],[13.2886,63.6544],[13.2927,63.6615],[13.2864,63.6695],[13.2966,63.6722],[13.3016,63.6704],[13.3747,63.6615],[13.4016,63.6469],[13.4511,63.6171],[13.5067,63.6028],[13.4993,63.6296],[13.4882,63.6734],[13.4796,63.6666],[13.4694,63.6655],[13.4555,63.6671],[13.4388,63.6716],[13.4409,63.6734],[13.4697,63.6854],[13.4709,63.7189],[13.4718,63.7705],[13.4184,63.769],[13.406,63.7939],[13.3948,63.7972],[13.3762,63.8],[13.3838,63.8209],[13.3718,63.8362],[13.3643,63.8407],[13.3781,63.8509],[13.3835,63.8579],[13.3256,63.9156],[13.3407,63.9447],[13.3349,63.9491],[13.334,63.956],[13.3368,63.9858],[13.3098,64.0325],[13.3177,64.0678],[13.2782,64.0892],[13.2111,64.0954],[13.0849,64.0787],[12.9267,64.0579],[12.6836,63.9742],[12.6102,63.9174],[12.5382,63.8623],[12.4802,63.8187],[12.4408,63.7913],[12.3549,63.7319],[12.3304,63.7151],[12.2995,63.672],[12.2271,63.631],[12.1498,63.5939],[12.1823,63.5338],[12.2129,63.4786],[12.1401,63.4107],[12.0841,63.3556],[12.0339,63.3162],[11.9746,63.2692],[11.9983,63.2426],[12.0241,63.2146]],[[13.4937,63.2346],[13.5322,63.2468],[13.5195,63.2664],[13.586,63.2733],[13.5718,63.2262],[13.5583,63.2233],[13.5531,63.2152],[13.5374,63.2128],[13.5265,63.2141],[13.5136,63.22],[13.515,63.2241],[13.5063,63.2267],[13.4937,63.2346]]]}},{"type":"Feature","properties":{"code":"2326","name":"Berg"},"geometry":{"type":"Polygon","coordinates":[[[14.9167,62.5981],[14.8847,62.6382],[14.8614,62.6815],[14.8662,62.7041],[14.8584,62.7128],[14.7901,62.7402],[14.7668,62.7362],[14.7509,62.7278],[14.7031,62.7376],[14.6654,62.7281],[14.6487,62.7257],[14.6384,62.7535],[14.6364,62.7606],[14.6494,62.7641],[14.6603,62.7717],[14.6743,62.7652],[14.7375,62.7627],[14.7529,62.7468],[14.7641,62.7454],[14.7694,62.7484],[14.7806,62.7579],[14.8169,62.7639],[14.7867,62.7922],[14.7689,62.8105],[14.8145,62.811],[14.8077,62.8271],[14.7929,62.8582],[14.7808,62.8915],[14.6936,62.8961],[14.6871,62.9076],[14.6683,62.9094],[14.609,62.9061],[14.6015,62.9083],[14.5974,62.9163],[14.6026,62.9189],[14.5952,62.944],[14.5572,62.9509],[14.5486,62.954],[14.538,62.9543],[14.533,62.9679],[14.5418,63.0104],[14.5203,63.0113],[14.5189,63.0084],[14.4975,63.0106],[14.4882,63.0176],[14.4785,63.0157],[14.4634,63.0174],[14.4482,63.0145],[14.4377,63.03],[14.4134,63.0565],[14.4045,63.0693],[14.3931,63.0686],[14.3817,63.0653],[14.3643,63.0632],[14.354,63.0547],[14.3374,63.0495],[14.3174,63.0496],[14.2869,63.0556],[14.2629,63.0489],[14.2472,63.0435],[14.2516,63.0409],[14.2299,63.0353],[14.2273,63.0368],[14.2063,63.0297],[14.1978,63.0376],[14.188,63.0389],[14.1811,63.0435],[14.1714,63.0464],[14.1345,63.0391],[14.123,63.0586],[14.044,63.0549],[13.9368,63.0463],[13.9289,63.0592],[13.9185,63.0609],[13.8893,63.0563],[13.8782,63.0574],[13.8736,63.0556],[13.857,63.0601],[13.8411,63.0573],[13.8274,63.0589],[13.82,63.0652],[13.8257,63.0749],[13.8356,63.0736],[13.8497,63.0774],[13.8576,63.0766],[13.855,63.0899],[13.8447,63.095],[13.8247,63.0982],[13.7925,63.0929],[13.7945,63.086],[13.783,63.0786],[13.758,63.0741],[13.7514,63.0703],[13.7358,63.0698],[13.7215,63.0908],[13.6871,63.0982],[13.6777,63.0973],[13.6706,63.0927],[13.6574,63.0914],[13.6064,63.0918],[13.5863,63.0904],[13.5832,63.0924],[13.5679,63.0933],[13.5456,63.0882],[13.5354,63.0878],[13.5265,63.0819],[13.5053,63.0774],[13.5002,63.0713],[13.5169,63.0681],[13.4971,63.0653],[13.4805,63.0603],[13.4803,63.0566],[13.4661,63.0597],[13.4411,63.0627],[13.4276,63.0584],[13.4228,63.0586],[13.4142,63.0523],[13.4116,63.0477],[13.3992,63.0438],[13.3863,63.035],[13.3657,63.0319],[13.349,63.0251],[13.3366,63.0256],[13.3287,63.0226],[13.3215,63.0245],[13.3017,63.0228],[13.2886,63.0283],[13.2637,63.0338],[13.2483,63.0321],[13.2431,63.0351],[13.2303,63.0355],[13.2172,63.0341],[13.2147,63.026],[13.1955,63.0183],[13.1761,63.0146],[13.1716,63.0074],[13.0949,62.972],[12.8468,62.9728],[12.6604,62.9734],[12.0749,62.9027],[12.0919,62.8595],[12.1364,62.7479],[12.2811,62.7544],[12.4449,62.762],[12.4921,62.7647],[12.516,62.7544],[12.5902,62.7346],[12.5908,62.7331],[12.6373,62.7067],[12.7813,62.7064],[12.8592,62.6948],[12.8975,62.6774],[12.8968,62.713],[12.9725,62.7435],[13.047,62.7108],[13.1475,62.7068],[13.1897,62.6757],[13.2779,62.664],[13.2752,62.6476],[13.2666,62.6407],[13.2635,62.6341],[13.2846,62.6292],[13.2724,62.6173],[13.3671,62.6087],[13.3875,62.6195],[13.483,62.6316],[13.4316,62.643],[13.3787,62.6722],[13.3668,62.678],[13.3768,62.7088],[13.3843,62.7506],[13.4258,62.7596],[13.4967,62.7135],[13.5808,62.6933],[13.6316,62.6726],[13.6868,62.6767],[13.8041,62.7112],[13.8131,62.7157],[13.8762,62.6711],[13.8706,62.6266],[13.9923,62.6189],[13.975,62.6032],[13.9805,62.5863],[13.9727,62.5856],[13.9708,62.5759],[13.9896,62.5708],[14.0023,62.5774],[14.0208,62.5059],[14.0355,62.4922],[14.0483,62.4942],[14.0684,62.4877],[14.0696,62.4758],[14.0648,62.4754],[14.0502,62.4801],[14.0621,62.4673],[14.0843,62.4471],[14.1693,62.3883],[14.2162,62.3588],[14.2977,62.3313],[14.3402,62.3034],[14.366,62.3029],[14.3914,62.3023],[14.4356,62.303],[14.4432,62.2996],[14.4502,62.2917],[14.4643,62.3048],[14.5558,62.2808],[14.6994,62.3472],[14.7265,62.3587],[14.7383,62.3696],[14.801,62.4039],[14.8121,62.4003],[14.823,62.4004],[14.8332,62.3939],[14.8477,62.394],[14.8528,62.3979],[14.8644,62.4013],[14.8736,62.4005],[14.8751,62.4022],[14.8012,62.4041],[14.7979,62.4387],[14.7963,62.4634],[14.8053,62.4637],[14.8192,62.4597],[14.832,62.4615],[14.8504,62.4668],[14.8403,62.4747],[14.8433,62.4785],[14.8423,62.4882],[14.8303,62.4978],[14.8304,62.507],[14.8249,62.5133],[14.813,62.5231],[14.8023,62.5275],[14.803,62.5377],[14.8092,62.5449],[14.8049,62.5577],[14.8095,62.5627],[14.7988,62.5752],[14.7811,62.5908],[14.9167,62.5981]],[[14.7559,62.6695],[14.7358,62.6668],[14.7322,62.6713],[14.7097,62.6931],[14.6964,62.7017],[14.7365,62.7078],[14.7399,62.7036],[14.7566,62.6959],[14.7588,62.6895],[14.7559,62.6695]]]}},{"type":"Feature","properties":{"code":"2361","name":"Härjedalen"},"geometry":{"type":"MultiPolygon","coordinates":[[[[15.4175,62.0115],[15.3806,62.0313],[15.3652,62.0249],[15.3659,62.0217],[15.3955,62.0089],[15.4175,62.0115]]],[[[15.3402,62.0913],[15.4172,62.1114],[15.4292,62.1449],[15.4014,62.1832],[15.3992,62.1948],[15.3567,62.2136],[15.3487,62.225],[15.3261,62.272],[15.2845,62.293],[15.2172,62.2708],[15.1526,62.25],[15.014,62.2959],[14.9395,62.3203],[14.8969,62.3566],[14.8653,62.3908],[14.8736,62.4005],[14.8644,62.4013],[14.8528,62.3979],[14.8477,62.394],[14.8332,62.3939],[14.823,62.4004],[14.8121,62.4003],[14.801,62.4039],[14.7383,62.3696],[14.7265,62.3587],[14.6994,62.3472],[14.5558,62.2808],[14.4643,62.3048],[14.4502,62.2917],[14.4432,62.2996],[14.4356,62.303],[14.3914,62.3023],[14.366,62.3029],[14.3402,62.3034],[14.2977,62.3313],[14.2162,62.3588],[14.1693,62.3883],[14.0843,62.4471],[14.0621,62.4673],[14.0502,62.4801],[14.0648,62.4754],[14.0696,62.4758],[14.0684,62.4877],[14.0483,62.4942],[14.0355,62.4922],[14.0208,62.5059],[14.0023,62.5774],[13.9896,62.5708],[13.9708,62.5759],[13.9727,62.5856],[13.9805,62.5863],[13.975,62.6032],[13.9923,62.6189],[13.8706,62.6266],[13.8762,62.6711],[13.8131,62.7157],[13.8041,62.7112],[13.6868,62.6767],[13.6316,62.6726],[13.5808,62.6933],[13.4967,62.7135],[13.4258,62.7596],[13.3843,62.7506],[13.3768,62.7088],[13.3668,62.678],[13.3787,62.6722],[13.4316,62.643],[13.483,62.6316],[13.3875,62.6195],[13.3671,62.6087],[13.2724,62.6173],[13.2846,62.6292],[13.2635,62.6341],[13.2666,62.6407],[13.2752,62.6476],[13.2779,62.664],[13.1897,62.6757],[13.1475,62.7068],[13.047,62.7108],[12.9725,62.7435],[12.8968,62.713],[12.8975,62.6774],[12.8592,62.6948],[12.7813,62.7064],[12.6373,62.7067],[12.5908,62.7331],[12.5902,62.7346],[12.516,62.7544],[12.4921,62.7647],[12.4449,62.762],[12.2811,62.7544],[12.1364,62.7479],[12.0561,62.6119],[12.1055,62.5411],[12.1653,62.4576],[12.2049,62.4011],[12.2994,62.2675],[12.339,62.2591],[12.3505,62.2566],[12.5354,62.2266],[12.6078,62.2148],[12.7287,62.2178],[12.8065,62.2202],[12.8438,62.1899],[12.9026,62.1419],[12.9514,62.1334],[12.9814,62.0932],[13.0035,62.0658],[13.0386,62.0714],[13.0452,62.062],[13.1165,62.0416],[13.1587,62.0197],[13.2191,62.0408],[13.2861,62.0581],[13.2908,62.0288],[13.2935,62.0116],[13.3919,62.0008],[13.2377,61.942],[13.2003,61.9291],[13.2613,61.9128],[13.3345,61.8657],[13.3832,61.834],[13.4132,61.7965],[13.4431,61.7736],[13.4958,61.7299],[13.4982,61.7255],[13.4973,61.7184],[13.5115,61.7098],[13.4973,61.702],[13.4898,61.6901],[13.5592,61.6435],[13.5984,61.6563],[13.7535,61.6416],[13.8159,61.6424],[13.8979,61.6351],[13.9768,61.6214],[14.0525,61.6193],[14.1822,61.6176],[14.2851,61.6082],[14.3361,61.5994],[14.3946,61.5639],[14.4466,61.5947],[14.4994,61.6259],[14.5152,61.7272],[14.5209,61.7268],[14.5223,61.7341],[14.5164,61.7344],[14.5249,61.7838],[14.5303,61.7838],[14.5792,61.8223],[14.6729,61.8966],[14.6864,61.9016],[14.6996,61.8848],[14.6987,61.8795],[14.7121,61.87],[14.7178,61.8632],[14.7336,61.8495],[14.738,61.8428],[14.7639,61.823],[14.7627,61.8206],[14.772,61.8153],[14.7851,61.8054],[14.8031,61.7956],[14.8563,61.7836],[14.8417,61.8042],[14.8093,61.8182],[14.7611,61.864],[14.8058,61.8862],[14.8631,61.8274],[14.8654,61.8091],[14.9278,61.8213],[14.9218,61.8419],[14.9049,61.8793],[14.9094,61.8805],[14.9285,61.8771],[15.045,61.868],[15.0476,61.8239],[15.0918,61.8191],[15.1086,61.844],[15.0913,61.8849],[15.0854,61.8962],[15.1159,61.8944],[15.1125,61.9355],[15.1406,61.9522],[15.1106,61.9568],[15.1094,61.9664],[15.0921,61.9969],[15.2066,62.0378],[15.2329,62.0464],[15.262,62.0573],[15.3402,62.0913]]]]}},{"type":"Feature","properties":{"code":"2380","name":"Östersund"},"geometry":{"type":"MultiPolygon","coordinates":[[[[14.6976,63.2222],[14.6777,63.2231],[14.6651,63.2225],[14.6555,63.2207],[14.6524,63.2262],[14.6431,63.2253],[14.6218,63.2232],[14.5998,63.2086],[14.5838,63.2152],[14.5488,63.222],[14.5226,63.2281],[14.5154,63.2319],[14.4885,63.2277],[14.4825,63.225],[14.4767,63.2223],[14.4644,63.2207],[14.4311,63.2194],[14.4057,63.2163],[14.3878,63.2217],[14.313,63.2305],[14.2715,63.2249],[14.2999,63.2121],[14.2647,63.1641],[14.2871,63.1492],[14.3021,63.1436],[14.3098,63.1423],[14.3284,63.1301],[14.3431,63.1246],[14.3572,63.1211],[14.3782,63.1188],[14.3958,63.112],[14.397,63.1028],[14.4059,63.09],[14.4045,63.0693],[14.4134,63.0565],[14.4377,63.03],[14.4482,63.0145],[14.4634,63.0174],[14.4785,63.0157],[14.4882,63.0176],[14.4975,63.0106],[14.5189,63.0084],[14.5203,63.0113],[14.5418,63.0104],[14.533,62.9679],[14.538,62.9543],[14.5486,62.954],[14.5572,62.9509],[14.5952,62.944],[14.6026,62.9189],[14.5974,62.9163],[14.6015,62.9083],[14.609,62.9061],[14.6683,62.9094],[14.6871,62.9076],[14.6936,62.8961],[14.7808,62.8915],[14.7728,62.9129],[14.7935,62.9328],[14.8546,62.9261],[14.8902,62.9226],[14.9217,62.9055],[14.9557,62.9162],[14.969,62.9204],[14.9979,62.9356],[15.0012,62.9398],[14.9827,62.9406],[14.9717,62.9455],[14.9632,62.9515],[14.9715,62.9593],[14.9807,62.9644],[14.9879,62.9729],[14.9932,62.9686],[15.0027,62.9671],[15.012,62.9619],[15.0197,62.9673],[15.0305,62.9701],[15.0391,62.9757],[15.0463,62.9846],[15.0532,62.9883],[15.05,62.9967],[15.0385,63.0132],[15.0306,63.0167],[15.0086,63.0422],[15.0348,63.0579],[15.043,63.0637],[15.0822,63.062],[15.1157,63.0569],[15.1309,63.0846],[15.1287,63.091],[15.1004,63.1485],[15.1231,63.1467],[15.1404,63.1423],[15.1468,63.1421],[15.1538,63.1477],[15.1721,63.1459],[15.1841,63.135],[15.2274,63.1166],[15.2472,63.1014],[15.2587,63.098],[15.3009,63.1319],[15.3179,63.1441],[15.3016,63.1718],[15.294,63.1736],[15.2928,63.1801],[15.3042,63.1832],[15.3088,63.1874],[15.3032,63.1913],[15.2315,63.1871],[15.2218,63.2395],[15.2217,63.2425],[15.2352,63.2414],[15.2553,63.2361],[15.2715,63.2369],[15.3139,63.2615],[15.3058,63.264],[15.365,63.3032],[15.3684,63.2976],[15.3829,63.301],[15.3895,63.3001],[15.3989,63.2933],[15.4266,63.2854],[15.438,63.2773],[15.4462,63.2678],[15.4558,63.2595],[15.4705,63.2593],[15.556,63.3088],[15.5036,63.3259],[15.5032,63.3275],[15.4949,63.3634],[15.4368,63.347],[15.3976,63.3612],[15.3914,63.3634],[15.3555,63.3862],[15.342,63.3994],[15.2848,63.4235],[15.2385,63.4435],[15.1757,63.459],[15.1212,63.4793],[15.0779,63.4683],[15.0385,63.4866],[15.0865,63.5159],[15.0547,63.5274],[15.0498,63.534],[15.0291,63.5435],[15.0206,63.5486],[15.0245,63.5542],[14.9871,63.579],[14.9818,63.5803],[14.9441,63.5949],[14.8638,63.5705],[14.7826,63.5932],[14.7642,63.5569],[14.7726,63.558],[14.7631,63.5395],[14.7461,63.5445],[14.7411,63.5496],[14.7123,63.538],[14.6905,63.5684],[14.5951,63.5647],[14.5382,63.5887],[14.5313,63.5851],[14.5451,63.558],[14.578,63.5485],[14.5722,63.5429],[14.5799,63.5397],[14.579,63.5208],[14.5924,63.5088],[14.5573,63.5041],[14.5479,63.4991],[14.5855,63.4879],[14.5794,63.4843],[14.4984,63.4496],[14.5089,63.4442],[14.5226,63.4402],[14.5257,63.4359],[14.5364,63.4317],[14.5473,63.4211],[14.5664,63.4132],[14.5738,63.4061],[14.5849,63.4001],[14.587,63.3905],[14.6152,63.3818],[14.6207,63.375],[14.6271,63.3726],[14.6338,63.3661],[14.6486,63.3592],[14.6433,63.3435],[14.6376,63.3207],[14.6321,63.317],[14.6411,63.3133],[14.6566,63.3109],[14.6653,63.3116],[14.6927,63.3048],[14.7147,63.3056],[14.733,63.3125],[14.7362,63.3108],[14.7358,63.2929],[14.7286,63.2901],[14.7217,63.2831],[14.7268,63.2783],[14.7314,63.2663],[14.7174,63.2526],[14.7282,63.2448],[14.7277,63.2414],[14.7363,63.2352],[14.7355,63.232],[14.7479,63.2246],[14.7095,63.2217],[14.6976,63.2222]]],[[[14.7559,62.6695],[14.7588,62.6895],[14.7566,62.6959],[14.7399,62.7036],[14.7365,62.7078],[14.6964,62.7017],[14.7097,62.6931],[14.7322,62.6713],[14.7358,62.6668],[14.7559,62.6695]]],[[[14.7694,62.7484],[14.7641,62.7454],[14.7529,62.7468],[14.7375,62.7627],[14.6743,62.7652],[14.6603,62.7717],[14.6494,62.7641],[14.6364,62.7606],[14.6384,62.7535],[14.6487,62.7257],[14.6654,62.7281],[14.7031,62.7376],[14.7509,62.7278],[14.7668,62.7362],[14.7901,62.7402],[14.7694,62.7484]]]]}},{"type":"Feature","properties":{"code":"2401","name":"Nordmaling"},"geometry":{"type":"Polygon","coordinates":[[[19.3496,63.8092],[19.3398,63.8181],[19.2987,63.808],[19.3049,63.8048],[19.3237,63.7996],[19.2563,63.7877],[19.2448,63.7977],[19.2354,63.8014],[19.2175,63.8144],[19.1667,63.823],[19.1458,63.8126],[19.1341,63.8203],[19.1127,63.8115],[19.0574,63.8366],[19.0224,63.8315],[19.0252,63.8265],[18.9981,63.8124],[18.9277,63.8522],[18.9095,63.8483],[18.9056,63.8514],[18.8942,63.8533],[18.8469,63.8476],[18.8523,63.8314],[18.8396,63.8303],[18.8408,63.8247],[18.8333,63.8239],[18.8278,63.8142],[18.8072,63.7885],[18.8007,63.7811],[18.82,63.7735],[18.9015,63.7826],[18.9412,63.7686],[18.9619,63.7605],[18.9507,63.729],[18.9713,63.7342],[18.9971,63.7313],[19.0158,63.7159],[19.0443,63.6888],[19.0703,63.6741],[19.1647,63.6099],[19.1818,63.5984],[19.1916,63.5711],[19.2229,63.5378],[19.2867,63.4701],[19.2926,63.4682],[19.2865,63.4634],[19.3144,63.4329],[19.3189,63.433],[19.4655,63.3939],[19.536,63.3923],[19.6084,63.3906],[19.7344,63.4325],[19.8079,63.4569],[19.8142,63.4864],[19.7755,63.5112],[19.7504,63.5274],[19.7472,63.5367],[19.7412,63.5433],[19.7365,63.5441],[19.7329,63.5509],[19.7358,63.5578],[19.7297,63.5684],[19.7193,63.5721],[19.7201,63.5854],[19.7499,63.5826],[19.7578,63.5855],[19.7569,63.5926],[19.748,63.603],[19.7231,63.6413],[19.7267,63.6484],[19.7463,63.6635],[19.7606,63.6744],[19.7633,63.704],[19.7792,63.7298],[19.775,63.7386],[19.7633,63.7427],[19.7516,63.7499],[19.7454,63.7501],[19.6807,63.8102],[19.6473,63.8091],[19.6313,63.8108],[19.6136,63.8111],[19.5586,63.833],[19.5155,63.8653],[19.5087,63.8682],[19.4831,63.8628],[19.4547,63.8607],[19.4504,63.848],[19.4512,63.8189],[19.4219,63.8154],[19.3686,63.8366],[19.3558,63.8326],[19.3606,63.8239],[19.3703,63.8183],[19.3611,63.8123],[19.3496,63.8092]]]}},{"type":"Feature","properties":{"code":"2403","name":"Bjurholm"},"geometry":{"type":"Polygon","coordinates":[[[18.8072,63.7885],[18.8278,63.8142],[18.8333,63.8239],[18.8408,63.8247],[18.8396,63.8303],[18.8523,63.8314],[18.8469,63.8476],[18.8942,63.8533],[18.9056,63.8514],[18.9095,63.8483],[18.9277,63.8522],[18.9981,63.8124],[19.0252,63.8265],[19.0224,63.8315],[19.0574,63.8366],[19.1127,63.8115],[19.1341,63.8203],[19.1458,63.8126],[19.1667,63.823],[19.2175,63.8144],[19.2354,63.8014],[19.2448,63.7977],[19.2563,63.7877],[19.3237,63.7996],[19.3049,63.8048],[19.2987,63.808],[19.3398,63.8181],[19.3496,63.8092],[19.3611,63.8123],[19.3703,63.8183],[19.3606,63.8239],[19.3558,63.8326],[19.3686,63.8366],[19.4219,63.8154],[19.4512,63.8189],[19.4504,63.848],[19.4547,63.8607],[19.4831,63.8628],[19.5087,63.8682],[19.5282,63.8723],[19.489,63.9533],[19.4707,63.9905],[19.4635,63.9885],[19.4579,64.0002],[19.4182,64.019],[19.3538,64.0489],[19.3437,64.0707],[19.3217,64.0781],[19.3073,64.0703],[19.2453,64.0989],[19.2286,64.0955],[19.1827,64.1288],[19.1605,64.1328],[19.1214,64.1214],[19.1125,64.1207],[19.1026,64.1297],[19.0619,64.1409],[19.0715,64.109],[19.0274,64.1015],[19.0253,64.097],[19.0094,64.0953],[19.0076,64.0981],[18.9094,64.0812],[18.9128,64.0797],[18.8987,64.074],[18.8907,64.078],[18.7884,64.0606],[18.6027,64.0292],[18.466,64.0056],[18.4065,63.9958],[18.4273,63.991],[18.4619,63.9761],[18.4737,63.9648],[18.4757,63.9597],[18.4735,63.953],[18.468,63.9507],[18.463,63.9443],[18.4654,63.932],[18.439,63.9346],[18.4205,63.9339],[18.4176,63.9298],[18.4064,63.9266],[18.4082,63.9215],[18.4262,63.92],[18.4299,63.9151],[18.426,63.909],[18.4398,63.893],[18.4541,63.8863],[18.4792,63.8661],[18.4726,63.8631],[18.482,63.8561],[18.4855,63.8426],[18.5944,63.8226],[18.6376,63.8262],[18.6844,63.8203],[18.7025,63.8162],[18.7032,63.8096],[18.7219,63.8064],[18.7573,63.8104],[18.8072,63.7885]]]}},{"type":"Feature","properties":{"code":"2404","name":"Vindeln"},"geometry":{"type":"Polygon","coordinates":[[[20.107,64.3581],[20.1009,64.361],[20.1123,64.3728],[20.1332,64.3719],[20.1332,64.3741],[20.1032,64.3906],[20.106,64.392],[20.0893,64.4018],[20.0839,64.4071],[20.0704,64.4141],[20.0828,64.4148],[20.082,64.4214],[20.0731,64.4226],[20.0698,64.4399],[20.04,64.4552],[20.0165,64.4417],[19.9968,64.4518],[19.9919,64.4486],[19.9411,64.4754],[19.9462,64.4779],[19.879,64.5124],[19.859,64.5039],[19.7913,64.5328],[19.8081,64.544],[19.7893,64.5528],[19.776,64.5619],[19.7883,64.5691],[19.7511,64.5829],[19.7483,64.5868],[19.7113,64.5975],[19.6619,64.6224],[19.5055,64.6376],[19.396,64.6894],[19.4079,64.6936],[19.392,64.6998],[19.3831,64.7274],[19.347,64.7464],[19.2876,64.7778],[19.2249,64.7071],[19.1787,64.6552],[19.138,64.6101],[19.1145,64.5845],[18.975,64.4301],[18.9748,64.4299],[18.9728,64.4276],[19.0034,64.3317],[19.021,64.2742],[19.0373,64.2223],[19.0773,64.2293],[19.1167,64.2204],[19.1763,64.1866],[19.1274,64.1808],[19.13,64.1669],[19.1605,64.1328],[19.1827,64.1288],[19.2286,64.0955],[19.2453,64.0989],[19.3073,64.0703],[19.3217,64.0781],[19.3437,64.0707],[19.3538,64.0489],[19.4182,64.019],[19.4314,64.0362],[19.4656,64.0433],[19.5211,64.0364],[19.542,64.0369],[19.5537,64.0295],[19.5549,64.0219],[19.5676,64.0154],[19.5747,64.0145],[19.5696,64.027],[19.6175,64.0388],[19.6234,64.0511],[19.6565,64.0484],[19.6595,64.0493],[19.6418,64.0653],[19.66,64.0719],[19.6675,64.0696],[19.6665,64.0639],[19.6781,64.0551],[19.7679,64.0588],[19.7927,64.0847],[19.8241,64.1176],[19.8219,64.1215],[19.8227,64.1291],[19.8443,64.1238],[19.8614,64.132],[19.8926,64.1288],[19.9257,64.1318],[19.9416,64.1127],[19.9821,64.1154],[19.9931,64.1172],[20.0182,64.117],[20.0274,64.1301],[20.0285,64.154],[20.0205,64.1655],[20.0467,64.1849],[20.0544,64.1945],[20.0598,64.1948],[20.0708,64.2057],[20.0581,64.2175],[20.0825,64.2385],[20.0993,64.2406],[20.1005,64.2638],[20.102,64.2689],[20.0817,64.2668],[20.0245,64.2723],[20.0301,64.2995],[20.0399,64.3155],[20.0384,64.3225],[20.0319,64.3262],[20.0588,64.3248],[20.0419,64.336],[20.0497,64.3388],[20.0643,64.3363],[20.0766,64.3488],[20.1162,64.3403],[20.117,64.3458],[20.141,64.342],[20.142,64.3477],[20.1159,64.354],[20.107,64.3581]]]}},{"type":"Feature","properties":{"code":"2409","name":"Robertsfors"},"geometry":{"type":"Polygon","coordinates":[[[21.0207,64.1327],[21.0104,64.1434],[21.0549,64.1729],[21.1453,64.1878],[21.28,64.269],[21.2234,64.2682],[21.2131,64.2764],[21.1853,64.3004],[21.1877,64.318],[21.1817,64.3269],[21.1487,64.3592],[21.0654,64.3353],[21.0571,64.3484],[21.0201,64.3603],[21.004,64.3818],[20.9912,64.3939],[20.9162,64.4301],[20.8816,64.4396],[20.8535,64.4386],[20.825,64.4239],[20.7937,64.4294],[20.7891,64.4159],[20.7757,64.4146],[20.7499,64.4195],[20.748,64.3917],[20.7123,64.3902],[20.6789,64.3613],[20.704,64.3483],[20.6967,64.3462],[20.6754,64.3402],[20.6667,64.3446],[20.6555,64.341],[20.5703,64.3181],[20.5997,64.3007],[20.5934,64.2988],[20.5743,64.3118],[20.5353,64.3162],[20.5368,64.3184],[20.4902,64.3221],[20.4886,64.3185],[20.5286,64.2993],[20.5165,64.3012],[20.5136,64.3052],[20.502,64.3104],[20.4917,64.312],[20.4879,64.3187],[20.4666,64.3122],[20.4377,64.3141],[20.432,64.3212],[20.3075,64.3281],[20.309,64.3179],[20.3051,64.3125],[20.3319,64.2708],[20.3375,64.257],[20.3568,64.2581],[20.3976,64.2108],[20.4159,64.1885],[20.4564,64.1405],[20.5196,64.1126],[20.5222,64.0981],[20.5485,64.0697],[20.56,64.0714],[20.5524,64.0799],[20.5647,64.082],[20.5743,64.073],[20.6427,64.009],[20.666,63.986],[20.6879,63.9726],[20.6608,63.9212],[20.6346,63.8794],[20.6773,63.885],[20.7297,63.8747],[20.7234,63.8678],[20.7298,63.8631],[20.7501,63.8582],[20.8117,63.8458],[20.9399,63.9896],[20.9665,64.0711],[21.0147,64.0812],[21.0389,64.1138],[21.0207,64.1327]]]}},{"type":"Feature","properties":{"code":"2417","name":"Norsjö"},"geometry":{"type":"Polygon","coordinates":[[[19.7257,64.7572],[19.8148,64.7589],[19.897,64.7144],[19.9411,64.6901],[19.951,64.6917],[19.956,64.6827],[19.984,64.6675],[20.1148,64.6724],[20.1058,64.6893],[20.0428,64.723],[20.059,64.7284],[20.0337,64.7388],[20.0356,64.7497],[20.0757,64.7669],[20.1008,64.7944],[20.1299,64.7896],[20.1449,64.8193],[20.1064,64.8252],[20.1068,64.828],[20.1304,64.8368],[20.1444,64.8284],[20.1734,64.8403],[20.2173,64.8325],[20.2184,64.8337],[20.2023,64.8428],[20.1999,64.8512],[20.2162,64.8578],[20.1556,64.8734],[20.1565,64.8814],[20.1496,64.8854],[20.1482,64.8907],[20.1356,64.8921],[20.1245,64.8971],[20.1109,64.9068],[20.0958,64.9101],[20.0843,64.9162],[20.0617,64.9245],[20.0988,64.9421],[19.9804,64.9912],[19.8235,65.0308],[19.7853,65.0673],[19.6875,65.1266],[19.7017,65.1332],[19.6928,65.1419],[19.6709,65.1528],[19.657,65.1513],[19.5904,65.1943],[19.4787,65.1656],[19.4836,65.1618],[19.4352,65.1487],[19.4308,65.1533],[19.4223,65.1511],[19.3904,65.1428],[19.0538,65.0552],[19.0075,65.043],[18.9822,65.0373],[18.7569,64.9844],[18.8017,64.9695],[18.8775,64.9448],[19.1099,64.8695],[19.1802,64.8469],[19.3117,64.8047],[19.2876,64.7778],[19.347,64.7464],[19.412,64.7509],[19.4227,64.7539],[19.4377,64.7513],[19.4732,64.7805],[19.5009,64.7762],[19.631,64.7554],[19.7257,64.7572]]]}},{"type":"Feature","properties":{"code":"2418","name":"Malå"},"geometry":{"type":"Polygon","coordinates":[[[19.0538,65.0552],[19.3904,65.1428],[19.3875,65.1496],[19.3709,65.1597],[19.3675,65.1648],[19.3505,65.1721],[19.3384,65.1796],[19.3444,65.1824],[19.3394,65.1867],[19.3218,65.1926],[19.3012,65.1967],[19.2816,65.204],[19.2651,65.2066],[19.2558,65.2105],[19.2442,65.2189],[19.2418,65.2229],[19.2501,65.24],[19.2729,65.2409],[19.2602,65.2547],[19.2381,65.2618],[19.2319,65.2659],[19.2023,65.2723],[19.1824,65.2795],[19.1682,65.286],[19.1488,65.2896],[19.1377,65.2901],[19.1241,65.2957],[19.0967,65.3051],[19.0725,65.3079],[19.0609,65.3064],[19.0502,65.3081],[19.0439,65.3058],[19.0332,65.3074],[19.0221,65.3113],[19.0222,65.3181],[19.0153,65.3308],[18.9873,65.337],[18.9764,65.3416],[18.9324,65.3469],[18.9302,65.3512],[18.8951,65.3619],[18.8695,65.373],[18.851,65.3699],[18.8339,65.3714],[18.8232,65.3768],[18.82,65.3817],[18.8102,65.3875],[18.7983,65.3885],[18.7743,65.3946],[18.7526,65.4039],[18.7443,65.4135],[18.7477,65.4233],[18.7296,65.4335],[18.7115,65.4383],[18.6695,65.437],[18.6549,65.4353],[18.6437,65.4365],[18.6273,65.4341],[18.5802,65.4401],[18.5704,65.4448],[18.543,65.4464],[18.522,65.452],[18.5184,65.4592],[18.5124,65.4634],[18.5033,65.4748],[18.4256,65.4968],[18.3421,65.4939],[18.2679,65.5245],[18.2845,65.4846],[18.2966,65.4189],[18.2139,65.3174],[18.1668,65.2442],[18.1681,65.2429],[18.3035,65.2027],[18.4103,65.153],[18.5564,65.0831],[18.5608,65.085],[18.5888,65.0834],[18.5987,65.0802],[18.614,65.0777],[18.6165,65.0739],[18.5947,65.0677],[18.5966,65.0636],[18.6366,65.0442],[18.7569,64.9844],[18.9822,65.0373],[19.0075,65.043],[19.0538,65.0552]]]}},{"type":"Feature","properties":{"code":"2421","name":"Storuman"},"geometry":{"type":"Polygon","coordinates":[[[16.0259,65.693],[15.957,65.711],[15.5308,65.8228],[14.9513,66.15],[14.8637,66.146],[14.6838,66.139],[14.5163,66.1326],[14.5288,66.0956],[14.5455,66.0418],[14.5509,66.0221],[14.5731,65.9579],[14.5844,65.9014],[14.6254,65.8118],[14.6005,65.7794],[14.5414,65.7008],[14.5214,65.613],[14.4987,65.5213],[14.5006,65.4442],[14.5176,65.4441],[14.5304,65.4418],[14.5407,65.4376],[14.5668,65.4362],[14.5821,65.4308],[14.5968,65.4277],[14.6089,65.4223],[14.6385,65.4224],[14.6504,65.4252],[14.685,65.4149],[14.7893,65.4155],[14.8198,65.4219],[14.8415,65.4237],[14.8603,65.4226],[14.9028,65.4284],[14.9426,65.4131],[14.948,65.4085],[14.9785,65.4019],[14.9937,65.4062],[15.1256,65.4053],[15.2086,65.4217],[15.2737,65.4107],[15.7051,65.4009],[15.8049,65.3789],[16.1213,65.3122],[16.2328,65.2452],[16.3308,65.1863],[16.4284,65.127],[16.4928,65.0881],[16.5951,65.0255],[16.7792,64.9654],[16.8624,64.9382],[17.1301,64.8506],[17.2492,64.8111],[17.2615,64.8141],[17.2788,64.8056],[17.2736,64.803],[17.3399,64.7809],[17.3391,64.7568],[17.5108,64.7523],[17.5579,64.7329],[17.7506,64.818],[17.7616,64.8228],[17.7427,64.836],[17.9128,64.919],[17.8989,64.9945],[17.952,65.0439],[17.9572,65.0488],[17.83,65.1029],[17.8464,65.1049],[17.8534,65.1086],[17.8499,65.1121],[17.8361,65.117],[17.8181,65.1256],[17.8068,65.1324],[17.794,65.1363],[17.7722,65.1278],[17.7641,65.1312],[17.7126,65.1534],[17.6726,65.1701],[17.4721,65.2204],[17.3004,65.2644],[17.0709,65.3115],[17.0166,65.3227],[16.9379,65.3481],[16.8303,65.3831],[16.8258,65.385],[16.7095,65.4394],[16.6276,65.4772],[16.6481,65.4845],[16.6419,65.4885],[16.62,65.4807],[16.6064,65.4869],[16.5771,65.5088],[16.5014,65.5661],[16.0259,65.693]]]}},{"type":"Feature","properties":{"code":"2422","name":"Sorsele"},"geometry":{"type":"Polygon","coordinates":[[[17.2502,65.8388],[17.09,65.9065],[17.0007,65.9449],[16.9308,65.9701],[16.7719,66.032],[16.6074,66.044],[16.5292,66.0536],[16.2323,66.1407],[15.7714,66.2908],[15.559,66.3283],[15.4539,66.3454],[15.4847,66.2825],[15.3055,66.2327],[15.1954,66.2],[15.0357,66.1536],[14.9513,66.15],[15.5308,65.8228],[15.957,65.711],[16.0259,65.693],[16.5014,65.5661],[16.5771,65.5088],[16.6064,65.4869],[16.62,65.4807],[16.6419,65.4885],[16.6481,65.4845],[16.6276,65.4772],[16.7095,65.4394],[16.8258,65.385],[16.8303,65.3831],[16.9379,65.3481],[17.0166,65.3227],[17.0709,65.3115],[17.3004,65.2644],[17.4721,65.2204],[17.6726,65.1701],[17.7126,65.1534],[17.7641,65.1312],[17.7722,65.1278],[17.794,65.1363],[17.8068,65.1324],[17.8181,65.1256],[17.8361,65.117],[17.8499,65.1121],[17.8534,65.1086],[17.8464,65.1049],[17.83,65.1029],[17.9572,65.0488],[17.952,65.0439],[17.9825,65.0361],[18.0481,65.0498],[18.0161,65.0643],[17.9743,65.0647],[18.0505,65.1351],[18.0989,65.18],[18.1681,65.2429],[18.1668,65.2442],[18.2139,65.3174],[18.2966,65.4189],[18.2845,65.4846],[18.2679,65.5245],[18.2487,65.5335],[18.2309,65.5433],[18.1952,65.5549],[18.178,65.5661],[18.1807,65.5726],[18.178,65.5765],[18.1595,65.5744],[18.1443,65.5765],[18.1472,65.5887],[18.1016,65.5942],[18.0723,65.5767],[18.034,65.5877],[18.0311,65.6025],[17.8514,65.6236],[17.6756,65.6562],[17.5474,65.7122],[17.4713,65.745],[17.3581,65.7929],[17.2502,65.8388]]]}},{"type":"Feature","properties":{"code":"2425","name":"Dorotea"},"geometry":{"type":"Polygon","coordinates":[[[16.8783,63.9507],[16.9454,64.0033],[16.8751,64.0373],[16.8014,64.1247],[16.7617,64.1712],[16.7658,64.1755],[16.7407,64.1963],[16.7154,64.226],[16.7546,64.2293],[16.7444,64.234],[16.6977,64.2469],[16.6558,64.2966],[16.6678,64.336],[16.7273,64.3535],[16.7149,64.3732],[16.6045,64.4332],[16.5965,64.4346],[16.3721,64.4749],[16.3037,64.4981],[16.2139,64.5287],[16.1377,64.5544],[16.0114,64.653],[15.9447,64.7043],[15.8049,64.7554],[15.7862,64.7633],[15.6448,64.8136],[15.4808,64.8721],[15.4603,64.8754],[15.2868,64.903],[15.1709,64.9211],[15.1331,64.9296],[14.7051,64.9813],[14.7028,64.9788],[14.7143,64.9688],[14.7143,64.9633],[14.7235,64.9561],[14.7322,64.9543],[14.7543,64.9543],[14.7556,64.9493],[14.7661,64.9465],[14.7798,64.9383],[14.7758,64.9308],[14.7806,64.9221],[14.7798,64.9127],[14.7863,64.909],[14.8096,64.9059],[14.841,64.8926],[14.8447,64.8897],[14.8454,64.882],[14.8412,64.8766],[14.8553,64.8748],[14.8639,64.8686],[14.8798,64.8646],[14.9359,64.8571],[14.9739,64.8461],[15.0244,64.8038],[15.0255,64.7972],[15.0353,64.7914],[15.0344,64.7839],[15.028,64.7809],[15.0326,64.7709],[15.0281,64.7666],[15.0313,64.7615],[15.0473,64.7554],[15.0624,64.7516],[15.1175,64.7531],[15.136,64.7518],[15.1382,64.7467],[15.1751,64.7404],[15.1862,64.7405],[15.1981,64.733],[15.2247,64.7227],[15.2319,64.7163],[15.2654,64.6999],[15.2832,64.6855],[15.3023,64.6782],[15.3231,64.6742],[15.3344,64.669],[15.3346,64.6523],[15.3411,64.6479],[15.3359,64.6461],[15.283,64.6399],[15.2416,64.6362],[15.248,64.6311],[15.2645,64.6276],[15.3012,64.625],[15.3156,64.6207],[15.3277,64.6142],[15.3368,64.6047],[15.3473,64.5967],[15.3645,64.5896],[15.363,64.5869],[15.3746,64.5831],[15.4166,64.5793],[15.4299,64.5819],[15.4376,64.5695],[15.4386,64.5585],[15.4489,64.5564],[15.4632,64.5487],[15.498,64.5379],[15.5169,64.5337],[15.5432,64.5186],[15.5385,64.5072],[15.5443,64.5013],[15.5573,64.4962],[15.5535,64.4939],[15.5534,64.4864],[15.5635,64.4779],[15.5658,64.4705],[15.5765,64.4624],[15.5795,64.4434],[15.6472,64.448],[15.6362,64.5196],[15.7044,64.538],[15.7402,64.4041],[15.7536,64.407],[15.799,64.3974],[15.869,64.382],[15.8537,64.3756],[16.0224,64.3328],[16.0224,64.3272],[16.0225,64.2759],[16.0198,64.2691],[16.0425,64.2489],[16.1089,64.2626],[16.1196,64.2608],[16.1307,64.2628],[16.1448,64.2677],[16.1654,64.2612],[16.2192,64.2639],[16.3306,64.2116],[16.4162,64.1716],[16.4238,64.1677],[16.5212,64.1221],[16.6682,64.0527],[16.6671,64.0522],[16.7187,64.0275],[16.8783,63.9507]]]}},{"type":"Feature","properties":{"code":"2460","name":"Vännäs"},"geometry":{"type":"Polygon","coordinates":[[[19.5087,63.8682],[19.5155,63.8653],[19.5586,63.833],[19.6136,63.8111],[19.6313,63.8108],[19.6473,63.8091],[19.6807,63.8102],[19.7315,63.8152],[19.7361,63.7885],[19.766,63.7894],[19.763,63.8094],[19.7716,63.8185],[19.8188,63.8229],[19.8451,63.8388],[19.8545,63.8447],[19.86,63.8453],[19.8778,63.8528],[19.9134,63.8614],[19.9702,63.8661],[19.9828,63.8876],[19.9623,63.8859],[19.9501,63.8895],[19.9369,63.8875],[19.9276,63.8823],[19.9083,63.8857],[19.8977,63.8901],[19.8835,63.8981],[19.8653,63.9135],[19.8553,63.9268],[19.8744,63.9313],[19.8807,63.9315],[19.8997,63.9371],[19.9337,63.9495],[19.9398,63.9464],[19.9577,63.9474],[19.9675,63.9606],[19.9553,63.9622],[19.9524,63.9561],[19.9443,63.9532],[19.9216,63.966],[19.9289,63.9678],[19.9259,63.9746],[19.9086,63.9735],[19.9123,63.9776],[19.923,64.0031],[19.9272,64.0033],[19.9362,64.015],[19.9462,64.0117],[19.9538,64.0176],[19.948,64.0189],[19.958,64.0279],[19.9509,64.0293],[19.9561,64.04],[19.9621,64.0434],[19.9404,64.0768],[19.8905,64.0721],[19.8664,64.0855],[19.7927,64.0847],[19.7679,64.0588],[19.6781,64.0551],[19.6665,64.0639],[19.6675,64.0696],[19.66,64.0719],[19.6418,64.0653],[19.6595,64.0493],[19.6565,64.0484],[19.6234,64.0511],[19.6175,64.0388],[19.5696,64.027],[19.5747,64.0145],[19.5676,64.0154],[19.5549,64.0219],[19.5537,64.0295],[19.542,64.0369],[19.5211,64.0364],[19.4656,64.0433],[19.4314,64.0362],[19.4182,64.019],[19.4579,64.0002],[19.4635,63.9885],[19.4707,63.9905],[19.489,63.9533],[19.5282,63.8723],[19.5087,63.8682]]]}},{"type":"Feature","properties":{"code":"2462","name":"Vilhelmina"},"geometry":{"type":"Polygon","coordinates":[[[14.7051,64.9813],[15.1331,64.9296],[15.1709,64.9211],[15.2868,64.903],[15.4603,64.8754],[15.4808,64.8721],[15.6448,64.8136],[15.7862,64.7633],[15.8049,64.7554],[15.9447,64.7043],[16.0114,64.653],[16.1377,64.5544],[16.2139,64.5287],[16.3037,64.4981],[16.3721,64.4749],[16.5965,64.4346],[16.6045,64.4332],[16.7149,64.3732],[16.7273,64.3535],[16.7524,64.354],[16.9209,64.3561],[16.9358,64.3781],[16.9499,64.399],[17.1362,64.4228],[17.3289,64.4466],[17.3254,64.454],[17.357,64.4579],[17.3777,64.4526],[17.6569,64.487],[17.6953,64.5007],[17.6852,64.5107],[17.7081,64.5202],[17.6523,64.5723],[17.6203,64.6021],[17.6815,64.6246],[17.6543,64.6378],[17.6538,64.6678],[17.5879,64.6792],[17.5684,64.6721],[17.5481,64.6692],[17.5048,64.7094],[17.5579,64.7329],[17.5108,64.7523],[17.3391,64.7568],[17.3399,64.7809],[17.2736,64.803],[17.2788,64.8056],[17.2615,64.8141],[17.2492,64.8111],[17.1301,64.8506],[16.8624,64.9382],[16.7792,64.9654],[16.5951,65.0255],[16.4928,65.0881],[16.4284,65.127],[16.3308,65.1863],[16.2328,65.2452],[16.1213,65.3122],[15.8049,65.3789],[15.7051,65.4009],[15.2737,65.4107],[15.2086,65.4217],[15.1256,65.4053],[14.9937,65.4062],[14.9785,65.4019],[14.948,65.4085],[14.9426,65.4131],[14.9028,65.4284],[14.8603,65.4226],[14.8415,65.4237],[14.8198,65.4219],[14.7893,65.4155],[14.685,65.4149],[14.6504,65.4252],[14.6385,65.4224],[14.6089,65.4223],[14.5968,65.4277],[14.5821,65.4308],[14.5668,65.4362],[14.5407,65.4376],[14.5304,65.4418],[14.5176,65.4441],[14.5006,65.4442],[14.502,65.3739],[14.5068,65.3097],[14.4654,65.2897],[14.3787,65.2476],[14.3555,65.1938],[14.3259,65.1189],[14.5313,65.0363],[14.613,65.0024],[14.6975,64.9905],[14.7051,64.9813]]]}},{"type":"Feature","properties":{"code":"2463","name":"Åsele"},"geometry":{"type":"Polygon","coordinates":[[[17.2615,63.9138],[17.3424,63.9071],[17.4371,63.8996],[17.5316,63.8928],[17.7334,63.8801],[17.9558,63.9222],[17.993,63.9285],[18.1306,63.9509],[18.3152,63.9809],[18.4065,63.9958],[18.466,64.0056],[18.6027,64.0292],[18.7884,64.0606],[18.758,64.0778],[18.6516,64.137],[18.4823,64.2085],[18.4124,64.2379],[18.3379,64.2758],[18.2912,64.299],[18.1839,64.3436],[18.2687,64.3583],[18.2629,64.3612],[18.2611,64.3698],[18.2566,64.372],[18.252,64.3795],[18.254,64.3843],[18.2482,64.3907],[18.2207,64.3915],[18.2135,64.3906],[18.2042,64.393],[18.196,64.3983],[18.0513,64.3837],[18.0378,64.3888],[18.0255,64.3809],[17.9694,64.4041],[17.9696,64.4147],[17.7887,64.4833],[17.8428,64.503],[17.8037,64.5223],[17.7408,64.4992],[17.7186,64.4999],[17.7237,64.5078],[17.7195,64.5095],[17.7081,64.5202],[17.6852,64.5107],[17.6953,64.5007],[17.6569,64.487],[17.3777,64.4526],[17.357,64.4579],[17.3254,64.454],[17.3289,64.4466],[17.1362,64.4228],[16.9499,64.399],[16.9358,64.3781],[16.9209,64.3561],[16.7524,64.354],[16.7273,64.3535],[16.6678,64.336],[16.6558,64.2966],[16.6977,64.2469],[16.7444,64.234],[16.7546,64.2293],[16.7154,64.226],[16.7407,64.1963],[16.7658,64.1755],[16.7617,64.1712],[16.8014,64.1247],[16.8751,64.0373],[16.9454,64.0033],[16.8783,63.9507],[16.993,63.9387],[17.0669,63.9316],[17.1882,63.9203],[17.2615,63.9138]]]}},{"type":"Feature","properties":{"code":"2480","name":"Umeå"},"geometry":{"type":"Polygon","coordinates":[[[19.8188,63.8229],[19.7716,63.8185],[19.763,63.8094],[19.766,63.7894],[19.7361,63.7885],[19.7315,63.8152],[19.6807,63.8102],[19.7454,63.7501],[19.7516,63.7499],[19.7633,63.7427],[19.775,63.7386],[19.7792,63.7298],[19.7633,63.704],[19.7606,63.6744],[19.7463,63.6635],[19.7267,63.6484],[19.7231,63.6413],[19.748,63.603],[19.7569,63.5926],[19.7578,63.5855],[19.7499,63.5826],[19.7201,63.5854],[19.7193,63.5721],[19.7297,63.5684],[19.7358,63.5578],[19.7329,63.5509],[19.7365,63.5441],[19.7412,63.5433],[19.7472,63.5367],[19.7504,63.5274],[19.7755,63.5112],[19.8448,63.5073],[20.047,63.5078],[20.0226,63.5383],[20.014,63.5668],[20.0211,63.5743],[20.0983,63.6021],[20.1797,63.6154],[20.2318,63.6163],[20.4146,63.6216],[20.452,63.6625],[20.477,63.6887],[20.4957,63.7058],[20.6248,63.7014],[20.614,63.7529],[20.7182,63.7433],[20.8078,63.7221],[20.7245,63.5993],[20.7165,63.5544],[20.7719,63.5526],[20.842,63.5771],[20.9254,63.6492],[20.9637,63.6891],[21.0309,63.726],[21.0751,63.7755],[21.0479,63.8124],[21.0139,63.8496],[20.9947,63.8549],[20.9444,63.8678],[20.8479,63.8517],[20.8117,63.8458],[20.7501,63.8582],[20.7298,63.8631],[20.7234,63.8678],[20.7297,63.8747],[20.6773,63.885],[20.6346,63.8794],[20.6608,63.9212],[20.6879,63.9726],[20.666,63.986],[20.6427,64.009],[20.5743,64.073],[20.5647,64.082],[20.5524,64.0799],[20.56,64.0714],[20.5485,64.0697],[20.5222,64.0981],[20.5196,64.1126],[20.4564,64.1405],[20.4159,64.1885],[20.3976,64.2108],[20.3568,64.2581],[20.3375,64.257],[20.3319,64.2708],[20.3051,64.3125],[20.309,64.3179],[20.2462,64.3371],[20.2302,64.3412],[20.2093,64.3541],[20.2009,64.3641],[20.1887,64.3686],[20.1926,64.3718],[20.1088,64.3941],[20.106,64.392],[20.1032,64.3906],[20.1332,64.3741],[20.1332,64.3719],[20.1123,64.3728],[20.1009,64.361],[20.107,64.3581],[20.1159,64.354],[20.142,64.3477],[20.141,64.342],[20.117,64.3458],[20.1162,64.3403],[20.0766,64.3488],[20.0643,64.3363],[20.0497,64.3388],[20.0419,64.336],[20.0588,64.3248],[20.0319,64.3262],[20.0384,64.3225],[20.0399,64.3155],[20.0301,64.2995],[20.0245,64.2723],[20.0817,64.2668],[20.102,64.2689],[20.1005,64.2638],[20.0993,64.2406],[20.0825,64.2385],[20.0581,64.2175],[20.0708,64.2057],[20.0598,64.1948],[20.0544,64.1945],[20.0467,64.1849],[20.0205,64.1655],[20.0285,64.154],[20.0274,64.1301],[20.0182,64.117],[19.9931,64.1172],[19.9821,64.1154],[19.9416,64.1127],[19.9257,64.1318],[19.8926,64.1288],[19.8614,64.132],[19.8443,64.1238],[19.8227,64.1291],[19.8219,64.1215],[19.8241,64.1176],[19.7927,64.0847],[19.8664,64.0855],[19.8905,64.0721],[19.9404,64.0768],[19.9621,64.0434],[19.9561,64.04],[19.9509,64.0293],[19.958,64.0279],[19.948,64.0189],[19.9538,64.0176],[19.9462,64.0117],[19.9362,64.015],[19.9272,64.0033],[19.923,64.0031],[19.9123,63.9776],[19.9086,63.9735],[19.9259,63.9746],[19.9289,63.9678],[19.9216,63.966],[19.9443,63.9532],[19.9524,63.9561],[19.9553,63.9622],[19.9675,63.9606],[19.9577,63.9474],[19.9398,63.9464],[19.9337,63.9495],[19.8997,63.9371],[19.8807,63.9315],[19.8744,63.9313],[19.8553,63.9268],[19.8653,63.9135],[19.8835,63.8981],[19.8977,63.8901],[19.9083,63.8857],[19.9276,63.8823],[19.9369,63.8875],[19.9501,63.8895],[19.9623,63.8859],[19.9828,63.8876],[19.9702,63.8661],[19.9134,63.8614],[19.8778,63.8528],[19.86,63.8453],[19.8545,63.8447],[19.8451,63.8388],[19.8188,63.8229]]]}},{"type":"Feature","properties":{"code":"2481","name":"Lycksele"},"geometry":{"type":"Polygon","coordinates":[[[19.2249,64.7071],[19.2876,64.7778],[19.3117,64.8047],[19.1802,64.8469],[19.1099,64.8695],[18.8775,64.9448],[18.8017,64.9695],[18.7569,64.9844],[18.6366,65.0442],[18.5966,65.0636],[18.5947,65.0677],[18.6165,65.0739],[18.614,65.0777],[18.5987,65.0802],[18.5888,65.0834],[18.5608,65.085],[18.5564,65.0831],[18.4103,65.153],[18.3035,65.2027],[18.1681,65.2429],[18.0989,65.18],[18.0505,65.1351],[17.9743,65.0647],[18.0161,65.0643],[18.0481,65.0498],[17.9825,65.0361],[17.952,65.0439],[17.8989,64.9945],[17.9128,64.919],[17.7427,64.836],[17.7616,64.8228],[17.7506,64.818],[17.5579,64.7329],[17.5048,64.7094],[17.5481,64.6692],[17.5684,64.6721],[17.5879,64.6792],[17.6538,64.6678],[17.6543,64.6378],[17.6815,64.6246],[17.6203,64.6021],[17.6523,64.5723],[17.7081,64.5202],[17.7195,64.5095],[17.7237,64.5078],[17.7186,64.4999],[17.7408,64.4992],[17.8037,64.5223],[17.8428,64.503],[17.7887,64.4833],[17.9696,64.4147],[17.9694,64.4041],[18.0255,64.3809],[18.0378,64.3888],[18.0513,64.3837],[18.196,64.3983],[18.2042,64.393],[18.2135,64.3906],[18.2207,64.3915],[18.2482,64.3907],[18.254,64.3843],[18.252,64.3795],[18.2566,64.372],[18.2611,64.3698],[18.2629,64.3612],[18.2687,64.3583],[18.1839,64.3436],[18.2912,64.299],[18.3379,64.2758],[18.4124,64.2379],[18.4823,64.2085],[18.6516,64.137],[18.758,64.0778],[18.7884,64.0606],[18.8907,64.078],[18.8987,64.074],[18.9128,64.0797],[18.9094,64.0812],[19.0076,64.0981],[19.0094,64.0953],[19.0253,64.097],[19.0274,64.1015],[19.0715,64.109],[19.0619,64.1409],[19.1026,64.1297],[19.1125,64.1207],[19.1214,64.1214],[19.1605,64.1328],[19.13,64.1669],[19.1274,64.1808],[19.1763,64.1866],[19.1167,64.2204],[19.0773,64.2293],[19.0373,64.2223],[19.021,64.2742],[19.0034,64.3317],[18.9728,64.4276],[18.9748,64.4299],[18.975,64.4301],[19.1145,64.5845],[19.138,64.6101],[19.1787,64.6552],[19.2249,64.7071]]]}},{"type":"Feature","properties":{"code":"2482","name":"Skellefteå"},"geometry":{"type":"MultiPolygon","coordinates":[[[[21.2794,64.803],[21.3272,64.8622],[21.377,64.9232],[21.4748,64.9972],[21.579,65.0281],[21.5695,65.0526],[21.5558,65.0597],[21.544,65.0631],[21.488,65.0856],[21.3188,65.1359],[21.2827,65.1547],[21.2659,65.1635],[21.2301,65.1688],[21.1446,65.1772],[20.8872,65.2016],[20.8055,65.2093],[20.7259,65.2243],[20.5991,65.248],[20.3441,65.2995],[20.2088,65.3261],[20.11,65.3457],[19.8948,65.381],[19.7735,65.3035],[19.7038,65.2597],[19.7115,65.2575],[19.703,65.2523],[19.6957,65.2546],[19.6154,65.2036],[19.6076,65.1986],[19.5904,65.1943],[19.657,65.1513],[19.6709,65.1528],[19.6928,65.1419],[19.7017,65.1332],[19.6875,65.1266],[19.7853,65.0673],[19.8235,65.0308],[19.9804,64.9912],[20.0988,64.9421],[20.0617,64.9245],[20.0843,64.9162],[20.0958,64.9101],[20.1109,64.9068],[20.1245,64.8971],[20.1356,64.8921],[20.1482,64.8907],[20.1496,64.8854],[20.1565,64.8814],[20.1556,64.8734],[20.2162,64.8578],[20.1999,64.8512],[20.2023,64.8428],[20.2184,64.8337],[20.2173,64.8325],[20.1734,64.8403],[20.1444,64.8284],[20.1304,64.8368],[20.1068,64.828],[20.1064,64.8252],[20.1449,64.8193],[20.1299,64.7896],[20.1008,64.7944],[20.0757,64.7669],[20.0356,64.7497],[20.0337,64.7388],[20.059,64.7284],[20.0428,64.723],[20.1058,64.6893],[20.1148,64.6724],[19.984,64.6675],[19.956,64.6827],[19.951,64.6917],[19.9411,64.6901],[19.897,64.7144],[19.8148,64.7589],[19.7257,64.7572],[19.631,64.7554],[19.5009,64.7762],[19.4732,64.7805],[19.4377,64.7513],[19.4227,64.7539],[19.412,64.7509],[19.347,64.7464],[19.3831,64.7274],[19.392,64.6998],[19.4079,64.6936],[19.396,64.6894],[19.5055,64.6376],[19.6619,64.6224],[19.7113,64.5975],[19.7483,64.5868],[19.7511,64.5829],[19.7883,64.5691],[19.776,64.5619],[19.7893,64.5528],[19.8081,64.544],[19.7913,64.5328],[19.859,64.5039],[19.879,64.5124],[19.9462,64.4779],[19.9411,64.4754],[19.9919,64.4486],[19.9968,64.4518],[20.0165,64.4417],[20.04,64.4552],[20.0698,64.4399],[20.0731,64.4226],[20.082,64.4214],[20.0828,64.4148],[20.0704,64.4141],[20.0839,64.4071],[20.0893,64.4018],[20.106,64.392],[20.1088,64.3941],[20.1926,64.3718],[20.1887,64.3686],[20.2009,64.3641],[20.2093,64.3541],[20.2302,64.3412],[20.2462,64.3371],[20.309,64.3179],[20.3075,64.3281],[20.432,64.3212],[20.4377,64.3141],[20.4666,64.3122],[20.4879,64.3187],[20.4917,64.312],[20.502,64.3104],[20.5136,64.3052],[20.5165,64.3012],[20.5286,64.2993],[20.4886,64.3185],[20.4902,64.3221],[20.5368,64.3184],[20.5353,64.3162],[20.5743,64.3118],[20.5934,64.2988],[20.5997,64.3007],[20.5703,64.3181],[20.6555,64.341],[20.6667,64.3446],[20.6754,64.3402],[20.6967,64.3462],[20.704,64.3483],[20.6789,64.3613],[20.7123,64.3902],[20.748,64.3917],[20.7499,64.4195],[20.7757,64.4146],[20.7891,64.4159],[20.7937,64.4294],[20.825,64.4239],[20.8535,64.4386],[20.8816,64.4396],[20.9162,64.4301],[20.9912,64.3939],[21.004,64.3818],[21.0201,64.3603],[21.0571,64.3484],[21.0654,64.3353],[21.1487,64.3592],[21.1817,64.3269],[21.1877,64.318],[21.1853,64.3004],[21.2131,64.2764],[21.2234,64.2682],[21.28,64.269],[21.2893,64.2652],[21.4171,64.2967],[21.5171,64.367],[21.6376,64.4345],[21.6408,64.4656],[21.5899,64.5046],[21.5276,64.6035],[21.3766,64.6386],[21.3578,64.684],[21.3206,64.7171],[21.3117,64.7353],[21.3101,64.7599],[21.2794,64.803]]],[[[20.0223,65.3634],[20.0275,65.3614],[20.0366,65.3677],[19.9996,65.3727],[20.0223,65.3634]]]]}},{"type":"Feature","properties":{"code":"2505","name":"Arvidsjaur"},"geometry":{"type":"Polygon","coordinates":[[[18.5197,65.7806],[18.5134,65.7749],[18.4999,65.7773],[18.4927,65.7702],[18.5036,65.766],[18.3953,65.6647],[18.3779,65.6694],[18.258,65.6773],[18.2553,65.6229],[18.2944,65.5859],[18.1789,65.585],[18.178,65.5765],[18.1807,65.5726],[18.178,65.5661],[18.1952,65.5549],[18.2309,65.5433],[18.2487,65.5335],[18.2679,65.5245],[18.3421,65.4939],[18.4256,65.4968],[18.5033,65.4748],[18.5124,65.4634],[18.5184,65.4592],[18.522,65.452],[18.543,65.4464],[18.5704,65.4448],[18.5802,65.4401],[18.6273,65.4341],[18.6437,65.4365],[18.6549,65.4353],[18.6695,65.437],[18.7115,65.4383],[18.7296,65.4335],[18.7477,65.4233],[18.7443,65.4135],[18.7526,65.4039],[18.7743,65.3946],[18.7983,65.3885],[18.8102,65.3875],[18.82,65.3817],[18.8232,65.3768],[18.8339,65.3714],[18.851,65.3699],[18.8695,65.373],[18.8951,65.3619],[18.9302,65.3512],[18.9324,65.3469],[18.9764,65.3416],[18.9873,65.337],[19.0153,65.3308],[19.0222,65.3181],[19.0221,65.3113],[19.0332,65.3074],[19.0439,65.3058],[19.0502,65.3081],[19.0609,65.3064],[19.0725,65.3079],[19.0967,65.3051],[19.1241,65.2957],[19.1377,65.2901],[19.1488,65.2896],[19.1682,65.286],[19.1824,65.2795],[19.2023,65.2723],[19.2319,65.2659],[19.2381,65.2618],[19.2602,65.2547],[19.2729,65.2409],[19.2501,65.24],[19.2418,65.2229],[19.2442,65.2189],[19.2558,65.2105],[19.2651,65.2066],[19.2816,65.204],[19.3012,65.1967],[19.3218,65.1926],[19.3394,65.1867],[19.3444,65.1824],[19.3384,65.1796],[19.3505,65.1721],[19.3675,65.1648],[19.3709,65.1597],[19.3875,65.1496],[19.3904,65.1428],[19.4223,65.1511],[19.4308,65.1533],[19.4352,65.1487],[19.4836,65.1618],[19.4787,65.1656],[19.5904,65.1943],[19.6076,65.1986],[19.6154,65.2036],[19.6957,65.2546],[19.703,65.2523],[19.7115,65.2575],[19.7038,65.2597],[19.7735,65.3035],[19.8948,65.381],[19.8323,65.3981],[19.747,65.4209],[19.6288,65.4516],[19.6976,65.5263],[19.7574,65.5359],[19.9128,65.5169],[20.0256,65.5033],[20.1891,65.5567],[20.2172,65.5651],[20.2059,65.594],[20.1904,65.6346],[20.1623,65.7057],[20.1086,65.8471],[20.2049,65.9092],[20.1965,65.9103],[20.1976,65.9149],[20.1923,65.9195],[20.1786,65.9202],[20.1685,65.9279],[20.1545,65.927],[20.1426,65.9308],[20.1359,65.9282],[20.1164,65.934],[20.0976,65.9357],[20.0895,65.9387],[20.0742,65.9416],[20.0545,65.9423],[20.0509,65.9467],[20.0411,65.9472],[20.0324,65.9561],[20.0315,65.9627],[20.0231,65.9696],[19.9799,65.9864],[19.972,65.9922],[19.9614,65.9936],[19.9367,66.0019],[19.9321,66.0065],[19.9042,66.0154],[19.8891,66.0172],[19.88,66.0154],[19.8533,66.0146],[19.8217,66.0125],[19.8123,66.0133],[19.798,66.0171],[19.7731,66.0247],[19.7564,66.0254],[19.7146,66.0342],[19.7047,66.0349],[19.6679,66.0441],[19.6347,66.0454],[19.5848,66.0396],[19.5733,66.0439],[19.5273,66.0412],[19.501,66.0421],[19.483,66.0351],[19.464,66.043],[19.4292,66.0456],[19.4135,66.0488],[19.3985,66.0547],[19.3832,66.0567],[19.3784,66.0594],[19.3783,66.0647],[19.3691,66.0696],[19.3567,66.0702],[19.3416,66.0823],[19.3271,66.0863],[19.3128,66.0877],[19.2804,66.0933],[19.2746,66.0956],[19.2323,66.0932],[19.2247,66.0955],[19.2103,66.0947],[19.1949,66.0966],[19.1901,66.1003],[19.1702,66.0992],[19.1671,66.1023],[19.1349,66.1098],[19.1246,66.1145],[19.1048,66.1195],[19.1035,66.1244],[19.1162,66.1297],[19.0767,66.1453],[19.0321,66.1752],[18.8374,66.01],[18.6728,66.0361],[18.6187,66.0445],[18.4997,65.985],[18.4423,65.9156],[18.4623,65.8973],[18.4313,65.891],[18.4534,65.8551],[18.4865,65.8043],[18.465,65.7949],[18.5134,65.7905],[18.5249,65.7853],[18.5197,65.7806]]]}},{"type":"Feature","properties":{"code":"2506","name":"Arjeplog"},"geometry":{"type":"Polygon","coordinates":[[[18.178,65.5765],[18.1789,65.585],[18.2944,65.5859],[18.2553,65.6229],[18.258,65.6773],[18.3779,65.6694],[18.3953,65.6647],[18.5036,65.766],[18.4927,65.7702],[18.4999,65.7773],[18.5134,65.7749],[18.5197,65.7806],[18.5249,65.7853],[18.5134,65.7905],[18.465,65.7949],[18.4865,65.8043],[18.4534,65.8551],[18.4313,65.891],[18.4623,65.8973],[18.4423,65.9156],[18.4997,65.985],[18.6187,66.0445],[18.6728,66.0361],[18.8374,66.01],[19.0321,66.1752],[18.9567,66.2076],[18.9334,66.2175],[18.7394,66.3015],[18.7834,66.3929],[18.6915,66.514],[18.3123,66.604],[18.2194,66.6304],[18.1376,66.6506],[18.0668,66.6621],[17.9257,66.6833],[17.6402,66.7251],[17.5105,66.7967],[17.4049,66.8549],[17.262,66.9151],[17.0642,66.9985],[16.9528,67.0273],[16.7134,67.0891],[16.5459,67.1443],[16.4025,67.1904],[16.3909,67.0841],[16.3877,67.0455],[16.3055,67.0185],[16.1939,66.9824],[16.0387,66.9125],[15.9936,66.8732],[15.9066,66.8074],[15.8076,66.7355],[15.7164,66.667],[15.6213,66.5943],[15.5334,66.5579],[15.451,66.524],[15.3772,66.4843],[15.4304,66.3922],[15.4539,66.3454],[15.559,66.3283],[15.7714,66.2908],[16.2323,66.1407],[16.5292,66.0536],[16.6074,66.044],[16.7719,66.032],[16.9308,65.9701],[17.0007,65.9449],[17.09,65.9065],[17.2502,65.8388],[17.3581,65.7929],[17.4713,65.745],[17.5474,65.7122],[17.6756,65.6562],[17.8514,65.6236],[18.0311,65.6025],[18.034,65.5877],[18.0723,65.5767],[18.1016,65.5942],[18.1472,65.5887],[18.1443,65.5765],[18.1595,65.5744],[18.178,65.5765]]]}},{"type":"Feature","properties":{"code":"2510","name":"Jokkmokk"},"geometry":{"type":"Polygon","coordinates":[[[19.798,66.0171],[19.8123,66.0133],[19.8217,66.0125],[19.8533,66.0146],[19.88,66.0154],[19.8891,66.0172],[19.9042,66.0154],[19.9321,66.0065],[19.9367,66.0019],[19.9614,65.9936],[19.972,65.9922],[19.9799,65.9864],[20.0231,65.9696],[20.0315,65.9627],[20.0324,65.9561],[20.0411,65.9472],[20.0509,65.9467],[20.0545,65.9423],[20.0742,65.9416],[20.0895,65.9387],[20.0976,65.9357],[20.1164,65.934],[20.1359,65.9282],[20.1426,65.9308],[20.1545,65.927],[20.1685,65.9279],[20.1786,65.9202],[20.1923,65.9195],[20.1976,65.9149],[20.1965,65.9103],[20.2049,65.9092],[20.2806,65.9589],[20.362,66.0143],[20.4043,66.0495],[20.4472,66.0867],[20.5803,66.2002],[20.6023,66.2187],[20.7128,66.3092],[20.7043,66.3092],[20.7035,66.316],[20.7179,66.3132],[20.7722,66.3579],[20.8487,66.3698],[20.9709,66.3893],[20.9981,66.3926],[21.1436,66.3324],[21.1826,66.3168],[21.2741,66.2786],[21.2189,66.3387],[21.178,66.3836],[21.0542,66.52],[20.9615,66.6225],[20.884,66.6486],[20.802,66.6765],[20.6669,66.7238],[20.6326,66.7359],[20.5742,66.7513],[20.4427,66.7871],[20.2906,66.8293],[20.1557,66.8721],[19.9246,66.9453],[19.8312,66.9753],[19.8059,67.0126],[19.7841,67.0437],[19.6621,67.0946],[19.5102,67.1456],[19.313,67.1542],[19.2704,67.1779],[19.0898,67.2791],[19.0528,67.2907],[19.028,67.2936],[18.9898,67.304],[18.9742,67.3045],[18.9543,67.3073],[18.9246,67.3067],[18.8937,67.3283],[18.8783,67.3523],[18.7826,67.3856],[18.7035,67.4051],[18.6885,67.4011],[18.6713,67.3987],[18.6344,67.3969],[18.6183,67.405],[18.5729,67.4104],[18.5059,67.4008],[18.4881,67.4028],[18.4375,67.4189],[18.4171,67.4328],[18.3895,67.4415],[18.3605,67.4578],[18.3399,67.4801],[18.3282,67.4797],[18.3252,67.4762],[18.3108,67.4787],[18.3101,67.4828],[18.2579,67.4978],[18.2068,67.5235],[18.2,67.5313],[18.1899,67.5345],[18.1459,67.5611],[18.1047,67.573],[18.0413,67.579],[17.9697,67.586],[17.9582,67.5835],[17.9014,67.5868],[17.8615,67.6118],[17.8243,67.6215],[17.7485,67.6349],[17.7083,67.6355],[17.6288,67.6429],[17.5945,67.651],[17.5785,67.6574],[17.5577,67.6587],[17.5468,67.6625],[17.4513,67.6763],[17.4341,67.6936],[17.4329,67.7141],[17.4057,67.7161],[17.3652,67.7178],[17.3298,67.729],[17.3087,67.7308],[17.3002,67.7333],[17.2987,67.7393],[17.2902,67.749],[17.2524,67.7744],[17.1543,67.8059],[17.1277,67.8042],[17.1061,67.805],[17.091,67.8026],[17.0858,67.808],[17.0762,67.8127],[17.0542,67.8134],[17.0251,67.8197],[17.0142,67.824],[16.9938,67.8357],[16.9907,67.84],[16.9781,67.8445],[16.9662,67.8451],[16.961,67.8486],[16.9344,67.8547],[16.9126,67.8619],[16.9015,67.8642],[16.8903,67.8704],[16.8721,67.8759],[16.8621,67.8804],[16.8375,67.8844],[16.8366,67.8869],[16.8115,67.8901],[16.786,67.8995],[16.7741,67.8983],[16.7586,67.9022],[16.7446,67.9018],[16.7326,67.9058],[16.6789,67.8244],[16.638,67.767],[16.5799,67.6796],[16.5563,67.6472],[16.495,67.5944],[16.4076,67.5341],[16.2855,67.528],[16.158,67.5191],[16.0898,67.4353],[16.1523,67.3912],[16.33,67.262],[16.4041,67.205],[16.4025,67.1904],[16.5459,67.1443],[16.7134,67.0891],[16.9528,67.0273],[17.0642,66.9985],[17.262,66.9151],[17.4049,66.8549],[17.5105,66.7967],[17.6402,66.7251],[17.9257,66.6833],[18.0668,66.6621],[18.1376,66.6506],[18.2194,66.6304],[18.3123,66.604],[18.6915,66.514],[18.7834,66.3929],[18.7394,66.3015],[18.9334,66.2175],[18.9567,66.2076],[19.0321,66.1752],[19.0767,66.1453],[19.1162,66.1297],[19.1035,66.1244],[19.1048,66.1195],[19.1246,66.1145],[19.1349,66.1098],[19.1671,66.1023],[19.1702,66.0992],[19.1901,66.1003],[19.1949,66.0966],[19.2103,66.0947],[19.2247,66.0955],[19.2323,66.0932],[19.2746,66.0956],[19.2804,66.0933],[19.3128,66.0877],[19.3271,66.0863],[19.3416,66.0823],[19.3567,66.0702],[19.3691,66.0696],[19.3783,66.0647],[19.3784,66.0594],[19.3832,66.0567],[19.3985,66.0547],[19.4135,66.0488],[19.4292,66.0456],[19.464,66.043],[19.483,66.0351],[19.501,66.0421],[19.5273,66.0412],[19.5733,66.0439],[19.5848,66.0396],[19.6347,66.0454],[19.6679,66.0441],[19.7047,66.0349],[19.7146,66.0342],[19.7564,66.0254],[19.7731,66.0247],[19.798,66.0171]]]}},{"type":"Feature","properties":{"code":"2513","name":"Överkalix"},"geometry":{"type":"MultiPolygon","coordinates":[[[[23.1678,66.2982],[23.1644,66.3024],[23.1381,66.3335],[23.2169,66.3471],[23.1933,66.3687],[23.1614,66.363],[23.1113,66.4041],[23.115,66.4088],[23.1122,66.4155],[23.1159,66.4187],[23.1182,66.4306],[23.1116,66.4402],[23.1142,66.4493],[23.1049,66.4654],[23.101,66.4789],[23.0934,66.5021],[23.0828,66.5413],[23.0633,66.6197],[23.0538,66.6538],[23.0401,66.6529],[23.0317,66.6585],[23.028,66.6609],[22.9995,66.659],[22.9358,66.6737],[22.9461,66.6615],[22.9335,66.6596],[22.9176,66.6778],[22.8096,66.7027],[22.7868,66.7216],[22.7697,66.7183],[22.7865,66.708],[22.6616,66.7358],[22.4698,66.7758],[22.4271,66.8086],[22.4198,66.8079],[22.4173,66.7945],[22.3888,66.7922],[22.1342,66.8432],[22.1267,66.8339],[22.1585,66.8125],[22.1304,66.8061],[22.107,66.8097],[22.0442,66.732],[21.9708,66.6693],[22.1225,66.6057],[22.1145,66.6051],[22.1121,66.6004],[22.122,66.5998],[22.1117,66.4864],[22.1099,66.4566],[21.9467,66.4323],[21.9907,66.3992],[22.1464,66.2833],[22.1948,66.2468],[22.338,66.1362],[22.3737,66.1544],[22.3666,66.1584],[22.3871,66.1697],[22.4094,66.1728],[22.5351,66.2388],[22.6075,66.2212],[22.8133,66.1698],[22.919,66.1682],[22.9016,66.1525],[22.9559,66.1358],[22.981,66.1459],[22.9748,66.1641],[22.9749,66.1675],[23.1303,66.1654],[23.2144,66.1644],[23.2181,66.1601],[23.2259,66.1599],[23.2384,66.1881],[23.2398,66.226],[23.2426,66.2298],[23.2345,66.2398],[23.2232,66.2414],[23.2155,66.245],[23.2165,66.2531],[23.1987,66.2726],[23.2044,66.2753],[23.1973,66.2793],[23.2001,66.2855],[23.1872,66.2861],[23.1759,66.2886],[23.1678,66.2982]]],[[[23.1426,66.417],[23.1517,66.3938],[23.1623,66.3944],[23.1707,66.4088],[23.1681,66.4155],[23.1426,66.417]]]]}},{"type":"Feature","properties":{"code":"2514","name":"Kalix"},"geometry":{"type":"Polygon","coordinates":[[[23.4729,65.9559],[23.4158,66.002],[23.3998,66.0149],[23.3319,66.0466],[23.3585,66.0526],[23.2987,66.0707],[23.2765,66.0722],[23.2649,66.079],[23.2506,66.0841],[23.2039,66.1056],[23.2263,66.1594],[23.2259,66.1599],[23.2181,66.1601],[23.2144,66.1644],[23.1303,66.1654],[22.9749,66.1675],[22.9748,66.1641],[22.981,66.1459],[22.9559,66.1358],[22.9016,66.1525],[22.919,66.1682],[22.8133,66.1698],[22.6075,66.2212],[22.5351,66.2388],[22.4094,66.1728],[22.3871,66.1697],[22.3666,66.1584],[22.3737,66.1544],[22.338,66.1362],[22.4122,66.0762],[22.4179,66.0691],[22.4281,66.0623],[22.4671,66.0176],[22.4889,65.9919],[22.494,65.9885],[22.542,65.9563],[22.5378,65.9338],[22.559,65.9057],[22.5946,65.8452],[22.6274,65.7959],[22.6313,65.7903],[22.64,65.787],[22.6452,65.7823],[22.6575,65.7755],[22.6477,65.7683],[22.6045,65.7489],[22.6369,65.7379],[22.652,65.7256],[22.6922,65.7339],[22.7108,65.7308],[22.717,65.7103],[22.7355,65.7112],[22.7454,65.7091],[22.7477,65.6981],[22.8014,65.6981],[22.8349,65.6913],[22.8765,65.6369],[23.0887,65.627],[23.4206,65.6641],[23.4506,65.6674],[23.609,65.6465],[23.622,65.6908],[23.6174,65.734],[23.6112,65.7608],[23.6086,65.7723],[23.5833,65.7821],[23.5701,65.7833],[23.5733,65.7942],[23.5993,65.8681],[23.5238,65.9209],[23.4729,65.9559]]]}},{"type":"Feature","properties":{"code":"2518","name":"Övertorneå"},"geometry":{"type":"MultiPolygon","coordinates":[[[[23.7965,66.1257],[23.815,66.1293],[23.8077,66.1361],[23.7913,66.1368],[23.7965,66.1257]]],[[[23.1644,66.3024],[23.1678,66.2982],[23.1759,66.2886],[23.1872,66.2861],[23.2001,66.2855],[23.1973,66.2793],[23.2044,66.2753],[23.1987,66.2726],[23.2165,66.2531],[23.2155,66.245],[23.2232,66.2414],[23.2345,66.2398],[23.2426,66.2298],[23.2398,66.226],[23.2384,66.1881],[23.2259,66.1599],[23.2263,66.1594],[23.2039,66.1056],[23.2506,66.0841],[23.2649,66.079],[23.2765,66.0722],[23.2987,66.0707],[23.3585,66.0526],[23.5268,66.0902],[23.5332,66.0843],[23.5491,66.0869],[23.5464,66.0946],[23.5539,66.0962],[23.5604,66.0916],[23.5779,66.0959],[23.5719,66.1002],[23.6596,66.1197],[23.6658,66.1158],[23.683,66.0982],[23.7747,66.1127],[23.75,66.1393],[23.8579,66.1624],[23.8789,66.1658],[23.867,66.1654],[23.8579,66.1715],[23.8322,66.1701],[23.8148,66.1772],[23.788,66.1864],[23.7617,66.1909],[23.7326,66.1938],[23.7263,66.1997],[23.7334,66.206],[23.726,66.2133],[23.7112,66.2167],[23.7018,66.2209],[23.695,66.2276],[23.6947,66.2342],[23.7015,66.2419],[23.6905,66.2504],[23.6758,66.2545],[23.6668,66.261],[23.6702,66.2644],[23.672,66.2747],[23.6628,66.2819],[23.6629,66.2879],[23.6582,66.2932],[23.6458,66.3015],[23.6507,66.3096],[23.6578,66.32],[23.6602,66.3355],[23.6576,66.34],[23.6572,66.3496],[23.6636,66.3595],[23.669,66.3612],[23.6762,66.3699],[23.6858,66.3772],[23.6892,66.3875],[23.6839,66.3931],[23.668,66.3978],[23.6596,66.4101],[23.652,66.4185],[23.6428,66.4249],[23.6435,66.4356],[23.6477,66.4395],[23.65,66.4547],[23.6583,66.4609],[23.6723,66.4646],[23.688,66.4733],[23.6975,66.4754],[23.7073,66.4737],[23.7198,66.4772],[23.7141,66.4923],[23.7252,66.4974],[23.7272,66.5059],[23.7346,66.5081],[23.7427,66.5037],[23.7522,66.505],[23.7613,66.5102],[23.7787,66.5149],[23.7954,66.5174],[23.7975,66.5226],[23.7844,66.5334],[23.786,66.5363],[23.8259,66.5488],[23.8387,66.5549],[23.858,66.5579],[23.8634,66.5688],[23.8713,66.5729],[23.8782,66.583],[23.875,66.5871],[23.8766,66.6039],[23.8852,66.6154],[23.8784,66.6197],[23.8701,66.6294],[23.8723,66.6427],[23.8657,66.6497],[23.8647,66.6548],[23.8724,66.663],[23.8755,66.672],[23.8867,66.6752],[23.8861,66.6813],[23.8887,66.6957],[23.8981,66.7063],[23.8951,66.7112],[23.9078,66.7212],[23.8894,66.739],[23.8861,66.7502],[23.8766,66.7535],[23.8815,66.7651],[23.8984,66.7706],[23.9106,66.7702],[23.9163,66.7734],[23.9157,66.7781],[23.9077,66.7933],[23.9155,66.796],[23.9298,66.7941],[23.9364,66.7897],[23.9588,66.7823],[23.9741,66.7832],[23.9819,66.7861],[23.9828,66.7901],[23.9767,66.7983],[23.9877,66.8028],[23.9882,66.8125],[23.9953,66.8218],[23.982,66.8347],[23.9723,66.84],[23.9687,66.8504],[23.9534,66.8627],[23.9528,66.8667],[23.943,66.8725],[23.9363,66.8835],[23.9188,66.8864],[23.9015,66.9008],[23.8892,66.9072],[23.7754,66.9195],[23.6907,66.9286],[23.4742,66.951],[23.4852,66.9361],[23.474,66.9358],[23.4632,66.9522],[23.2532,66.9738],[23.2954,66.9004],[23.3533,66.8],[23.3839,66.7481],[23.4194,66.6857],[23.2177,66.6735],[23.1875,66.7003],[23.1813,66.6994],[23.2055,66.6728],[23.0465,66.6622],[23.0317,66.6585],[23.0401,66.6529],[23.0538,66.6538],[23.0633,66.6197],[23.0828,66.5413],[23.0934,66.5021],[23.101,66.4789],[23.1049,66.4654],[23.1142,66.4493],[23.1116,66.4402],[23.1182,66.4306],[23.1159,66.4187],[23.1122,66.4155],[23.115,66.4088],[23.1113,66.4041],[23.1614,66.363],[23.1933,66.3687],[23.2169,66.3471],[23.1381,66.3335],[23.1644,66.3024]],[[23.1426,66.417],[23.1681,66.4155],[23.1707,66.4088],[23.1623,66.3944],[23.1517,66.3938],[23.1426,66.417]],[[23.8256,66.9072],[23.8431,66.9051],[23.8637,66.876],[23.8439,66.8753],[23.8391,66.8941],[23.8064,66.9069],[23.8096,66.9091],[23.8256,66.9072]]]]}},{"type":"Feature","properties":{"code":"2521","name":"Pajala"},"geometry":{"type":"MultiPolygon","coordinates":[[[[23.7754,66.9195],[23.8892,66.9072],[23.8643,66.9191],[23.8634,66.9293],[23.868,66.9358],[23.8638,66.938],[23.8603,66.9458],[23.8619,66.9543],[23.8481,66.9595],[23.8341,66.9597],[23.8267,66.9629],[23.8263,66.9682],[23.8181,66.9732],[23.8176,66.979],[23.8097,66.9794],[23.7981,66.9845],[23.8011,66.9891],[23.7923,66.9942],[23.7711,67.0002],[23.7547,67.0101],[23.7369,67.019],[23.7279,67.0299],[23.7155,67.0344],[23.7135,67.0438],[23.7042,67.0454],[23.6974,67.0528],[23.6845,67.0577],[23.6706,67.0668],[23.6641,67.0763],[23.6671,67.0839],[23.6535,67.1044],[23.6366,67.1108],[23.624,67.1198],[23.6207,67.1257],[23.6091,67.1305],[23.5958,67.1392],[23.5836,67.1512],[23.5555,67.1665],[23.5512,67.1712],[23.5564,67.1777],[23.5677,67.1854],[23.5879,67.1907],[23.5849,67.198],[23.5957,67.2071],[23.5801,67.2136],[23.5649,67.2228],[23.5494,67.2239],[23.5483,67.2277],[23.5605,67.2348],[23.5616,67.2388],[23.5513,67.2476],[23.5638,67.2498],[23.5692,67.2529],[23.561,67.26],[23.5776,67.269],[23.6108,67.274],[23.6204,67.2715],[23.6326,67.2731],[23.6464,67.2776],[23.6712,67.2803],[23.6926,67.284],[23.7171,67.2816],[23.7304,67.289],[23.7492,67.3163],[23.7489,67.3219],[23.7565,67.3238],[23.7552,67.3278],[23.7721,67.3348],[23.7751,67.3393],[23.7584,67.3493],[23.7452,67.3481],[23.7376,67.3525],[23.7411,67.3564],[23.7301,67.3678],[23.7344,67.3794],[23.7172,67.3853],[23.721,67.3925],[23.731,67.3947],[23.7527,67.4089],[23.751,67.418],[23.7645,67.4282],[23.7594,67.4338],[23.7368,67.4386],[23.7081,67.4459],[23.6972,67.4454],[23.6821,67.4422],[23.6665,67.4433],[23.6567,67.4468],[23.6455,67.447],[23.6026,67.4537],[23.579,67.4544],[23.5628,67.4596],[23.5425,67.4613],[23.5312,67.4596],[23.5179,67.4529],[23.5099,67.4465],[23.4975,67.446],[23.484,67.4502],[23.4564,67.4548],[23.4393,67.4599],[23.4304,67.4645],[23.4133,67.4665],[23.4066,67.4704],[23.4041,67.4787],[23.3964,67.4827],[23.3964,67.4901],[23.4066,67.4966],[23.4082,67.502],[23.4231,67.5039],[23.4356,67.5101],[23.436,67.5179],[23.454,67.5248],[23.4758,67.5305],[23.4838,67.5408],[23.4745,67.5469],[23.4675,67.5483],[23.4554,67.5604],[23.4678,67.5656],[23.4848,67.567],[23.5064,67.5631],[23.5131,67.5652],[23.5261,67.573],[23.5277,67.5762],[23.5392,67.5787],[23.5442,67.5825],[23.5419,67.5981],[23.5388,67.6016],[23.5461,67.6127],[23.5583,67.6191],[23.553,67.623],[23.5423,67.6235],[23.5406,67.6304],[23.5329,67.6376],[23.5136,67.6471],[23.4929,67.6639],[23.492,67.6689],[23.4966,67.6728],[23.4964,67.6843],[23.4896,67.6882],[23.4927,67.6945],[23.4773,67.7014],[23.4832,67.7063],[23.4839,67.7117],[23.4774,67.7169],[23.4788,67.7247],[23.4871,67.7304],[23.475,67.7388],[23.486,67.7465],[23.4919,67.7554],[23.492,67.764],[23.4841,67.7723],[23.4851,67.7785],[23.4933,67.7847],[23.493,67.7932],[23.4794,67.8027],[23.4727,67.818],[23.4821,67.8288],[23.4783,67.8432],[23.4906,67.8484],[23.4902,67.8554],[23.4937,67.8629],[23.5056,67.8712],[23.5071,67.8786],[23.5208,67.8861],[23.5395,67.8895],[23.5541,67.8982],[23.5716,67.8927],[23.5869,67.8951],[23.5921,67.9015],[23.6085,67.9065],[23.6208,67.9083],[23.6431,67.9167],[23.6448,67.9265],[23.6564,67.9375],[23.6648,67.9412],[23.6591,67.9475],[23.6505,67.9514],[23.6522,67.9593],[23.6344,67.9664],[23.6032,67.9717],[23.5819,67.9713],[23.5729,67.9727],[23.5498,67.9845],[23.5398,67.9912],[23.5347,67.9977],[23.5376,68.0033],[23.5303,68.0069],[23.5098,68.0103],[23.4996,68.0133],[23.4784,68.0166],[23.4658,68.0213],[23.4657,68.0304],[23.4438,68.0372],[23.4304,68.0378],[23.3975,68.044],[23.3845,68.0511],[23.3866,68.056],[23.3726,68.0598],[23.3727,68.0678],[23.3612,68.0794],[23.3612,68.0846],[23.3369,68.1005],[23.3355,68.1079],[23.3251,68.1174],[23.3308,68.1226],[23.3219,68.1286],[23.32,68.1371],[23.3054,68.1455],[23.307,68.149],[23.2906,68.1498],[23.2864,68.1545],[23.0269,67.9825],[22.8131,67.8387],[22.674,67.8017],[22.5926,67.7799],[22.4646,67.7459],[22.3913,67.6936],[22.3253,67.6467],[22.3418,67.6432],[22.333,67.6367],[22.316,67.6402],[22.2255,67.5754],[22.2151,67.5775],[22.2102,67.574],[22.2205,67.5718],[22.1951,67.5536],[22.1351,67.4975],[22.0589,67.4262],[22.0171,67.396],[21.9623,67.3562],[21.8452,67.2709],[21.88,67.2371],[22.055,67.064],[22.199,66.9193],[22.1342,66.8432],[22.3888,66.7922],[22.4173,66.7945],[22.4198,66.8079],[22.4271,66.8086],[22.4698,66.7758],[22.6616,66.7358],[22.7865,66.708],[22.7697,66.7183],[22.7868,66.7216],[22.8096,66.7027],[22.9176,66.6778],[22.9335,66.6596],[22.9461,66.6615],[22.9358,66.6737],[22.9995,66.659],[23.028,66.6609],[23.0317,66.6585],[23.0465,66.6622],[23.2055,66.6728],[23.1813,66.6994],[23.1875,66.7003],[23.2177,66.6735],[23.4194,66.6857],[23.3839,66.7481],[23.3533,66.8],[23.2954,66.9004],[23.2532,66.9738],[23.4632,66.9522],[23.474,66.9358],[23.4852,66.9361],[23.4742,66.951],[23.6907,66.9286],[23.7754,66.9195]]],[[[23.8256,66.9072],[23.8096,66.9091],[23.8064,66.9069],[23.8391,66.8941],[23.8439,66.8753],[23.8637,66.876],[23.8431,66.9051],[23.8256,66.9072]]]]}},{"type":"Feature","properties":{"code":"2523","name":"Gällivare"},"geometry":{"type":"Polygon","coordinates":[[[22.199,66.9193],[22.055,67.064],[21.88,67.2371],[21.8452,67.2709],[21.9623,67.3562],[21.9539,67.3581],[21.9368,67.3666],[21.9314,67.3671],[21.9174,67.3772],[21.8979,67.3815],[21.8895,67.3858],[21.8854,67.3912],[21.9151,67.3958],[21.9189,67.3989],[21.9087,67.4049],[21.9098,67.4115],[21.8911,67.4198],[21.865,67.4286],[21.8432,67.4297],[21.8333,67.4375],[21.8219,67.4423],[21.8022,67.4482],[21.7849,67.4504],[21.6555,67.4568],[21.5418,67.4625],[21.5034,67.4703],[21.4775,67.4701],[21.4662,67.475],[21.4599,67.4713],[21.4408,67.4739],[21.4224,67.4715],[21.4187,67.4691],[21.3878,67.475],[21.355,67.4848],[21.3268,67.4816],[21.3173,67.477],[21.2948,67.4737],[21.2624,67.4733],[21.2366,67.4773],[21.2174,67.4814],[21.1856,67.4806],[21.1676,67.484],[21.1387,67.4855],[21.127,67.4883],[21.1101,67.4885],[21.0907,67.4904],[21.0679,67.4949],[21.0676,67.5016],[21.0432,67.5117],[21.0368,67.5119],[21.0183,67.517],[21.0154,67.5216],[20.9948,67.5261],[20.9696,67.5327],[20.9679,67.5359],[20.9571,67.5391],[20.9361,67.5504],[20.916,67.5549],[20.917,67.5601],[20.9057,67.5655],[20.8946,67.5665],[20.8579,67.5794],[20.8546,67.5817],[20.8242,67.5904],[20.8192,67.5938],[20.7842,67.604],[20.7735,67.6079],[20.7725,67.614],[20.753,67.6194],[20.7293,67.6274],[20.7159,67.6298],[20.7153,67.6338],[20.7021,67.6399],[20.6709,67.6481],[20.6239,67.6585],[20.611,67.6629],[20.5875,67.6655],[20.5729,67.6717],[20.5596,67.6729],[20.5495,67.6766],[20.5333,67.678],[20.5309,67.6803],[20.4963,67.688],[20.4706,67.6885],[20.4651,67.6911],[20.4486,67.6929],[20.4328,67.6976],[20.4012,67.704],[20.3783,67.7141],[20.3712,67.7203],[20.3523,67.7293],[20.3312,67.7349],[20.3164,67.7308],[20.3012,67.7309],[20.2809,67.731],[20.273,67.7265],[20.2581,67.7233],[20.2229,67.7218],[20.1785,67.7323],[20.1647,67.7308],[20.1515,67.7364],[20.1286,67.7427],[20.118,67.7475],[20.0827,67.75],[20.0555,67.7458],[20.0422,67.7427],[20.0091,67.7458],[19.9774,67.7633],[19.9639,67.7666],[19.9518,67.7737],[19.924,67.7805],[19.873,67.7866],[19.8525,67.7942],[19.8357,67.7959],[19.8132,67.8014],[19.809,67.8056],[19.7813,67.8149],[19.702,67.8132],[19.6638,67.8192],[19.6534,67.8223],[19.6419,67.821],[19.6341,67.8247],[19.6358,67.8281],[19.6042,67.8296],[19.5607,67.8309],[19.5383,67.8323],[19.5063,67.8361],[19.4844,67.8376],[19.4663,67.8436],[19.451,67.8464],[19.4082,67.8522],[19.3216,67.8563],[19.2492,67.8484],[19.237,67.8481],[19.1807,67.8508],[19.13,67.8502],[19.0818,67.8514],[19.005,67.8573],[18.8526,67.8445],[18.8388,67.8486],[18.812,67.8509],[18.7826,67.8521],[18.3519,67.8543],[18.1865,67.8951],[17.8997,67.9693],[17.6647,68.0384],[17.4959,68.0747],[17.2815,68.1188],[17.1806,68.0504],[17.0429,68.0108],[16.9538,67.9844],[16.9081,67.97],[16.8336,67.9452],[16.7381,67.9142],[16.7326,67.9058],[16.7446,67.9018],[16.7586,67.9022],[16.7741,67.8983],[16.786,67.8995],[16.8115,67.8901],[16.8366,67.8869],[16.8375,67.8844],[16.8621,67.8804],[16.8721,67.8759],[16.8903,67.8704],[16.9015,67.8642],[16.9126,67.8619],[16.9344,67.8547],[16.961,67.8486],[16.9662,67.8451],[16.9781,67.8445],[16.9907,67.84],[16.9938,67.8357],[17.0142,67.824],[17.0251,67.8197],[17.0542,67.8134],[17.0762,67.8127],[17.0858,67.808],[17.091,67.8026],[17.1061,67.805],[17.1277,67.8042],[17.1543,67.8059],[17.2524,67.7744],[17.2902,67.749],[17.2987,67.7393],[17.3002,67.7333],[17.3087,67.7308],[17.3298,67.729],[17.3652,67.7178],[17.4057,67.7161],[17.4329,67.7141],[17.4341,67.6936],[17.4513,67.6763],[17.5468,67.6625],[17.5577,67.6587],[17.5785,67.6574],[17.5945,67.651],[17.6288,67.6429],[17.7083,67.6355],[17.7485,67.6349],[17.8243,67.6215],[17.8615,67.6118],[17.9014,67.5868],[17.9582,67.5835],[17.9697,67.586],[18.0413,67.579],[18.1047,67.573],[18.1459,67.5611],[18.1899,67.5345],[18.2,67.5313],[18.2068,67.5235],[18.2579,67.4978],[18.3101,67.4828],[18.3108,67.4787],[18.3252,67.4762],[18.3282,67.4797],[18.3399,67.4801],[18.3605,67.4578],[18.3895,67.4415],[18.4171,67.4328],[18.4375,67.4189],[18.4881,67.4028],[18.5059,67.4008],[18.5729,67.4104],[18.6183,67.405],[18.6344,67.3969],[18.6713,67.3987],[18.6885,67.4011],[18.7035,67.4051],[18.7826,67.3856],[18.8783,67.3523],[18.8937,67.3283],[18.9246,67.3067],[18.9543,67.3073],[18.9742,67.3045],[18.9898,67.304],[19.028,67.2936],[19.0528,67.2907],[19.0898,67.2791],[19.2704,67.1779],[19.313,67.1542],[19.5102,67.1456],[19.6621,67.0946],[19.7841,67.0437],[19.8059,67.0126],[19.8312,66.9753],[19.9246,66.9453],[20.1557,66.8721],[20.2906,66.8293],[20.4427,66.7871],[20.5742,66.7513],[20.6326,66.7359],[20.6669,66.7238],[20.802,66.6765],[20.884,66.6486],[20.9615,66.6225],[21.0542,66.52],[21.178,66.3836],[21.2189,66.3387],[21.2741,66.2786],[21.3785,66.3002],[21.4519,66.325],[21.5485,66.3567],[21.5777,66.3653],[21.6389,66.3845],[21.7343,66.3988],[21.7848,66.4072],[21.8481,66.4174],[21.9467,66.4323],[22.1099,66.4566],[22.1117,66.4864],[22.122,66.5998],[22.1121,66.6004],[22.1145,66.6051],[22.1225,66.6057],[21.9708,66.6693],[22.0442,66.732],[22.107,66.8097],[22.1304,66.8061],[22.1585,66.8125],[22.1267,66.8339],[22.1342,66.8432],[22.199,66.9193]]]}},{"type":"Feature","properties":{"code":"2560","name":"Älvsbyn"},"geometry":{"type":"Polygon","coordinates":[[[20.525,65.6279],[20.5547,65.6174],[20.6081,65.5994],[20.6204,65.5905],[20.6388,65.584],[20.6593,65.5832],[20.7038,65.5762],[20.6926,65.5702],[20.7399,65.554],[20.7577,65.5598],[20.7648,65.5532],[20.8832,65.5354],[20.8786,65.5331],[20.9108,65.5211],[20.9369,65.5145],[20.9446,65.5111],[20.9687,65.5317],[20.9736,65.5277],[20.9856,65.5235],[20.9856,65.5178],[20.9955,65.5099],[21.0105,65.5153],[21.0604,65.5241],[21.0552,65.5291],[21.0611,65.5308],[21.0863,65.5427],[21.0969,65.5519],[21.1206,65.537],[21.1228,65.5491],[21.1317,65.5529],[21.1616,65.5621],[21.1698,65.5586],[21.1815,65.5564],[21.1877,65.5592],[21.175,65.5671],[21.187,65.5701],[21.1442,65.6003],[21.2313,65.6241],[21.3583,65.6584],[21.3361,65.6717],[21.3077,65.6866],[21.2559,65.7112],[21.2149,65.7313],[21.1632,65.7545],[21.1132,65.7774],[21.0161,65.8161],[20.9606,65.8372],[20.9128,65.8548],[20.8436,65.878],[20.7673,65.9022],[20.7261,65.9145],[20.6097,65.9475],[20.4942,65.9794],[20.362,66.0143],[20.2806,65.9589],[20.2049,65.9092],[20.1086,65.8471],[20.1623,65.7057],[20.1904,65.6346],[20.2059,65.594],[20.2489,65.596],[20.2881,65.6034],[20.2884,65.6053],[20.3157,65.609],[20.322,65.6039],[20.3349,65.6009],[20.3516,65.5993],[20.3511,65.5963],[20.3773,65.5961],[20.3932,65.5923],[20.4043,65.597],[20.4582,65.6112],[20.4899,65.6],[20.525,65.6279]]]}},{"type":"Feature","properties":{"code":"2580","name":"Luleå"},"geometry":{"type":"Polygon","coordinates":[[[22.1148,65.8485],[22.1079,65.845],[22.0135,65.8732],[22.0193,65.8643],[22.0327,65.8539],[22.0421,65.8424],[22.0373,65.8384],[22.0414,65.8338],[22.0365,65.8292],[22.0273,65.8252],[22.0015,65.8264],[21.9928,65.8238],[21.9877,65.8193],[21.8935,65.8015],[21.8898,65.8012],[21.8893,65.7829],[21.8927,65.7827],[21.9286,65.7529],[21.8594,65.7366],[21.8324,65.7277],[21.799,65.7131],[21.7845,65.7115],[21.8001,65.6972],[21.7472,65.6868],[21.7458,65.6878],[21.6713,65.6732],[21.6462,65.6684],[21.6027,65.6804],[21.5949,65.6841],[21.5825,65.6959],[21.5715,65.6993],[21.5627,65.709],[21.5295,65.7171],[21.5117,65.7223],[21.5143,65.7246],[21.5053,65.7288],[21.4795,65.7148],[21.5129,65.6891],[21.4823,65.6633],[21.4694,65.6675],[21.4626,65.6739],[21.4726,65.6822],[21.4642,65.6906],[21.3361,65.6717],[21.3583,65.6584],[21.38,65.6457],[21.3864,65.6178],[21.396,65.6195],[21.4899,65.5913],[21.5299,65.5722],[21.5634,65.5566],[21.671,65.5083],[21.7345,65.4798],[21.8261,65.4547],[21.9151,65.3981],[21.9375,65.3623],[22.019,65.3167],[22.8489,65.2789],[22.8813,65.2849],[22.8991,65.3603],[22.9516,65.5297],[22.8765,65.6369],[22.8349,65.6913],[22.8014,65.6981],[22.7477,65.6981],[22.7454,65.7091],[22.7355,65.7112],[22.717,65.7103],[22.7108,65.7308],[22.6922,65.7339],[22.652,65.7256],[22.6369,65.7379],[22.6045,65.7489],[22.6477,65.7683],[22.6575,65.7755],[22.6452,65.7823],[22.64,65.787],[22.6313,65.7903],[22.6274,65.7959],[22.5946,65.8452],[22.559,65.9057],[22.5378,65.9338],[22.542,65.9563],[22.494,65.9885],[22.4889,65.9919],[22.4671,66.0176],[22.4281,66.0623],[22.4179,66.0691],[22.4122,66.0762],[22.338,66.1362],[22.1948,66.2468],[22.1464,66.2833],[22.069,66.2669],[22.0824,66.2547],[22.0265,66.2401],[22.0323,66.2092],[22.0316,66.2027],[22.0615,66.1834],[22.0256,66.1736],[22.0186,66.1572],[21.9911,66.1546],[21.9778,66.1605],[21.9693,66.1547],[21.9897,66.15],[22.0198,66.1222],[22.0231,66.1085],[22.0707,66.1107],[22.0752,66.0869],[22.0311,66.0846],[22.0363,66.0701],[22.0082,66.0732],[22.0136,66.0606],[21.977,66.056],[21.94,66.0374],[21.9094,66.0014],[21.9042,65.9979],[21.8911,66.0017],[21.8819,65.9911],[21.8562,65.99],[21.8513,65.9785],[21.8683,65.9573],[21.8774,65.9555],[21.9682,65.9444],[22.0072,65.919],[22.0225,65.9046],[22.0495,65.8795],[22.1148,65.8485]]]}},{"type":"Feature","properties":{"code":"2581","name":"Piteå"},"geometry":{"type":"Polygon","coordinates":[[[21.9689,65.1951],[22.019,65.3167],[21.9375,65.3623],[21.9151,65.3981],[21.8261,65.4547],[21.7345,65.4798],[21.671,65.5083],[21.5634,65.5566],[21.5299,65.5722],[21.4899,65.5913],[21.396,65.6195],[21.3864,65.6178],[21.38,65.6457],[21.3583,65.6584],[21.2313,65.6241],[21.1442,65.6003],[21.187,65.5701],[21.175,65.5671],[21.1877,65.5592],[21.1815,65.5564],[21.1698,65.5586],[21.1616,65.5621],[21.1317,65.5529],[21.1228,65.5491],[21.1206,65.537],[21.0969,65.5519],[21.0863,65.5427],[21.0611,65.5308],[21.0552,65.5291],[21.0604,65.5241],[21.0105,65.5153],[20.9955,65.5099],[20.9856,65.5178],[20.9856,65.5235],[20.9736,65.5277],[20.9687,65.5317],[20.9446,65.5111],[20.9369,65.5145],[20.9108,65.5211],[20.8786,65.5331],[20.8832,65.5354],[20.7648,65.5532],[20.7577,65.5598],[20.7399,65.554],[20.6926,65.5702],[20.7038,65.5762],[20.6593,65.5832],[20.6388,65.584],[20.6204,65.5905],[20.6081,65.5994],[20.5547,65.6174],[20.525,65.6279],[20.4899,65.6],[20.4582,65.6112],[20.4043,65.597],[20.3932,65.5923],[20.3773,65.5961],[20.3511,65.5963],[20.3516,65.5993],[20.3349,65.6009],[20.322,65.6039],[20.3157,65.609],[20.2884,65.6053],[20.2881,65.6034],[20.2489,65.596],[20.2059,65.594],[20.2172,65.5651],[20.1891,65.5567],[20.0256,65.5033],[19.9128,65.5169],[19.7574,65.5359],[19.6976,65.5263],[19.6288,65.4516],[19.747,65.4209],[19.8323,65.3981],[19.8948,65.381],[20.11,65.3457],[20.2088,65.3261],[20.3441,65.2995],[20.5991,65.248],[20.7259,65.2243],[20.8055,65.2093],[20.8872,65.2016],[21.1446,65.1772],[21.2301,65.1688],[21.2659,65.1635],[21.2827,65.1547],[21.3188,65.1359],[21.488,65.0856],[21.544,65.0631],[21.5558,65.0597],[21.572,65.0533],[21.756,65.1052],[21.8045,65.1256],[21.894,65.1254],[21.909,65.15],[21.9633,65.1814],[21.9689,65.1951]],[[20.0223,65.3634],[19.9996,65.3727],[20.0366,65.3677],[20.0275,65.3614],[20.0223,65.3634]]]}},{"type":"Feature","properties":{"code":"2582","name":"Boden"},"geometry":{"type":"Polygon","coordinates":[[[21.8898,65.8012],[21.8935,65.8015],[21.9877,65.8193],[21.9928,65.8238],[22.0015,65.8264],[22.0273,65.8252],[22.0365,65.8292],[22.0414,65.8338],[22.0373,65.8384],[22.0421,65.8424],[22.0327,65.8539],[22.0193,65.8643],[22.0135,65.8732],[22.1079,65.845],[22.1148,65.8485],[22.0495,65.8795],[22.0225,65.9046],[22.0072,65.919],[21.9682,65.9444],[21.8774,65.9555],[21.8683,65.9573],[21.8513,65.9785],[21.8562,65.99],[21.8819,65.9911],[21.8911,66.0017],[21.9042,65.9979],[21.9094,66.0014],[21.94,66.0374],[21.977,66.056],[22.0136,66.0606],[22.0082,66.0732],[22.0363,66.0701],[22.0311,66.0846],[22.0752,66.0869],[22.0707,66.1107],[22.0231,66.1085],[22.0198,66.1222],[21.9897,66.15],[21.9693,66.1547],[21.9778,66.1605],[21.9911,66.1546],[22.0186,66.1572],[22.0256,66.1736],[22.0615,66.1834],[22.0316,66.2027],[22.0323,66.2092],[22.0265,66.2401],[22.0824,66.2547],[22.069,66.2669],[22.1464,66.2833],[21.9907,66.3992],[21.9467,66.4323],[21.8481,66.4174],[21.7848,66.4072],[21.7343,66.3988],[21.6389,66.3845],[21.5777,66.3653],[21.5485,66.3567],[21.4519,66.325],[21.3785,66.3002],[21.2741,66.2786],[21.1826,66.3168],[21.1436,66.3324],[20.9981,66.3926],[20.9709,66.3893],[20.8487,66.3698],[20.7722,66.3579],[20.7179,66.3132],[20.7035,66.316],[20.7043,66.3092],[20.7128,66.3092],[20.6023,66.2187],[20.5803,66.2002],[20.4472,66.0867],[20.4043,66.0495],[20.362,66.0143],[20.4942,65.9794],[20.6097,65.9475],[20.7261,65.9145],[20.7673,65.9022],[20.8436,65.878],[20.9128,65.8548],[20.9606,65.8372],[21.0161,65.8161],[21.1132,65.7774],[21.1632,65.7545],[21.2149,65.7313],[21.2559,65.7112],[21.3077,65.6866],[21.3361,65.6717],[21.4642,65.6906],[21.4726,65.6822],[21.4626,65.6739],[21.4694,65.6675],[21.4823,65.6633],[21.5129,65.6891],[21.4795,65.7148],[21.5053,65.7288],[21.5143,65.7246],[21.5117,65.7223],[21.5295,65.7171],[21.5627,65.709],[21.5715,65.6993],[21.5825,65.6959],[21.5949,65.6841],[21.6027,65.6804],[21.6462,65.6684],[21.6713,65.6732],[21.7458,65.6878],[21.7472,65.6868],[21.8001,65.6972],[21.7845,65.7115],[21.799,65.7131],[21.8324,65.7277],[21.8594,65.7366],[21.9286,65.7529],[21.8927,65.7827],[21.8893,65.7829],[21.8898,65.8012]]]}},{"type":"Feature","properties":{"code":"2583","name":"Haparanda"},"geometry":{"type":"Polygon","coordinates":[[[24.1412,65.8435],[24.1252,65.8515],[24.1255,65.8578],[24.1316,65.8631],[24.1531,65.8626],[24.1388,65.8763],[24.1329,65.888],[24.118,65.8948],[24.1151,65.9039],[24.11,65.9115],[24.1154,65.9176],[24.1183,65.9264],[24.1111,65.931],[24.0968,65.9297],[24.0884,65.9313],[24.0755,65.9433],[24.0565,65.9508],[24.0432,65.9621],[24.0415,65.9706],[24.052,65.9734],[24.0498,65.979],[24.0492,65.9942],[24.0457,66.0016],[24.0366,66.0096],[24.0136,66.0232],[23.9938,66.0375],[23.9829,66.0515],[23.9738,66.0587],[23.9619,66.065],[23.9601,66.0694],[23.9452,66.073],[23.9366,66.08],[23.9363,66.09],[23.9393,66.0989],[23.9453,66.1067],[23.9357,66.1122],[23.9416,66.12],[23.9257,66.1306],[23.914,66.136],[23.9151,66.1396],[23.9276,66.1454],[23.9299,66.1498],[23.9205,66.16],[23.9149,66.1623],[23.8976,66.1651],[23.8913,66.1678],[23.8789,66.1658],[23.8579,66.1624],[23.75,66.1393],[23.7747,66.1127],[23.683,66.0982],[23.6658,66.1158],[23.6596,66.1197],[23.5719,66.1002],[23.5779,66.0959],[23.5604,66.0916],[23.5539,66.0962],[23.5464,66.0946],[23.5491,66.0869],[23.5332,66.0843],[23.5268,66.0902],[23.3585,66.0526],[23.3319,66.0466],[23.3998,66.0149],[23.4158,66.002],[23.4729,65.9559],[23.5238,65.9209],[23.5993,65.8681],[23.5733,65.7942],[23.5701,65.7833],[23.5833,65.7821],[23.6086,65.7723],[23.6112,65.7608],[23.6174,65.734],[23.622,65.6908],[23.609,65.6465],[23.5786,65.6207],[23.6694,65.5348],[24.1584,65.6085],[24.1615,65.6193],[24.1776,65.6604],[24.1731,65.6729],[24.1648,65.6955],[24.1719,65.7256],[24.1317,65.7716],[24.1275,65.7784],[24.128,65.7846],[24.1337,65.7967],[24.1434,65.8026],[24.1552,65.8155],[24.1506,65.8279],[24.1472,65.8359],[24.1412,65.8435]],[[23.7965,66.1257],[23.7913,66.1368],[23.8077,66.1361],[23.815,66.1293],[23.7965,66.1257]]]}},{"type":"Feature","properties":{"code":"2584","name":"Kiruna"},"geometry":{"type":"Polygon","coordinates":[[[23.2864,68.1545],[23.2779,68.1574],[23.2603,68.1569],[23.2511,68.1493],[23.2286,68.1482],[23.2106,68.146],[23.2033,68.1408],[23.1833,68.1373],[23.1698,68.1331],[23.1523,68.1367],[23.1401,68.1554],[23.147,68.1713],[23.1419,68.1762],[23.1416,68.1818],[23.1508,68.1914],[23.1605,68.1941],[23.162,68.1981],[23.147,68.201],[23.1407,68.2078],[23.1449,68.2142],[23.1419,68.2185],[23.1515,68.23],[23.1516,68.2342],[23.142,68.2478],[23.1305,68.2484],[23.1103,68.2524],[23.0986,68.2593],[23.0771,68.2669],[23.0722,68.2749],[23.0646,68.2793],[23.064,68.2857],[23.0703,68.2945],[23.0701,68.3003],[23.0566,68.3074],[23.0372,68.3069],[22.9875,68.3198],[22.9767,68.3247],[22.9718,68.3322],[22.9173,68.3336],[22.9108,68.3362],[22.9057,68.3425],[22.8917,68.3492],[22.8754,68.3519],[22.857,68.3597],[22.8457,68.3608],[22.8349,68.3661],[22.8344,68.3699],[22.8451,68.3832],[22.8302,68.3869],[22.8083,68.3901],[22.8012,68.3934],[22.7792,68.3903],[22.7711,68.3866],[22.7581,68.3844],[22.737,68.3847],[22.73,68.3864],[22.7257,68.3942],[22.714,68.397],[22.6879,68.3995],[22.6901,68.4067],[22.6751,68.4123],[22.6685,68.412],[22.646,68.4168],[22.6396,68.4224],[22.6435,68.4314],[22.6357,68.4348],[22.6225,68.4343],[22.6177,68.4277],[22.5709,68.4227],[22.5553,68.4342],[22.5351,68.4345],[22.507,68.4421],[22.4829,68.4433],[22.4674,68.4416],[22.4594,68.448],[22.4367,68.4601],[22.4316,68.4649],[22.4212,68.4633],[22.4141,68.4665],[22.4032,68.4662],[22.3641,68.4482],[22.3526,68.4447],[22.3405,68.4461],[22.3454,68.4528],[22.3424,68.4564],[22.3489,68.4641],[22.3412,68.4687],[22.3478,68.4736],[22.3514,68.4812],[22.3384,68.4824],[22.3238,68.4812],[22.2988,68.4839],[22.2863,68.4793],[22.2675,68.4788],[22.2512,68.4823],[22.2238,68.4732],[22.2048,68.4797],[22.1925,68.4802],[22.1785,68.4777],[22.1529,68.4701],[22.1264,68.4724],[22.1228,68.4802],[22.1147,68.482],[22.1001,68.4787],[22.097,68.4813],[22.0761,68.4824],[22.0577,68.479],[22.0444,68.4793],[22.0111,68.4999],[22.0094,68.5088],[22.0039,68.5161],[21.996,68.5217],[22.0019,68.5259],[22.0061,68.5333],[21.9924,68.5338],[21.9807,68.5418],[21.9702,68.5461],[21.9683,68.5511],[21.9488,68.5555],[21.9355,68.5612],[21.9294,68.5666],[21.9059,68.5753],[21.9048,68.5783],[21.8871,68.5849],[21.8749,68.5853],[21.8396,68.5912],[21.8225,68.589],[21.8029,68.5885],[21.7989,68.5865],[21.7708,68.5857],[21.7216,68.5907],[21.7,68.5974],[21.6986,68.6138],[21.7117,68.6173],[21.7096,68.6254],[21.6975,68.6322],[21.6658,68.64],[21.6538,68.6472],[21.6268,68.6552],[21.624,68.662],[21.6049,68.6668],[21.5842,68.6678],[21.5711,68.6706],[21.5641,68.6757],[21.5299,68.6753],[21.5225,68.6773],[21.5114,68.6757],[21.4989,68.6771],[21.4753,68.682],[21.4659,68.6818],[21.4569,68.6868],[21.4291,68.6919],[21.4181,68.6985],[21.4227,68.7018],[21.413,68.7101],[21.4209,68.7168],[21.4097,68.7257],[21.415,68.7306],[21.4055,68.7362],[21.4068,68.7428],[21.4124,68.7481],[21.4021,68.7574],[21.3838,68.7648],[21.3669,68.7672],[21.3391,68.7632],[21.3312,68.7601],[21.3177,68.7594],[21.2962,68.7637],[21.2931,68.7678],[21.2779,68.7771],[21.2697,68.7803],[21.2525,68.798],[21.2538,68.8023],[21.2339,68.814],[21.2105,68.8179],[21.1942,68.8236],[21.1836,68.8257],[21.1718,68.8336],[21.1446,68.8401],[21.1412,68.8465],[21.1299,68.8493],[21.1284,68.8535],[21.1065,68.8597],[21.0776,68.865],[21.0768,68.8714],[21.0658,68.8742],[21.0452,68.8819],[21.031,68.8826],[21.0186,68.8896],[20.9909,68.8973],[20.9872,68.8923],[20.9759,68.893],[20.9645,68.8912],[20.9543,68.8972],[20.9356,68.8983],[20.9144,68.897],[20.9061,68.8915],[20.8879,68.8916],[20.8772,68.8947],[20.8942,68.8971],[20.9035,68.9005],[20.8904,68.9083],[20.8804,68.9182],[20.8523,68.9234],[20.8432,68.9367],[20.8718,68.9433],[20.8903,68.9414],[20.8949,68.9471],[20.9106,68.956],[20.9139,68.9615],[20.9113,68.9692],[20.9058,68.9732],[20.8836,68.9832],[20.8794,68.9868],[20.8667,68.9871],[20.8489,68.9913],[20.8346,68.9962],[20.8174,69.0088],[20.8134,69.0172],[20.7885,69.0273],[20.7715,69.033],[20.7311,69.0374],[20.7084,69.0429],[20.6687,69.0416],[20.6405,69.0437],[20.6179,69.047],[20.6095,69.0494],[20.5687,69.0567],[20.5592,69.0565],[20.5486,69.06],[20.3029,69.0526],[20.06,69.0458],[20.1082,69.0219],[20.2377,68.9561],[20.2627,68.9447],[20.3064,68.9262],[20.3217,68.8556],[20.3359,68.8023],[20.2737,68.7403],[20.2027,68.6659],[20.0521,68.591],[19.9375,68.5579],[20.0258,68.5308],[20.2264,68.4908],[20.1105,68.4438],[19.9779,68.3882],[19.9214,68.356],[19.7075,68.3939],[19.2314,68.4751],[18.9837,68.5169],[18.7402,68.5104],[18.6849,68.5085],[18.6211,68.5069],[18.5525,68.5328],[18.4856,68.5565],[18.4056,68.5819],[18.2998,68.5645],[18.1259,68.5365],[18.1177,68.4898],[18.1011,68.406],[18.1146,68.3404],[18.1388,68.249],[18.1511,68.1995],[18.1513,68.1988],[18.0956,68.1461],[18.0523,68.1082],[17.8997,67.9693],[18.1865,67.8951],[18.3519,67.8543],[18.7826,67.8521],[18.812,67.8509],[18.8388,67.8486],[18.8526,67.8445],[19.005,67.8573],[19.0818,67.8514],[19.13,67.8502],[19.1807,67.8508],[19.237,67.8481],[19.2492,67.8484],[19.3216,67.8563],[19.4082,67.8522],[19.451,67.8464],[19.4663,67.8436],[19.4844,67.8376],[19.5063,67.8361],[19.5383,67.8323],[19.5607,67.8309],[19.6042,67.8296],[19.6358,67.8281],[19.6341,67.8247],[19.6419,67.821],[19.6534,67.8223],[19.6638,67.8192],[19.702,67.8132],[19.7813,67.8149],[19.809,67.8056],[19.8132,67.8014],[19.8357,67.7959],[19.8525,67.7942],[19.873,67.7866],[19.924,67.7805],[19.9518,67.7737],[19.9639,67.7666],[19.9774,67.7633],[20.0091,67.7458],[20.0422,67.7427],[20.0555,67.7458],[20.0827,67.75],[20.118,67.7475],[20.1286,67.7427],[20.1515,67.7364],[20.1647,67.7308],[20.1785,67.7323],[20.2229,67.7218],[20.2581,67.7233],[20.273,67.7265],[20.2809,67.731],[20.3012,67.7309],[20.3164,67.7308],[20.3312,67.7349],[20.3523,67.7293],[20.3712,67.7203],[20.3783,67.7141],[20.4012,67.704],[20.4328,67.6976],[20.4486,67.6929],[20.4651,67.6911],[20.4706,67.6885],[20.4963,67.688],[20.5309,67.6803],[20.5333,67.678],[20.5495,67.6766],[20.5596,67.6729],[20.5729,67.6717],[20.5875,67.6655],[20.611,67.6629],[20.6239,67.6585],[20.6709,67.6481],[20.7021,67.6399],[20.7153,67.6338],[20.7159,67.6298],[20.7293,67.6274],[20.753,67.6194],[20.7725,67.614],[20.7735,67.6079],[20.7842,67.604],[20.8192,67.5938],[20.8242,67.5904],[20.8546,67.5817],[20.8579,67.5794],[20.8946,67.5665],[20.9057,67.5655],[20.917,67.5601],[20.916,67.5549],[20.9361,67.5504],[20.9571,67.5391],[20.9679,67.5359],[20.9696,67.5327],[20.9948,67.5261],[21.0154,67.5216],[21.0183,67.517],[21.0368,67.5119],[21.0432,67.5117],[21.0676,67.5016],[21.0679,67.4949],[21.0907,67.4904],[21.1101,67.4885],[21.127,67.4883],[21.1387,67.4855],[21.1676,67.484],[21.1856,67.4806],[21.2174,67.4814],[21.2366,67.4773],[21.2624,67.4733],[21.2948,67.4737],[21.3173,67.477],[21.3268,67.4816],[21.355,67.4848],[21.3878,67.475],[21.4187,67.4691],[21.4224,67.4715],[21.4408,67.4739],[21.4599,67.4713],[21.4662,67.475],[21.4775,67.4701],[21.5034,67.4703],[21.5418,67.4625],[21.6555,67.4568],[21.7849,67.4504],[21.8022,67.4482],[21.8219,67.4423],[21.8333,67.4375],[21.8432,67.4297],[21.865,67.4286],[21.8911,67.4198],[21.9098,67.4115],[21.9087,67.4049],[21.9189,67.3989],[21.9151,67.3958],[21.8854,67.3912],[21.8895,67.3858],[21.8979,67.3815],[21.9174,67.3772],[21.9314,67.3671],[21.9368,67.3666],[21.9539,67.3581],[21.9623,67.3562],[22.0171,67.396],[22.0589,67.4262],[22.1351,67.4975],[22.1951,67.5536],[22.2205,67.5718],[22.2102,67.574],[22.2151,67.5775],[22.2255,67.5754],[22.316,67.6402],[22.333,67.6367],[22.3418,67.6432],[22.3253,67.6467],[22.3913,67.6936],[22.4646,67.7459],[22.5926,67.7799],[22.674,67.8017],[22.8131,67.8387],[23.0269,67.9825],[23.2864,68.1545]]]}}]}
